port_a,port_b,lag,corr,pval,pval_corrected
Antwerp,Busan,1,-0.0069,0.7268,0.9387171643602816
Antwerp,Busan,2,-0.0372,0.0586,0.4440911680911681
Antwerp,Busan,3,-0.013,0.5092,0.8765185903653412
Antwerp,Busan,4,-0.013,0.5083,0.8762657161373946
Antwerp,Busan,5,0.0055,0.7781,0.9540866773675762
Antwerp,Busan,6,0.0363,0.0645,0.46370270270270275
Antwerp,Busan,7,0.0546,0.0055,0.11474509803921569
Antwerp,Busan,8,0.0241,0.2201,0.6867016317016318
Antwerp,Busan,9,0.0119,0.5444,0.8874816176470588
Antwerp,Busan,10,-0.0003,0.9891,0.9962927382753403
Antwerp,Busan,11,-0.0307,0.1186,0.5547668122270742
Antwerp,Busan,12,-0.0186,0.3453,0.7855064047822374
Antwerp,Busan,13,-0.0064,0.7437,0.9445248868778282
Antwerp,Busan,14,0.0179,0.3642,0.7939812168231931
Antwerp,Chiba,1,0.0017,0.93,0.9874707520891364
Antwerp,Chiba,2,-0.0094,0.6327,0.9158847199564981
Antwerp,Chiba,3,0.0017,0.9326,0.9874707520891364
Antwerp,Chiba,4,0.0016,0.9339,0.9876677265500796
Antwerp,Chiba,5,0.0243,0.217,0.6854433234421364
Antwerp,Chiba,6,0.008,0.6828,0.930151569277877
Antwerp,Chiba,7,0.0136,0.49,0.8657588840916638
Antwerp,Chiba,8,0.008,0.6852,0.930151569277877
Antwerp,Chiba,9,-0.0366,0.0626,0.456415300546448
Antwerp,Chiba,10,-0.0199,0.3108,0.7683345724907064
Antwerp,Chiba,11,-0.0255,0.1943,0.6644878048780487
Antwerp,Chiba,12,0.0023,0.9079,0.9833939393939395
Antwerp,Chiba,13,0.058,0.0032,0.08106666666666668
Antwerp,Chiba,14,-0.0145,0.4616,0.8523818118708781
Antwerp,Guangzhou (Nansha),1,-0.012,0.5424,0.8870475606014114
Antwerp,Guangzhou (Nansha),2,-0.0064,0.7463,0.9446126810733793
Antwerp,Guangzhou (Nansha),3,-0.012,0.5405,0.8870475606014114
Antwerp,Guangzhou (Nansha),4,-0.0346,0.078,0.48579199999999995
Antwerp,Guangzhou (Nansha),5,-0.0117,0.5522,0.8905635159542445
Antwerp,Guangzhou (Nansha),6,0.0004,0.9825,0.9956520746098211
Antwerp,Guangzhou (Nansha),7,0.0686,0.0005,0.019558823529411764
Antwerp,Guangzhou (Nansha),8,0.0117,0.5507,0.8905635159542445
Antwerp,Guangzhou (Nansha),9,-0.0224,0.2548,0.72118043135192
Antwerp,Guangzhou (Nansha),10,-0.0338,0.0858,0.500739934711643
Antwerp,Guangzhou (Nansha),11,-0.0225,0.2537,0.7202155816435432
Antwerp,Guangzhou (Nansha),12,0.0173,0.3794,0.8046791550418494
Antwerp,Guangzhou (Nansha),13,-0.0055,0.7812,0.9540866773675762
Antwerp,Guangzhou (Nansha),14,0.0627,0.0014,0.04407100591715976
Antwerp,Gwangyang (Kwangyang),1,0.0337,0.0865,0.500739934711643
Antwerp,Gwangyang (Kwangyang),2,0.0004,0.9833,0.9956520746098211
Antwerp,Gwangyang (Kwangyang),3,-0.0129,0.5113,0.8785904392764857
Antwerp,Gwangyang (Kwangyang),4,0.0137,0.4874,0.8639240506329113
Antwerp,Gwangyang (Kwangyang),5,0.0079,0.6895,0.9301939393939394
Antwerp,Gwangyang (Kwangyang),6,-0.0119,0.5451,0.8875888650963598
Antwerp,Gwangyang (Kwangyang),7,0.0484,0.0138,0.22273493975903613
Antwerp,Gwangyang (Kwangyang),8,0.0423,0.0315,0.3441067761806982
Antwerp,Gwangyang (Kwangyang),9,0.0221,0.2616,0.7253541017653167
Antwerp,Gwangyang (Kwangyang),10,-0.0116,0.5567,0.890824165915239
Antwerp,Gwangyang (Kwangyang),11,0.0019,0.9247,0.9874707520891364
Antwerp,Gwangyang (Kwangyang),12,0.022,0.2635,0.7267081389320892
Antwerp,Gwangyang (Kwangyang),13,-0.0116,0.5543,0.8905635159542445
Antwerp,Gwangyang (Kwangyang),14,0.0085,0.6657,0.923715179968701
Antwerp,Hong Kong,1,-0.008,0.6827,0.930151569277877
Antwerp,Hong Kong,2,-0.0143,0.4662,0.8528397260273972
Antwerp,Hong Kong,3,0.0044,0.8214,0.9670165526373868
Antwerp,Hong Kong,4,0.0357,0.0692,0.4771546391752577
Antwerp,Hong Kong,5,-0.0141,0.4748,0.855669376693767
Antwerp,Hong Kong,6,-0.0263,0.1808,0.6534347826086956
Antwerp,Hong Kong,7,-0.0075,0.7044,0.931033043478261
Antwerp,Hong Kong,8,-0.0138,0.4835,0.8605620608899297
Antwerp,Hong Kong,9,-0.0138,0.4827,0.8601378848728246
Antwerp,Hong Kong,10,0.0302,0.1246,0.5645714285714286
Antwerp,Hong Kong,11,-0.0076,0.7004,0.9308338745940545
Antwerp,Hong Kong,12,-0.0013,0.9471,0.9908012350443843
Antwerp,Hong Kong,13,-0.0013,0.946,0.9908012350443843
Antwerp,Hong Kong,14,0.0427,0.0301,0.3350041841004184
Antwerp,Kaohsiung,1,-0.0258,0.1884,0.6597500000000001
Antwerp,Kaohsiung,2,0.003,0.8805,0.9796734013747136
Antwerp,Kaohsiung,3,-0.0144,0.4647,0.8528397260273972
Antwerp,Kaohsiung,4,0.0087,0.6596,0.9195801047120419
Antwerp,Kaohsiung,5,-0.0314,0.1104,0.5368628884826325
Antwerp,Kaohsiung,6,-0.0137,0.4865,0.8638345563709139
Antwerp,Kaohsiung,7,-0.0311,0.1138,0.5454077407740775
Antwerp,Kaohsiung,8,0.0268,0.1728,0.64218410041841
Antwerp,Kaohsiung,9,0.0152,0.4399,0.8370057224606581
Antwerp,Kaohsiung,10,0.0326,0.098,0.5141617357001973
Antwerp,Kaohsiung,11,0.0325,0.0984,0.515244094488189
Antwerp,Kaohsiung,12,-0.0139,0.4813,0.8589453203622945
Antwerp,Kaohsiung,13,0.0035,0.8594,0.9780122543841115
Antwerp,Kaohsiung,14,-0.0081,0.6797,0.9300421810699588
Antwerp,Kobe,1,0.0279,0.1548,0.617343328335832
Antwerp,Kobe,2,0.0337,0.0859,0.500739934711643
Antwerp,Kobe,3,-0.0303,0.1228,0.5617334479793638
Antwerp,Kobe,4,0.0104,0.5969,0.9037189189189189
Antwerp,Kobe,5,0.0166,0.3971,0.818065764023211
Antwerp,Kobe,6,0.1048,0.0,0.0
Antwerp,Kobe,7,0.0346,0.0784,0.48579199999999995
Antwerp,Kobe,8,0.0229,0.2449,0.7124325505188421
Antwerp,Kobe,9,-0.0415,0.0348,0.3594873786407767
Antwerp,Kobe,10,-0.0181,0.3566,0.7939812168231931
Antwerp,Kobe,11,-0.0123,0.5313,0.8859442181134439
Antwerp,Kobe,12,-0.0299,0.1287,0.57057
Antwerp,Kobe,13,0.0286,0.1466,0.5994711760184473
Antwerp,Kobe,14,-0.0007,0.9713,0.9929644572526417
Antwerp,Mizushima,1,0.0039,0.8419,0.9751595906814718
Antwerp,Mizushima,2,-0.0261,0.1836,0.6573028263795424
Antwerp,Mizushima,3,-0.0202,0.3052,0.7643275294117647
Antwerp,Mizushima,4,-0.0262,0.1828,0.6562051282051281
Antwerp,Mizushima,5,-0.0138,0.4816,0.8590828025477707
Antwerp,Mizushima,6,0.0287,0.1438,0.5948313908313908
Antwerp,Mizushima,7,0.0227,0.2488,0.7151710739341608
Antwerp,Mizushima,8,-0.0075,0.7023,0.9309337319382163
Antwerp,Mizushima,9,-0.0196,0.3187,0.774193607305936
Antwerp,Mizushima,10,-0.0015,0.9376,0.989144669044788
Antwerp,Mizushima,11,-0.0257,0.1914,0.6637861799217731
Antwerp,Mizushima,12,-0.0257,0.191,0.6636969301110386
Antwerp,Mizushima,13,-0.0197,0.3162,0.7708273018781494
Antwerp,Mizushima,14,0.0225,0.2535,0.7202155816435432
Antwerp,Nagoya,1,0.0308,0.1165,0.5504099378881988
Antwerp,Nagoya,2,0.0198,0.3139,0.7688794848206072
Antwerp,Nagoya,3,0.014,0.476,0.8566223422207223
Antwerp,Nagoya,4,0.014,0.477,0.8566223422207223
Antwerp,Nagoya,5,0.0259,0.187,0.6580646864686469
Antwerp,Nagoya,6,0.0437,0.0261,0.30651655629139074
Antwerp,Nagoya,7,0.009,0.6461,0.9173098666666666
Antwerp,Nagoya,8,-0.0026,0.8966,0.9816653632434656
Antwerp,Nagoya,9,-0.0084,0.6707,0.9261711618257261
Antwerp,Nagoya,10,-0.0431,0.0285,0.323974358974359
Antwerp,Nagoya,11,-0.0373,0.0578,0.4439657631954351
Antwerp,Nagoya,12,0.0089,0.6518,0.9183082209886334
Antwerp,Nagoya,13,0.0089,0.653,0.9183082209886334
Antwerp,Nagoya,14,0.0204,0.3006,0.7597111638954869
Antwerp,Ningbo,1,-0.0158,0.4215,0.8271412762818147
Antwerp,Ningbo,2,-0.033,0.0935,0.5084979919678715
Antwerp,Ningbo,3,-0.0101,0.6057,0.9076969014084508
Antwerp,Ningbo,4,-0.0102,0.6047,0.9071147448548068
Antwerp,Ningbo,5,0.0131,0.5055,0.8730256410256412
Antwerp,Ningbo,6,-0.0094,0.6316,0.9158847199564981
Antwerp,Ningbo,7,-0.0152,0.4397,0.8369245080500894
Antwerp,Ningbo,8,-0.0038,0.8488,0.9761573373676248
Antwerp,Ningbo,9,-0.0038,0.8476,0.9757170056252704
Antwerp,Ningbo,10,0.0191,0.3306,0.7820972043010752
Antwerp,Ningbo,11,0.0076,0.698,0.9308338745940545
Antwerp,Ningbo,12,0.0019,0.9244,0.9874707520891364
Antwerp,Ningbo,13,0.0363,0.0654,0.46701744966442954
Antwerp,Ningbo,14,0.0018,0.9269,0.9874707520891364
Antwerp,Port Klang,1,-0.0143,0.4664,0.8528397260273972
Antwerp,Port Klang,2,-0.0143,0.4656,0.8528397260273972
Antwerp,Port Klang,3,-0.0317,0.1071,0.5349943714821763
Antwerp,Port Klang,4,0.0144,0.4632,0.8528397260273972
Antwerp,Port Klang,5,0.0095,0.6288,0.915680437756498
Antwerp,Port Klang,6,0.0041,0.8342,0.9725934692088539
Antwerp,Port Klang,7,-0.0133,0.4977,0.8712615992102665
Antwerp,Port Klang,8,-0.0366,0.0627,0.456415300546448
Antwerp,Port Klang,9,-0.0483,0.0141,0.22391641791044775
Antwerp,Port Klang,10,-0.0309,0.1169,0.5513368794326241
Antwerp,Port Klang,11,-0.0251,0.2026,0.6747317073170732
Antwerp,Port Klang,12,-0.0193,0.3269,0.7799177101967799
Antwerp,Port Klang,13,0.0155,0.4304,0.8311776649746194
Antwerp,Port Klang,14,-0.0252,0.2012,0.6740453400503778
Antwerp,Qingdao,1,0.0137,0.487,0.8639013004334778
Antwerp,Qingdao,2,0.0081,0.6818,0.930151569277877
Antwerp,Qingdao,3,-0.0031,0.8744,0.9784640605296342
Antwerp,Qingdao,4,0.0247,0.2089,0.6803743119266055
Antwerp,Qingdao,5,0.0084,0.6682,0.924291211648466
Antwerp,Qingdao,6,-0.0079,0.6869,0.9301939393939394
Antwerp,Qingdao,7,-0.0136,0.4908,0.866374792703151
Antwerp,Qingdao,8,-0.0024,0.9032,0.9833939393939395
Antwerp,Qingdao,9,-0.008,0.6836,0.930151569277877
Antwerp,Qingdao,10,0.0148,0.4533,0.8469410112359551
Antwerp,Qingdao,11,-0.0301,0.1256,0.5662644067796611
Antwerp,Qingdao,12,0.0147,0.4553,0.8486710940230688
Antwerp,Qingdao,13,0.0147,0.4564,0.8486710940230688
Antwerp,Qingdao,14,0.0146,0.4574,0.8498639693058947
Antwerp,Rotterdam,1,0.0405,0.0393,0.371360568383659
Antwerp,Rotterdam,2,-0.0077,0.6948,0.930632134774956
Antwerp,Rotterdam,3,-0.0017,0.9303,0.9874707520891364
Antwerp,Rotterdam,4,-0.0198,0.3136,0.7688794848206072
Antwerp,Rotterdam,5,0.0107,0.5866,0.8994939481268012
Antwerp,Rotterdam,6,0.0353,0.0726,0.480722891566265
Antwerp,Rotterdam,7,0.0171,0.3841,0.8085138339920949
Antwerp,Rotterdam,8,-0.0253,0.199,0.669203539823009
Antwerp,Rotterdam,9,-0.0132,0.5026,0.8730256410256412
Antwerp,Rotterdam,10,-0.0374,0.0571,0.4439657631954351
Antwerp,Rotterdam,11,-0.0496,0.0118,0.2048802588996764
Antwerp,Rotterdam,12,0.0291,0.1396,0.5870924901185771
Antwerp,Rotterdam,13,0.017,0.3894,0.8140769230769231
Antwerp,Rotterdam,14,0.0835,0.0,0.0
Antwerp,Sakai-Semboku,1,0.0245,0.2124,0.6818455971049457
Antwerp,Sakai-Semboku,2,-0.0164,0.4035,0.8215154994259473
Antwerp,Sakai-Semboku,3,0.0131,0.5049,0.8730256410256412
Antwerp,Sakai-Semboku,4,-0.0047,0.8128,0.9670165526373868
Antwerp,Sakai-Semboku,5,-0.0043,0.8275,0.9696978227402683
Antwerp,Sakai-Semboku,6,0.0436,0.0265,0.3078165938864629
Antwerp,Sakai-Semboku,7,0.0198,0.3135,0.7688794848206072
Antwerp,Sakai-Semboku,8,-0.0277,0.1586,0.62223598820059
Antwerp,Sakai-Semboku,9,-0.004,0.839,0.9737085514834205
Antwerp,Sakai-Semboku,10,-0.004,0.8378,0.9737085514834205
Antwerp,Sakai-Semboku,11,-0.0159,0.4181,0.824314190440904
Antwerp,Sakai-Semboku,12,-0.0397,0.0435,0.3929032258064516
Antwerp,Sakai-Semboku,13,0.0137,0.4863,0.8638116861435726
Antwerp,Sakai-Semboku,14,0.0077,0.6944,0.930632134774956
Antwerp,Shanghai (Pudong),1,-0.0108,0.5812,0.8983482298316889
Antwerp,Shanghai (Pudong),2,0.0111,0.5719,0.8965939893930465
Antwerp,Shanghai (Pudong),3,0.0001,0.9965,0.998476836158192
Antwerp,Shanghai (Pudong),4,-0.0161,0.4136,0.8231541325390915
Antwerp,Shanghai (Pudong),5,0.0009,0.965,0.9908012350443843
Antwerp,Shanghai (Pudong),6,0.0234,0.2336,0.69825
Antwerp,Shanghai (Pudong),7,0.0455,0.0206,0.26664720194647207
Antwerp,Shanghai (Pudong),8,0.0178,0.3649,0.7939812168231931
Antwerp,Shanghai (Pudong),9,0.0012,0.9518,0.9908012350443843
Antwerp,Shanghai (Pudong),10,0.0344,0.0807,0.4884232081911262
Antwerp,Shanghai (Pudong),11,0.0454,0.021,0.2705084745762712
Antwerp,Shanghai (Pudong),12,0.0011,0.9557,0.9908012350443843
Antwerp,Shanghai (Pudong),13,0.0121,0.5378,0.8868865468071915
Antwerp,Shanghai (Pudong),14,0.0121,0.539,0.8869409217445099
Antwerp,Singapore,1,-0.0442,0.0245,0.29555555555555557
Antwerp,Singapore,2,0.0101,0.6075,0.909113924050633
Antwerp,Singapore,3,-0.0103,0.6007,0.9060130348540663
Antwerp,Singapore,4,-0.0171,0.3844,0.8085138339920949
Antwerp,Singapore,5,-0.0032,0.8704,0.9781427967891846
Antwerp,Singapore,6,0.0176,0.3716,0.7973580048270313
Antwerp,Singapore,7,0.0448,0.0226,0.2822347417840375
Antwerp,Singapore,8,-0.0029,0.8813,0.9796734013747136
Antwerp,Singapore,9,-0.0234,0.2338,0.69825
Antwerp,Singapore,10,-0.0235,0.2334,0.69825
Antwerp,Singapore,11,0.0038,0.8466,0.9757170056252704
Antwerp,Singapore,12,-0.003,0.8774,0.9795006294586655
Antwerp,Singapore,13,0.0379,0.0544,0.4338950524737631
Antwerp,Singapore,14,0.0378,0.0546,0.4348383233532934
Antwerp,Tianjin Xin Gang,1,0.0005,0.9788,0.994122947689958
Antwerp,Tianjin Xin Gang,2,-0.0166,0.3995,0.818697996918336
Antwerp,Tianjin Xin Gang,3,-0.0052,0.7905,0.9555938209904588
Antwerp,Tianjin Xin Gang,4,0.0061,0.7558,0.9481188118811881
Antwerp,Tianjin Xin Gang,5,0.0236,0.2296,0.6959954415954416
Antwerp,Tianjin Xin Gang,6,-0.0273,0.1647,0.631270893371758
Antwerp,Tianjin Xin Gang,7,0.0298,0.1301,0.5714723825226711
Antwerp,Tianjin Xin Gang,8,0.0069,0.7263,0.9387171643602816
Antwerp,Tianjin Xin Gang,9,-0.0388,0.0483,0.40981818181818186
Antwerp,Tianjin Xin Gang,10,-0.0217,0.2694,0.7284266124936516
Antwerp,Tianjin Xin Gang,11,0.0125,0.5251,0.8843658227848101
Antwerp,Tianjin Xin Gang,12,-0.01,0.6118,0.9106413407821229
Antwerp,Tianjin Xin Gang,13,-0.0329,0.0944,0.5084979919678715
Antwerp,Tianjin Xin Gang,14,0.03,0.1273,0.5684140233722872
Antwerp,Ulsan,1,0.0067,0.7342,0.940837656099904
Antwerp,Ulsan,2,-0.008,0.6838,0.930151569277877
Antwerp,Ulsan,3,-0.0007,0.9715,0.9929644572526417
Antwerp,Ulsan,4,-0.0007,0.9706,0.9929644572526417
Antwerp,Ulsan,5,0.0143,0.4681,0.8528397260273972
Antwerp,Ulsan,6,0.0588,0.0028,0.07374257425742574
Antwerp,Ulsan,7,0.0072,0.7137,0.9356494337764648
Antwerp,Ulsan,8,0.0219,0.2651,0.7277254901960785
Antwerp,Ulsan,9,0.0072,0.7155,0.9366289370078741
Antwerp,Ulsan,10,0.0071,0.7165,0.937015732546706
Antwerp,Ulsan,11,-0.0002,0.9903,0.9962927382753403
Antwerp,Ulsan,12,0.0071,0.7183,0.9370973277764157
Antwerp,Ulsan,13,0.0218,0.268,0.7284266124936516
Antwerp,Ulsan,14,0.0439,0.0258,0.3048407079646017
Antwerp,Yokohama,1,0.046,0.0192,0.256
Antwerp,Yokohama,2,-0.0109,0.58,0.8983482298316889
Antwerp,Yokohama,3,-0.0052,0.7905,0.9555938209904588
Antwerp,Yokohama,4,-0.0109,0.578,0.8983482298316889
Antwerp,Yokohama,5,-0.0163,0.4082,0.8225461393596986
Antwerp,Yokohama,6,0.0526,0.0074,0.14473529411764707
Antwerp,Yokohama,7,0.0469,0.017,0.24117333333333335
Antwerp,Yokohama,8,0.024,0.222,0.686870424171993
Antwerp,Yokohama,9,-0.0217,0.27,0.7285384615384616
Antwerp,Yokohama,10,-0.016,0.4155,0.8231541325390915
Antwerp,Yokohama,11,-0.0275,0.1627,0.6267661115133961
Antwerp,Yokohama,12,-0.0332,0.0914,0.5084979919678715
Antwerp,Yokohama,13,0.0182,0.3564,0.7939812168231931
Antwerp,Yokohama,14,0.0296,0.1334,0.5762974939369443
Busan,Antwerp,1,-0.0004,0.9832,0.9956520746098211
Busan,Antwerp,2,0.0117,0.5518,0.8905635159542445
Busan,Antwerp,3,0.0117,0.5529,0.8905635159542445
Busan,Antwerp,4,0.048,0.0145,0.2255555555555556
Busan,Antwerp,5,0.0177,0.3686,0.795733874239351
Busan,Antwerp,6,-0.0006,0.9775,0.994122947689958
Busan,Antwerp,7,0.0055,0.7804,0.9540866773675762
Busan,Antwerp,8,0.0237,0.2291,0.6952721049629208
Busan,Antwerp,9,0.0119,0.5444,0.8874816176470588
Busan,Antwerp,10,-0.0124,0.5274,0.88593874329018
Busan,Antwerp,11,-0.0003,0.988,0.9962927382753403
Busan,Antwerp,12,0.0179,0.3625,0.7939812168231931
Busan,Antwerp,13,-0.0305,0.122,0.5609680207433017
Busan,Antwerp,14,0.0183,0.3522,0.7919289940828402
Busan,Chiba,1,0.0651,0.0009,0.031920000000000004
Busan,Chiba,2,0.0306,0.1189,0.5547668122270742
Busan,Chiba,3,-0.0038,0.847,0.9757170056252704
Busan,Chiba,4,0.0134,0.4962,0.8701311367380561
Busan,Chiba,5,0.0076,0.6986,0.9308338745940545
Busan,Chiba,6,0.0133,0.4983,0.8717382439986847
Busan,Chiba,7,-0.0154,0.4342,0.8333131313131313
Busan,Chiba,8,-0.0097,0.6227,0.9136138996138996
Busan,Chiba,9,-0.004,0.8399,0.9739032258064516
Busan,Chiba,10,0.0132,0.5025,0.8730256410256412
Busan,Chiba,11,-0.004,0.8375,0.9737085514834205
Busan,Chiba,12,-0.0041,0.8364,0.9737085514834205
Busan,Chiba,13,-0.0098,0.6176,0.9122525616172805
Busan,Chiba,14,0.0188,0.3395,0.7820972043010752
Busan,Guangzhou (Nansha),1,0.0343,0.0807,0.4884232081911262
Busan,Guangzhou (Nansha),2,0.0109,0.5782,0.8983482298316889
Busan,Guangzhou (Nansha),3,0.0167,0.3945,0.8163127187864644
Busan,Guangzhou (Nansha),4,-0.0008,0.9672,0.9917201772981308
Busan,Guangzhou (Nansha),5,0.005,0.7993,0.9602185594942425
Busan,Guangzhou (Nansha),6,0.0054,0.7849,0.9541238291066941
Busan,Guangzhou (Nansha),7,0.0053,0.7861,0.9542742413871776
Busan,Guangzhou (Nansha),8,0.0229,0.2451,0.7124325505188421
Busan,Guangzhou (Nansha),9,0.0228,0.2458,0.712804785209353
Busan,Guangzhou (Nansha),10,0.017,0.3889,0.8137947306331105
Busan,Guangzhou (Nansha),11,0.0169,0.3899,0.8140769230769231
Busan,Guangzhou (Nansha),12,-0.0182,0.3547,0.7938594867480018
Busan,Guangzhou (Nansha),13,-0.0124,0.529,0.8859414910349166
Busan,Guangzhou (Nansha),14,0.0285,0.1472,0.6009478527607361
Busan,Gwangyang (Kwangyang),1,0.1153,0.0,0.0
Busan,Gwangyang (Kwangyang),2,-0.0085,0.6654,0.9235397860683537
Busan,Gwangyang (Kwangyang),3,-0.0292,0.138,0.5845222929936307
Busan,Gwangyang (Kwangyang),4,-0.0017,0.9322,0.9874707520891364
Busan,Gwangyang (Kwangyang),5,-0.0081,0.6786,0.929254054054054
Busan,Gwangyang (Kwangyang),6,-0.0358,0.0689,0.4767272727272727
Busan,Gwangyang (Kwangyang),7,-0.0013,0.9475,0.9908012350443843
Busan,Gwangyang (Kwangyang),8,0.0338,0.0862,0.500739934711643
Busan,Gwangyang (Kwangyang),9,0.0199,0.3123,0.7688273947246645
Busan,Gwangyang (Kwangyang),10,-0.0217,0.2704,0.7285384615384616
Busan,Gwangyang (Kwangyang),11,-0.0009,0.9619,0.9908012350443843
Busan,Gwangyang (Kwangyang),12,-0.0217,0.2695,0.7284266124936516
Busan,Gwangyang (Kwangyang),13,0.0059,0.7632,0.9513250643575942
Busan,Gwangyang (Kwangyang),14,-0.0079,0.6869,0.9301939393939394
Busan,Hong Kong,1,0.0163,0.4071,0.8225461393596986
Busan,Hong Kong,2,0.0227,0.2472,0.7139543973941368
Busan,Hong Kong,3,0.0098,0.6196,0.9125891472868217
Busan,Hong Kong,4,-0.0032,0.8697,0.9780122543841115
Busan,Hong Kong,5,0.0032,0.8696,0.9780122543841115
Busan,Hong Kong,6,-0.0098,0.6199,0.9127783005812344
Busan,Hong Kong,7,0.0161,0.4122,0.8227441860465116
Busan,Hong Kong,8,0.0096,0.6246,0.9141325997248968
Busan,Hong Kong,9,0.0226,0.2516,0.7177008042895442
Busan,Hong Kong,10,-0.0034,0.8636,0.9780122543841115
Busan,Hong Kong,11,-0.0228,0.2458,0.712804785209353
Busan,Hong Kong,12,0.0095,0.6286,0.915680437756498
Busan,Hong Kong,13,-0.0035,0.8605,0.9780122543841115
Busan,Hong Kong,14,-0.01,0.6128,0.9106413407821229
Busan,Kaohsiung,1,0.0326,0.0968,0.5129243027888446
Busan,Kaohsiung,2,-0.0092,0.6414,0.9166747246843943
Busan,Kaohsiung,3,0.0087,0.6577,0.9189852941176472
Busan,Kaohsiung,4,0.0146,0.4563,0.8486710940230688
Busan,Kaohsiung,5,0.0087,0.6599,0.9195801047120419
Busan,Kaohsiung,6,-0.0033,0.8666,0.9780122543841115
Busan,Kaohsiung,7,-0.0093,0.6364,0.9164693822497976
Busan,Kaohsiung,8,-0.0093,0.6354,0.9164693822497976
Busan,Kaohsiung,9,0.0205,0.2983,0.7578586437440307
Busan,Kaohsiung,10,0.0204,0.299,0.758550309966619
Busan,Kaohsiung,11,0.0025,0.8984,0.9820615258408532
Busan,Kaohsiung,12,-0.0512,0.0093,0.17179166666666665
Busan,Kaohsiung,13,-0.0154,0.433,0.8331139240506329
Busan,Kaohsiung,14,0.0084,0.67,0.9257159179433915
Busan,Kobe,1,0.0586,0.0028,0.07374257425742574
Busan,Kobe,2,0.0465,0.0178,0.2472480417754569
Busan,Kobe,3,0.0164,0.4038,0.8217009560229445
Busan,Kobe,4,-0.0318,0.1057,0.532
Busan,Kobe,5,-0.0138,0.484,0.8608759612169843
Busan,Kobe,6,-0.0017,0.9293,0.9874707520891364
Busan,Kobe,7,-0.0018,0.9281,0.9874707520891364
Busan,Kobe,8,0.0163,0.4083,0.8225461393596986
Busan,Kobe,9,0.0343,0.0812,0.4886696832579185
Busan,Kobe,10,0.0102,0.6048,0.9071147448548068
Busan,Kobe,11,-0.02,0.3106,0.7681971176197118
Busan,Kobe,12,-0.026,0.1864,0.6580646864686469
Busan,Kobe,13,-0.014,0.4773,0.8566923076923076
Busan,Kobe,14,-0.008,0.6847,0.930151569277877
Busan,Mizushima,1,0.0964,0.0,0.0
Busan,Mizushima,2,0.0157,0.4256,0.8299355783308932
Busan,Mizushima,3,-0.003,0.8785,0.9796734013747136
Busan,Mizushima,4,-0.0217,0.2704,0.7285384615384616
Busan,Mizushima,5,-0.0093,0.6373,0.9164693822497976
Busan,Mizushima,6,-0.0093,0.6364,0.9164693822497976
Busan,Mizushima,7,-0.0155,0.4296,0.8310807272727273
Busan,Mizushima,8,0.0093,0.6371,0.9164693822497976
Busan,Mizushima,9,0.0093,0.6381,0.9164693822497976
Busan,Mizushima,10,-0.0094,0.6326,0.9158847199564981
Busan,Mizushima,11,-0.0281,0.1538,0.6138154538634658
Busan,Mizushima,12,-0.0219,0.2662,0.7281869542886492
Busan,Mizushima,13,0.0216,0.2733,0.7339505300353357
Busan,Mizushima,14,0.0091,0.6435,0.9173098666666666
Busan,Nagoya,1,0.1207,0.0,0.0
Busan,Nagoya,2,0.0678,0.0006,0.0228
Busan,Nagoya,3,0.0083,0.673,0.9267450980392158
Busan,Nagoya,4,-0.0036,0.8534,0.977835020460909
Busan,Nagoya,5,0.032,0.1032,0.52689443378119
Busan,Nagoya,6,0.0023,0.9085,0.9833939393939395
Busan,Nagoya,7,0.0022,0.9097,0.9836818181818182
Busan,Nagoya,8,0.0022,0.9109,0.9836818181818182
Busan,Nagoya,9,0.0319,0.1047,0.5294762808349146
Busan,Nagoya,10,0.014,0.4755,0.856350710900474
Busan,Nagoya,11,-0.0276,0.1603,0.6248087591240875
Busan,Nagoya,12,-0.0039,0.8444,0.9757170056252704
Busan,Nagoya,13,0.0259,0.1891,0.6609802890932982
Busan,Nagoya,14,0.0139,0.4794,0.8575682582380633
Busan,Ningbo,1,0.0012,0.9505,0.9908012350443843
Busan,Ningbo,2,-0.0106,0.5888,0.9003782696177063
Busan,Ningbo,3,-0.0047,0.8092,0.9659277864992151
Busan,Ningbo,4,0.0011,0.9541,0.9908012350443843
Busan,Ningbo,5,-0.0521,0.0081,0.1539
Busan,Ningbo,6,-0.0226,0.2514,0.7175150214592275
Busan,Ningbo,7,0.007,0.7238,0.9387171643602816
Busan,Ningbo,8,0.0128,0.5143,0.8794913294797689
Busan,Ningbo,9,0.0069,0.7261,0.9387171643602816
Busan,Ningbo,10,0.0246,0.2115,0.6813333333333333
Busan,Ningbo,11,-0.0109,0.5801,0.8983482298316889
Busan,Ningbo,12,0.0127,0.5185,0.8804990427568604
Busan,Ningbo,13,-0.0346,0.079,0.48579199999999995
Busan,Ningbo,14,-0.0228,0.2471,0.7139543973941368
Busan,Port Klang,1,0.0088,0.6555,0.9186670179135933
Busan,Port Klang,2,0.0028,0.8877,0.980906036092097
Busan,Port Klang,3,0.0087,0.6577,0.9189852941176472
Busan,Port Klang,4,0.0266,0.1764,0.6498947368421053
Busan,Port Klang,5,0.0031,0.8751,0.9784640605296342
Busan,Port Klang,6,0.009,0.6458,0.9173098666666666
Busan,Port Klang,7,0.021,0.2864,0.7492920962199312
Busan,Port Klang,8,-0.009,0.649,0.9183082209886334
Busan,Port Klang,9,-0.0389,0.0481,0.4096230031948882
Busan,Port Klang,10,0.0149,0.4489,0.8439138722202613
Busan,Port Klang,11,-0.027,0.1704,0.6370541110330288
Busan,Port Klang,12,-0.0091,0.645,0.9173098666666666
Busan,Port Klang,13,-0.039,0.0476,0.4084387096774194
Busan,Port Klang,14,-0.0031,0.8729,0.9784640605296342
Busan,Qingdao,1,-0.003,0.8791,0.9796734013747136
Busan,Qingdao,2,0.0085,0.6654,0.9235397860683537
Busan,Qingdao,3,-0.0088,0.654,0.9183985220374768
Busan,Qingdao,4,-0.0204,0.3004,0.7597111638954869
Busan,Qingdao,5,-0.0031,0.8743,0.9784640605296342
Busan,Qingdao,6,-0.0147,0.456,0.8486710940230688
Busan,Qingdao,7,-0.0089,0.6498,0.9183082209886334
Busan,Qingdao,8,-0.0032,0.8708,0.9782913851351351
Busan,Qingdao,9,0.0083,0.6736,0.9267450980392158
Busan,Qingdao,10,0.0087,0.6599,0.9195801047120419
Busan,Qingdao,11,-0.0029,0.8822,0.9796734013747136
Busan,Qingdao,12,-0.0145,0.4616,0.8523818118708781
Busan,Qingdao,13,0.0143,0.4664,0.8528397260273972
Busan,Qingdao,14,0.0028,0.8883,0.980906036092097
Busan,Rotterdam,1,-0.0088,0.6552,0.9186670179135933
Busan,Rotterdam,2,-0.0026,0.8958,0.9816653632434656
Busan,Rotterdam,3,-0.0213,0.2788,0.741503248375812
Busan,Rotterdam,4,-0.0089,0.6524,0.9183082209886334
Busan,Rotterdam,5,-0.0027,0.8926,0.9816653632434656
Busan,Rotterdam,6,-0.0276,0.1605,0.6248087591240875
Busan,Rotterdam,7,-0.0089,0.6495,0.9183082209886334
Busan,Rotterdam,8,0.0035,0.8592,0.9780122543841115
Busan,Rotterdam,9,0.0097,0.6224,0.9136138996138996
Busan,Rotterdam,10,0.0159,0.4194,0.8256325323475046
Busan,Rotterdam,11,0.0159,0.4203,0.8257001477104874
Busan,Rotterdam,12,-0.0091,0.6447,0.9173098666666666
Busan,Rotterdam,13,-0.034,0.084,0.4948837209302326
Busan,Rotterdam,14,0.0033,0.866,0.9780122543841115
Busan,Sakai-Semboku,1,0.0797,0.0,0.0
Busan,Sakai-Semboku,2,0.013,0.5085,0.8762758174166396
Busan,Sakai-Semboku,3,-0.0176,0.3704,0.7961729292929293
Busan,Sakai-Semboku,4,-0.0115,0.5579,0.8910321224857399
Busan,Sakai-Semboku,5,0.019,0.3333,0.7820972043010752
Busan,Sakai-Semboku,6,0.0007,0.9735,0.9936722947045281
Busan,Sakai-Semboku,7,0.0006,0.9747,0.9939088471849865
Busan,Sakai-Semboku,8,-0.03,0.1275,0.5684140233722872
Busan,Sakai-Semboku,9,0.0006,0.977,0.994122947689958
Busan,Sakai-Semboku,10,-0.0239,0.2241,0.6878414704192992
Busan,Sakai-Semboku,11,-0.0056,0.7759,0.9540866773675762
Busan,Sakai-Semboku,12,-0.024,0.2232,0.6871666666666666
Busan,Sakai-Semboku,13,0.0249,0.2057,0.6780198265179678
Busan,Sakai-Semboku,14,0.0188,0.3405,0.7820972043010752
Busan,Shanghai (Pudong),1,-0.0166,0.3991,0.818697996918336
Busan,Shanghai (Pudong),2,0.0118,0.5475,0.8896456933414784
Busan,Shanghai (Pudong),3,-0.0166,0.3975,0.818065764023211
Busan,Shanghai (Pudong),4,-0.0163,0.4065,0.8225461393596986
Busan,Shanghai (Pudong),5,-0.0391,0.0465,0.4037346278317152
Busan,Shanghai (Pudong),6,-0.0278,0.1578,0.62223598820059
Busan,Shanghai (Pudong),7,0.0007,0.9725,0.9933389635316698
Busan,Shanghai (Pudong),8,0.0063,0.7471,0.9446126810733793
Busan,Shanghai (Pudong),9,0.0234,0.2342,0.69825
Busan,Shanghai (Pudong),10,0.0234,0.2349,0.69825
Busan,Shanghai (Pudong),11,0.0176,0.3699,0.7960631067961166
Busan,Shanghai (Pudong),12,-0.0109,0.5809,0.8983482298316889
Busan,Shanghai (Pudong),13,-0.0223,0.2575,0.72118043135192
Busan,Shanghai (Pudong),14,-0.0052,0.7904,0.9555938209904588
Busan,Singapore,1,0.0222,0.2584,0.7220000000000001
Busan,Singapore,2,-0.0199,0.3103,0.7681971176197118
Busan,Singapore,3,0.0081,0.6796,0.9300421810699588
Busan,Singapore,4,-0.013,0.5095,0.8765185903653412
Busan,Singapore,5,-0.013,0.5088,0.8762758174166396
Busan,Singapore,6,0.0151,0.4436,0.8398405693950177
Busan,Singapore,7,0.008,0.6834,0.930151569277877
Busan,Singapore,8,-0.0411,0.0364,0.366
Busan,Singapore,9,0.0361,0.0668,0.4706966887417218
Busan,Singapore,10,0.0009,0.9623,0.9908012350443843
Busan,Singapore,11,-0.0061,0.756,0.9481188118811881
Busan,Singapore,12,0.0149,0.4485,0.8439138722202613
Busan,Singapore,13,0.0149,0.4493,0.8439138722202613
Busan,Singapore,14,0.0289,0.142,0.591111111111111
Busan,Tianjin Xin Gang,1,-0.0113,0.5645,0.8924074844074843
Busan,Tianjin Xin Gang,2,0.0416,0.0344,0.3591780821917809
Busan,Tianjin Xin Gang,3,0.0415,0.0345,0.3591780821917809
Busan,Tianjin Xin Gang,4,-0.0055,0.7785,0.9540866773675762
Busan,Tianjin Xin Gang,5,-0.0114,0.5608,0.8914723049434187
Busan,Tianjin Xin Gang,6,0.0238,0.226,0.6897991967871486
Busan,Tianjin Xin Gang,7,0.0003,0.9894,0.9962927382753403
Busan,Tianjin Xin Gang,8,-0.035,0.0748,0.480722891566265
Busan,Tianjin Xin Gang,9,0.0002,0.9918,0.9970476190476191
Busan,Tianjin Xin Gang,10,-0.0175,0.3748,0.7994931836407378
Busan,Tianjin Xin Gang,11,0.0001,0.9942,0.997675594115428
Busan,Tianjin Xin Gang,12,0.0005,0.9796,0.9942777565814575
Busan,Tianjin Xin Gang,13,0.0241,0.2219,0.686870424171993
Busan,Tianjin Xin Gang,14,0.0063,0.7475,0.9446126810733793
Busan,Ulsan,1,0.1022,0.0,0.0
Busan,Ulsan,2,-0.0343,0.0811,0.4886696832579185
Busan,Ulsan,3,0.0036,0.8543,0.9780122543841115
Busan,Ulsan,4,0.0112,0.57,0.896521430682826
Busan,Ulsan,5,-0.004,0.8382,0.9737085514834205
Busan,Ulsan,6,0.0187,0.3415,0.7820972043010752
Busan,Ulsan,7,0.0111,0.5725,0.8971134020618556
Busan,Ulsan,8,0.0414,0.0353,0.3632417794970986
Busan,Ulsan,9,-0.0041,0.8348,0.973079754601227
Busan,Ulsan,10,0.0035,0.8606,0.9780122543841115
Busan,Ulsan,11,-0.0117,0.5513,0.8905635159542445
Busan,Ulsan,12,0.0034,0.8624,0.9780122543841115
Busan,Ulsan,13,-0.0042,0.8314,0.9708182616330114
Busan,Ulsan,14,-0.0042,0.8306,0.9705231715352515
Busan,Yokohama,1,0.0827,0.0,0.0
Busan,Yokohama,2,0.0298,0.1293,0.5707870753935378
Busan,Yokohama,3,-0.0114,0.5626,0.8914723049434187
Busan,Yokohama,4,-0.0114,0.5617,0.8914723049434187
Busan,Yokohama,5,0.0121,0.539,0.8869409217445099
Busan,Yokohama,6,-0.0115,0.5598,0.8914723049434187
Busan,Yokohama,7,-0.0056,0.7752,0.9540866773675762
Busan,Yokohama,8,0.012,0.5422,0.8870475606014114
Busan,Yokohama,9,0.012,0.5433,0.8870475606014114
Busan,Yokohama,10,0.0178,0.3654,0.7939812168231931
Busan,Yokohama,11,0.0119,0.5454,0.8875888650963598
Busan,Yokohama,12,-0.0116,0.5542,0.8905635159542445
Busan,Yokohama,13,0.006,0.762,0.9508907641819033
Busan,Yokohama,14,-0.0058,0.7674,0.9525356976201586
Chiba,Antwerp,1,0.0905,0.0,0.0
Chiba,Antwerp,2,0.035,0.0747,0.480722891566265
Chiba,Antwerp,3,-0.0038,0.8455,0.9757170056252704
Chiba,Antwerp,4,-0.0039,0.8443,0.9757170056252704
Chiba,Antwerp,5,0.0072,0.7144,0.9356494337764648
Chiba,Antwerp,6,-0.0039,0.8418,0.9751595906814718
Chiba,Antwerp,7,-0.0095,0.6291,0.915680437756498
Chiba,Antwerp,8,0.0293,0.1366,0.5812907348242812
Chiba,Antwerp,9,0.0075,0.7018,0.9309337319382163
Chiba,Antwerp,10,-0.0092,0.6411,0.9166747246843943
Chiba,Antwerp,11,-0.0259,0.1885,0.6597500000000001
Chiba,Antwerp,12,-0.0482,0.0144,0.2255555555555556
Chiba,Antwerp,13,-0.0256,0.1942,0.6644878048780487
Chiba,Antwerp,14,-0.0033,0.8669,0.9780122543841115
Chiba,Busan,1,0.0359,0.0673,0.47296697490092465
Chiba,Busan,2,-0.0213,0.2785,0.7411805902951476
Chiba,Busan,3,-0.027,0.1687,0.6351620665251237
Chiba,Busan,4,-0.0099,0.6141,0.9116397099832684
Chiba,Busan,5,-0.0443,0.0243,0.2951506849315068
Chiba,Busan,6,-0.0157,0.4248,0.8299355783308932
Chiba,Busan,7,-0.0443,0.0241,0.29339130434782607
Chiba,Busan,8,-0.0329,0.0941,0.5084979919678715
Chiba,Busan,9,-0.0101,0.6089,0.9094425126191812
Chiba,Busan,10,0.0013,0.9455,0.9908012350443843
Chiba,Busan,11,-0.0101,0.6069,0.9084715813168261
Chiba,Busan,12,-0.0159,0.4198,0.8256325323475046
Chiba,Busan,13,-0.0159,0.419,0.8255851851851851
Chiba,Busan,14,0.0012,0.9504,0.9908012350443843
Chiba,Guangzhou (Nansha),1,0.0215,0.273,0.7335151515151516
Chiba,Guangzhou (Nansha),2,-0.0105,0.593,0.9027142449329147
Chiba,Guangzhou (Nansha),3,-0.0319,0.1048,0.5294762808349146
Chiba,Guangzhou (Nansha),4,-0.0319,0.1045,0.5294666666666666
Chiba,Guangzhou (Nansha),5,0.0054,0.7836,0.9541238291066941
Chiba,Guangzhou (Nansha),6,-0.0423,0.0314,0.34372016460905347
Chiba,Guangzhou (Nansha),7,0.0379,0.0542,0.43294894894894886
Chiba,Guangzhou (Nansha),8,0.0111,0.5729,0.8972116573447159
Chiba,Guangzhou (Nansha),9,0.0004,0.9852,0.9962927382753403
Chiba,Guangzhou (Nansha),10,-0.0157,0.4247,0.8299355783308932
Chiba,Guangzhou (Nansha),11,-0.0318,0.1063,0.5330018832391714
Chiba,Guangzhou (Nansha),12,-0.0211,0.2832,0.7440118518518519
Chiba,Guangzhou (Nansha),13,-0.0212,0.2825,0.7436417615042058
Chiba,Guangzhou (Nansha),14,0.0376,0.0559,0.4414970414201183
Chiba,Gwangyang (Kwangyang),1,0.0111,0.5715,0.8965939893930465
Chiba,Gwangyang (Kwangyang),2,-0.0015,0.9402,0.9896842105263158
Chiba,Gwangyang (Kwangyang),3,-0.0203,0.3005,0.7597111638954869
Chiba,Gwangyang (Kwangyang),4,0.011,0.5745,0.8983482298316889
Chiba,Gwangyang (Kwangyang),5,-0.0326,0.0975,0.5140910891089109
Chiba,Gwangyang (Kwangyang),6,-0.0263,0.1811,0.6536309362279511
Chiba,Gwangyang (Kwangyang),7,0.0052,0.7917,0.955837531200363
Chiba,Gwangyang (Kwangyang),8,-0.007,0.7236,0.9387171643602816
Chiba,Gwangyang (Kwangyang),9,-0.026,0.1869,0.6580646864686469
Chiba,Gwangyang (Kwangyang),10,-0.0007,0.9722,0.9932982523526022
Chiba,Gwangyang (Kwangyang),11,-0.0007,0.9711,0.9929644572526417
Chiba,Gwangyang (Kwangyang),12,-0.0197,0.3165,0.7709615384615385
Chiba,Gwangyang (Kwangyang),13,-0.0134,0.4955,0.869986798679868
Chiba,Gwangyang (Kwangyang),14,-0.0071,0.7177,0.9370973277764157
Chiba,Hong Kong,1,-0.0341,0.083,0.49281250000000004
Chiba,Hong Kong,2,-0.0163,0.406,0.8225133282559025
Chiba,Hong Kong,3,-0.0223,0.257,0.72118043135192
Chiba,Hong Kong,4,0.0014,0.9446,0.9908012350443843
Chiba,Hong Kong,5,0.0013,0.9458,0.9908012350443843
Chiba,Hong Kong,6,-0.0046,0.8146,0.9670165526373868
Chiba,Hong Kong,7,0.0131,0.5049,0.8730256410256412
Chiba,Hong Kong,8,-0.0047,0.8124,0.9670165526373868
Chiba,Hong Kong,9,-0.0402,0.0409,0.3790731707317073
Chiba,Hong Kong,10,-0.0284,0.1489,0.6060811017597552
Chiba,Hong Kong,11,0.0012,0.9529,0.9908012350443843
Chiba,Hong Kong,12,0.0011,0.9541,0.9908012350443843
Chiba,Hong Kong,13,0.0011,0.9553,0.9908012350443843
Chiba,Hong Kong,14,-0.0108,0.5846,0.8994939481268012
Chiba,Kaohsiung,1,-0.0177,0.3687,0.795733874239351
Chiba,Kaohsiung,2,-0.0122,0.5333,0.8868865468071915
Chiba,Kaohsiung,3,-0.0123,0.5323,0.8868865468071915
Chiba,Kaohsiung,4,-0.0069,0.7272,0.9387400581959263
Chiba,Kaohsiung,5,-0.0123,0.5303,0.8859442181134439
Chiba,Kaohsiung,6,-0.0178,0.3648,0.7939812168231931
Chiba,Kaohsiung,7,-0.0288,0.1437,0.5948313908313908
Chiba,Kaohsiung,8,-0.0124,0.5272,0.88593874329018
Chiba,Kaohsiung,9,-0.007,0.7213,0.938678082191781
Chiba,Kaohsiung,10,-0.018,0.3616,0.7939812168231931
Chiba,Kaohsiung,11,-0.018,0.3609,0.7939812168231931
Chiba,Kaohsiung,12,-0.0071,0.7177,0.9370973277764157
Chiba,Kaohsiung,13,0.0256,0.1944,0.6644878048780487
Chiba,Kaohsiung,14,-0.0017,0.9299,0.9874707520891364
Chiba,Kobe,1,0.1985,0.0,0.0
Chiba,Kobe,2,0.0994,0.0,0.0
Chiba,Kobe,3,0.0719,0.0002,0.008512
Chiba,Kobe,4,0.0554,0.0048,0.10596747967479674
Chiba,Kobe,5,-0.0162,0.4101,0.8225461393596986
Chiba,Kobe,6,0.0113,0.566,0.8935074183976259
Chiba,Kobe,7,0.0168,0.3942,0.8163127187864644
Chiba,Kobe,8,0.0167,0.3952,0.8168080808080809
Chiba,Kobe,9,-0.0328,0.0951,0.5084979919678715
Chiba,Kobe,10,-0.0329,0.0948,0.5084979919678715
Chiba,Kobe,11,-0.0329,0.0946,0.5084979919678715
Chiba,Kobe,12,-0.0329,0.0943,0.5084979919678715
Chiba,Kobe,13,-0.033,0.094,0.5084979919678715
Chiba,Kobe,14,0.0331,0.0933,0.5084979919678715
Chiba,Mizushima,1,0.1818,0.0,0.0
Chiba,Mizushima,2,0.0456,0.0202,0.2633921568627451
Chiba,Mizushima,3,0.0286,0.1462,0.5982953846153847
Chiba,Mizushima,4,0.0001,0.994,0.997675594115428
Chiba,Mizushima,5,-0.0396,0.0439,0.3945067567567567
Chiba,Mizushima,6,-0.0396,0.0438,0.3945067567567567
Chiba,Mizushima,7,0.0114,0.5619,0.8914723049434187
Chiba,Mizushima,8,-0.0397,0.0435,0.3929032258064516
Chiba,Mizushima,9,-0.0114,0.5639,0.8923105294467577
Chiba,Mizushima,10,0.0056,0.7744,0.9540866773675762
Chiba,Mizushima,11,-0.0114,0.5619,0.8914723049434187
Chiba,Mizushima,12,-0.0342,0.0827,0.4921297539149888
Chiba,Mizushima,13,0.0283,0.1513,0.6104126984126984
Chiba,Mizushima,14,0.0282,0.1518,0.6104126984126984
Chiba,Nagoya,1,0.2256,0.0,0.0
Chiba,Nagoya,2,0.1341,0.0,0.0
Chiba,Nagoya,3,0.1015,0.0,0.0
Chiba,Nagoya,4,0.0199,0.3114,0.7685266573945294
Chiba,Nagoya,5,0.0199,0.3122,0.7688273947246645
Chiba,Nagoya,6,-0.0237,0.229,0.6952721049629208
Chiba,Nagoya,7,-0.0182,0.3535,0.7935105485232067
Chiba,Nagoya,8,0.0035,0.8602,0.9780122543841115
Chiba,Nagoya,9,-0.0292,0.1379,0.5845222929936307
Chiba,Nagoya,10,-0.0183,0.3512,0.790683030046551
Chiba,Nagoya,11,0.0034,0.8642,0.9780122543841115
Chiba,Nagoya,12,-0.0293,0.1368,0.5812907348242812
Chiba,Nagoya,13,-0.0239,0.2251,0.6878414704192992
Chiba,Nagoya,14,0.0413,0.0358,0.3637866666666667
Chiba,Ningbo,1,-0.03,0.1265,0.5674367622259696
Chiba,Ningbo,2,-0.0193,0.3271,0.7799177101967799
Chiba,Ningbo,3,-0.0409,0.0375,0.36719565217391303
Chiba,Ningbo,4,-0.0463,0.0184,0.2516401028277635
Chiba,Ningbo,5,-0.0355,0.0706,0.48029667519181585
Chiba,Ningbo,6,-0.0302,0.1248,0.5645714285714286
Chiba,Ningbo,7,0.0022,0.9122,0.9840705596107056
Chiba,Ningbo,8,-0.0033,0.8684,0.9780122543841115
Chiba,Ningbo,9,0.0021,0.9148,0.9855841263413647
Chiba,Ningbo,10,0.0129,0.5132,0.8790756356614097
Chiba,Ningbo,11,-0.0034,0.8645,0.9780122543841115
Chiba,Ningbo,12,-0.0034,0.8633,0.9780122543841115
Chiba,Ningbo,13,-0.0088,0.6541,0.9183985220374768
Chiba,Ningbo,14,-0.0305,0.122,0.5609680207433017
Chiba,Port Klang,1,0.015,0.4442,0.8400796302879487
Chiba,Port Klang,2,0.0204,0.298,0.7578586437440307
Chiba,Port Klang,3,-0.0014,0.9441,0.9908012350443843
Chiba,Port Klang,4,0.004,0.8372,0.9737085514834205
Chiba,Port Klang,5,0.0154,0.4341,0.8333131313131313
Chiba,Port Klang,6,-0.001,0.9579,0.9908012350443843
Chiba,Port Klang,7,-0.0011,0.9566,0.9908012350443843
Chiba,Port Klang,8,0.0044,0.8246,0.9675500661667402
Chiba,Port Klang,9,-0.0121,0.5399,0.8870475606014114
Chiba,Port Klang,10,-0.0066,0.7362,0.940837656099904
Chiba,Port Klang,11,-0.0449,0.0225,0.2816470588235294
Chiba,Port Klang,12,-0.0449,0.0224,0.2816470588235294
Chiba,Port Klang,13,-0.0122,0.5359,0.8868865468071915
Chiba,Port Klang,14,-0.0177,0.3691,0.7959513579246047
Chiba,Qingdao,1,-0.0234,0.2339,0.69825
Chiba,Qingdao,2,-0.0339,0.084,0.4948837209302326
Chiba,Qingdao,3,-0.0498,0.0113,0.19774999999999998
Chiba,Qingdao,4,-0.013,0.5096,0.8765185903653412
Chiba,Qingdao,5,-0.0235,0.2315,0.6980804532577903
Chiba,Qingdao,6,-0.0393,0.0454,0.4005439469320066
Chiba,Qingdao,7,0.0027,0.8899,0.9811023622047245
Chiba,Qingdao,8,0.008,0.686,0.9301939393939394
Chiba,Qingdao,9,-0.0026,0.8946,0.9816653632434656
Chiba,Qingdao,10,0.0083,0.6721,0.9267450980392158
Chiba,Qingdao,11,0.0241,0.2204,0.6867016317016318
Chiba,Qingdao,12,-0.0339,0.0846,0.4967682119205297
Chiba,Qingdao,13,-0.0129,0.5133,0.8790756356614097
Chiba,Qingdao,14,0.0187,0.3412,0.7820972043010752
Chiba,Rotterdam,1,0.0804,0.0,0.0
Chiba,Rotterdam,2,0.0177,0.3667,0.7943175895765473
Chiba,Rotterdam,3,0.0006,0.9742,0.9938147651006711
Chiba,Rotterdam,4,0.0063,0.7487,0.9449784104389087
Chiba,Rotterdam,5,0.0063,0.75,0.9457077906701397
Chiba,Rotterdam,6,0.0062,0.7512,0.9459176526265972
Chiba,Rotterdam,7,-0.0052,0.7924,0.9558415213946118
Chiba,Rotterdam,8,0.0176,0.3721,0.7973580048270313
Chiba,Rotterdam,9,0.0118,0.5475,0.8896456933414784
Chiba,Rotterdam,10,-0.0337,0.0865,0.500739934711643
Chiba,Rotterdam,11,-0.0224,0.2557,0.72118043135192
Chiba,Rotterdam,12,-0.011,0.5756,0.8983482298316889
Chiba,Rotterdam,13,-0.0395,0.0447,0.3983316582914573
Chiba,Rotterdam,14,-0.0111,0.5736,0.8977793468667256
Chiba,Sakai-Semboku,1,0.1531,0.0,0.0
Chiba,Sakai-Semboku,2,0.0534,0.0066,0.13150561797752808
Chiba,Sakai-Semboku,3,0.0645,0.001,0.034102564102564105
Chiba,Sakai-Semboku,4,0.0198,0.3138,0.7688794848206072
Chiba,Sakai-Semboku,5,-0.0026,0.8957,0.9816653632434656
Chiba,Sakai-Semboku,6,-0.0082,0.6769,0.9278814738469465
Chiba,Sakai-Semboku,7,0.0197,0.3163,0.7708273018781494
Chiba,Sakai-Semboku,8,-0.0362,0.0657,0.46727807486631007
Chiba,Sakai-Semboku,9,-0.0474,0.0159,0.23366850828729285
Chiba,Sakai-Semboku,10,-0.0586,0.0029,0.07562745098039216
Chiba,Sakai-Semboku,11,-0.0307,0.1187,0.5547668122270742
Chiba,Sakai-Semboku,12,-0.0475,0.0158,0.23366850828729285
Chiba,Sakai-Semboku,13,0.0307,0.1189,0.5547668122270742
Chiba,Sakai-Semboku,14,0.0642,0.0011,0.036575
Chiba,Shanghai (Pudong),1,-0.0204,0.2994,0.7592030505243089
Chiba,Shanghai (Pudong),2,-0.01,0.6096,0.9094425126191812
Chiba,Shanghai (Pudong),3,-0.0412,0.0359,0.3637866666666667
Chiba,Shanghai (Pudong),4,-0.0253,0.1977,0.669203539823009
Chiba,Shanghai (Pudong),5,-0.0097,0.6203,0.9128619640387274
Chiba,Shanghai (Pudong),6,0.0006,0.9742,0.9938147651006711
Chiba,Shanghai (Pudong),7,0.0006,0.9756,0.9939088471849865
Chiba,Shanghai (Pudong),8,0.011,0.5768,0.8983482298316889
Chiba,Shanghai (Pudong),9,0.0005,0.9784,0.994122947689958
Chiba,Shanghai (Pudong),10,-0.0099,0.6145,0.9116397099832684
Chiba,Shanghai (Pudong),11,-0.0308,0.1179,0.5540688437775816
Chiba,Shanghai (Pudong),12,0.0108,0.5818,0.8983482298316889
Chiba,Shanghai (Pudong),13,0.0108,0.583,0.8992635546535227
Chiba,Shanghai (Pudong),14,-0.0205,0.2988,0.758550309966619
Chiba,Singapore,1,0.0401,0.0412,0.3805277777777778
Chiba,Singapore,2,-0.0369,0.0603,0.447883495145631
Chiba,Singapore,3,-0.0241,0.2201,0.6867016317016318
Chiba,Singapore,4,0.0015,0.9379,0.989144669044788
Chiba,Singapore,5,0.0015,0.939,0.9893240942387647
Chiba,Singapore,6,-0.0178,0.3663,0.7943175895765473
Chiba,Singapore,7,-0.0306,0.1194,0.5547668122270742
Chiba,Singapore,8,0.0143,0.4688,0.8529466484268127
Chiba,Singapore,9,-0.0178,0.3644,0.7939812168231931
Chiba,Singapore,10,0.0014,0.9445,0.9908012350443843
Chiba,Singapore,11,-0.0051,0.7967,0.9578404519774011
Chiba,Singapore,12,0.0077,0.6945,0.930632134774956
Chiba,Singapore,13,-0.018,0.3618,0.7939812168231931
Chiba,Singapore,14,0.0077,0.6966,0.9308338745940545
Chiba,Tianjin Xin Gang,1,0.0015,0.9395,0.989338875692795
Chiba,Tianjin Xin Gang,2,-0.0147,0.4558,0.8486710940230688
Chiba,Tianjin Xin Gang,3,-0.0147,0.4549,0.8482537679635472
Chiba,Tianjin Xin Gang,4,-0.0255,0.1951,0.6653410256410257
Chiba,Tianjin Xin Gang,5,-0.0309,0.1163,0.5504099378881988
Chiba,Tianjin Xin Gang,6,-0.0255,0.1941,0.6644878048780487
Chiba,Tianjin Xin Gang,7,-0.0148,0.4512,0.8455033462486791
Chiba,Tianjin Xin Gang,8,0.0066,0.7359,0.940837656099904
Chiba,Tianjin Xin Gang,9,-0.0149,0.4493,0.8439138722202613
Chiba,Tianjin Xin Gang,10,0.0012,0.9515,0.9908012350443843
Chiba,Tianjin Xin Gang,11,0.0012,0.9528,0.9908012350443843
Chiba,Tianjin Xin Gang,12,-0.0092,0.6402,0.9166747246843943
Chiba,Tianjin Xin Gang,13,-0.0146,0.4578,0.8498639693058947
Chiba,Tianjin Xin Gang,14,-0.0039,0.8437,0.9757170056252704
Chiba,Ulsan,1,0.0198,0.3142,0.7688794848206072
Chiba,Ulsan,2,-0.0149,0.449,0.8439138722202613
Chiba,Ulsan,3,0.0336,0.0875,0.5021574973031283
Chiba,Ulsan,4,-0.008,0.684,0.930151569277877
Chiba,Ulsan,5,-0.008,0.6832,0.930151569277877
Chiba,Ulsan,6,-0.0081,0.6823,0.930151569277877
Chiba,Ulsan,7,0.0196,0.3182,0.7740393232738911
Chiba,Ulsan,8,-0.022,0.2644,0.7271033057851239
Chiba,Ulsan,9,-0.0012,0.9515,0.9908012350443843
Chiba,Ulsan,10,0.0126,0.521,0.8827133757961784
Chiba,Ulsan,11,0.0195,0.321,0.7751793009532456
Chiba,Ulsan,12,-0.029,0.141,0.5892537313432835
Chiba,Ulsan,13,-0.0152,0.4417,0.8389303820064262
Chiba,Ulsan,14,0.0195,0.3231,0.7763739837398375
Chiba,Yokohama,1,0.2378,0.0,0.0
Chiba,Yokohama,2,0.1143,0.0,0.0
Chiba,Yokohama,3,0.0551,0.005,0.10725806451612903
Chiba,Yokohama,4,0.0121,0.537,0.8868865468071915
Chiba,Yokohama,5,-0.0094,0.6332,0.9158847199564981
Chiba,Yokohama,6,-0.0309,0.116,0.5495280498664292
Chiba,Yokohama,7,0.012,0.5405,0.8870475606014114
Chiba,Yokohama,8,0.0013,0.9488,0.9908012350443843
Chiba,Yokohama,9,-0.031,0.115,0.5477170993733214
Chiba,Yokohama,10,-0.031,0.1147,0.5472681614349776
Chiba,Yokohama,11,-0.0257,0.1916,0.6640469055374593
Chiba,Yokohama,12,-0.0096,0.6253,0.9144846153846155
Chiba,Yokohama,13,-0.0096,0.6242,0.9141325997248968
Chiba,Yokohama,14,0.0494,0.012,0.2052733118971061
Guangzhou (Nansha),Antwerp,1,-0.0003,0.9898,0.9962927382753403
Guangzhou (Nansha),Antwerp,2,-0.0342,0.0815,0.48881623449830897
Guangzhou (Nansha),Antwerp,3,-0.0343,0.0813,0.4887186440677966
Guangzhou (Nansha),Antwerp,4,-0.023,0.2425,0.7100165107319758
Guangzhou (Nansha),Antwerp,5,-0.0287,0.1448,0.5961360123647604
Guangzhou (Nansha),Antwerp,6,-0.0117,0.5512,0.8905635159542445
Guangzhou (Nansha),Antwerp,7,0.0335,0.0883,0.5034898177920686
Guangzhou (Nansha),Antwerp,8,0.0109,0.5813,0.8983482298316889
Guangzhou (Nansha),Antwerp,9,-0.0001,0.9975,0.9990022590361446
Guangzhou (Nansha),Antwerp,10,-0.0114,0.5611,0.8914723049434187
Guangzhou (Nansha),Antwerp,11,-0.0512,0.0093,0.17179166666666665
Guangzhou (Nansha),Antwerp,12,-0.0342,0.0824,0.49089361702127665
Guangzhou (Nansha),Antwerp,13,0.0287,0.145,0.5961360123647604
Guangzhou (Nansha),Antwerp,14,0.0799,0.0,0.0
Guangzhou (Nansha),Busan,1,0.0285,0.1473,0.6009478527607361
Guangzhou (Nansha),Busan,2,0.0109,0.5782,0.8983482298316889
Guangzhou (Nansha),Busan,3,0.0226,0.2507,0.7166706072004299
Guangzhou (Nansha),Busan,4,-0.0125,0.5253,0.8843658227848101
Guangzhou (Nansha),Busan,5,0.0167,0.3964,0.8176998836758432
Guangzhou (Nansha),Busan,6,-0.0067,0.7331,0.9406878919440425
Guangzhou (Nansha),Busan,7,-0.0184,0.3492,0.7885161290322581
Guangzhou (Nansha),Busan,8,-0.0184,0.3485,0.7876040781648258
Guangzhou (Nansha),Busan,9,-0.0126,0.5208,0.8826556228098121
Guangzhou (Nansha),Busan,10,0.0224,0.2557,0.72118043135192
Guangzhou (Nansha),Busan,11,0.034,0.0839,0.4948837209302326
Guangzhou (Nansha),Busan,12,0.0223,0.2571,0.72118043135192
Guangzhou (Nansha),Busan,13,-0.0186,0.345,0.7855064047822374
Guangzhou (Nansha),Busan,14,0.0164,0.4047,0.8219420289855073
Guangzhou (Nansha),Chiba,1,-0.0315,0.1092,0.5368628884826325
Guangzhou (Nansha),Chiba,2,-0.0422,0.0317,0.3452571428571429
Guangzhou (Nansha),Chiba,3,-0.0048,0.8069,0.9650872302158273
Guangzhou (Nansha),Chiba,4,-0.0155,0.4296,0.8310807272727273
Guangzhou (Nansha),Chiba,5,-0.0102,0.6034,0.9068045197740113
Guangzhou (Nansha),Chiba,6,0.0165,0.4019,0.8201411584196394
Guangzhou (Nansha),Chiba,7,0.0004,0.9833,0.9956520746098211
Guangzhou (Nansha),Chiba,8,-0.0317,0.107,0.5349943714821763
Guangzhou (Nansha),Chiba,9,-0.0371,0.0594,0.44508169014084503
Guangzhou (Nansha),Chiba,10,0.011,0.576,0.8983482298316889
Guangzhou (Nansha),Chiba,11,-0.0211,0.2835,0.744432379072063
Guangzhou (Nansha),Chiba,12,0.0537,0.0063,0.1279236641221374
Guangzhou (Nansha),Chiba,13,0.0965,0.0,0.0
Guangzhou (Nansha),Chiba,14,0.043,0.0291,0.3279915254237288
Guangzhou (Nansha),Gwangyang (Kwangyang),1,0.0209,0.2881,0.7500498290180754
Guangzhou (Nansha),Gwangyang (Kwangyang),2,-0.0112,0.5684,0.8949061852619119
Guangzhou (Nansha),Gwangyang (Kwangyang),3,-0.0112,0.5675,0.8942831753554502
Guangzhou (Nansha),Gwangyang (Kwangyang),4,-0.0433,0.0275,0.317353579175705
Guangzhou (Nansha),Gwangyang (Kwangyang),5,-0.0108,0.5816,0.8983482298316889
Guangzhou (Nansha),Gwangyang (Kwangyang),6,-0.0237,0.2276,0.692695652173913
Guangzhou (Nansha),Gwangyang (Kwangyang),7,0.0213,0.2793,0.7418252621068397
Guangzhou (Nansha),Gwangyang (Kwangyang),8,-0.0298,0.1295,0.5707870753935378
Guangzhou (Nansha),Gwangyang (Kwangyang),9,-0.0428,0.0297,0.3312452830188679
Guangzhou (Nansha),Gwangyang (Kwangyang),10,0.0218,0.2686,0.7284266124936516
Guangzhou (Nansha),Gwangyang (Kwangyang),11,0.0217,0.2693,0.7284266124936516
Guangzhou (Nansha),Gwangyang (Kwangyang),12,0.0024,0.905,0.9833939393939395
Guangzhou (Nansha),Gwangyang (Kwangyang),13,0.0152,0.4391,0.8360816034359342
Guangzhou (Nansha),Gwangyang (Kwangyang),14,0.0539,0.0061,0.12433716475095785
Guangzhou (Nansha),Hong Kong,1,0.0471,0.0165,0.23918256130790191
Guangzhou (Nansha),Hong Kong,2,0.0169,0.3907,0.8144686520376175
Guangzhou (Nansha),Hong Kong,3,-0.0073,0.7096,0.9342246412666997
Guangzhou (Nansha),Hong Kong,4,-0.0194,0.323,0.7763739837398375
Guangzhou (Nansha),Hong Kong,5,-0.0436,0.0265,0.3078165938864629
Guangzhou (Nansha),Hong Kong,6,-0.0195,0.3218,0.7760543970988213
Guangzhou (Nansha),Hong Kong,7,-0.0014,0.9435,0.9908012350443843
Guangzhou (Nansha),Hong Kong,8,-0.0195,0.3205,0.7750272727272728
Guangzhou (Nansha),Hong Kong,9,-0.0196,0.3199,0.7750272727272728
Guangzhou (Nansha),Hong Kong,10,-0.0317,0.1074,0.5354901593252108
Guangzhou (Nansha),Hong Kong,11,0.0166,0.3987,0.818697996918336
Guangzhou (Nansha),Hong Kong,12,0.0649,0.001,0.034102564102564105
Guangzhou (Nansha),Hong Kong,13,0.0105,0.5933,0.9027142449329147
Guangzhou (Nansha),Hong Kong,14,0.0649,0.001,0.034102564102564105
Guangzhou (Nansha),Kaohsiung,1,0.0246,0.2111,0.6813333333333333
Guangzhou (Nansha),Kaohsiung,2,0.0301,0.1256,0.5662644067796611
Guangzhou (Nansha),Kaohsiung,3,0.0023,0.9083,0.9833939393939395
Guangzhou (Nansha),Kaohsiung,4,-0.0256,0.1933,0.6644878048780487
Guangzhou (Nansha),Kaohsiung,5,-0.02,0.3081,0.7673651685393258
Guangzhou (Nansha),Kaohsiung,6,-0.0034,0.8631,0.9780122543841115
Guangzhou (Nansha),Kaohsiung,7,-0.0535,0.0065,0.12999999999999998
Guangzhou (Nansha),Kaohsiung,8,-0.0424,0.0312,0.3436521739130434
Guangzhou (Nansha),Kaohsiung,9,0.0243,0.2164,0.6854433234421364
Guangzhou (Nansha),Kaohsiung,10,0.0243,0.2171,0.6854433234421364
Guangzhou (Nansha),Kaohsiung,11,0.0076,0.7004,0.9308338745940545
Guangzhou (Nansha),Kaohsiung,12,-0.0036,0.8557,0.9780122543841115
Guangzhou (Nansha),Kaohsiung,13,0.0242,0.2191,0.6867016317016318
Guangzhou (Nansha),Kaohsiung,14,0.0019,0.9224,0.9874707520891364
Guangzhou (Nansha),Kobe,1,-0.024,0.2218,0.686870424171993
Guangzhou (Nansha),Kobe,2,-0.0128,0.5147,0.8794913294797689
Guangzhou (Nansha),Kobe,3,-0.0409,0.0373,0.36719565217391303
Guangzhou (Nansha),Kobe,4,-0.0016,0.9337,0.9876677265500796
Guangzhou (Nansha),Kobe,5,-0.0241,0.2197,0.6867016317016318
Guangzhou (Nansha),Kobe,6,0.0769,0.0001,0.004470588235294118
Guangzhou (Nansha),Kobe,7,-0.0073,0.7089,0.9341282495667246
Guangzhou (Nansha),Kobe,8,-0.0018,0.9288,0.9874707520891364
Guangzhou (Nansha),Kobe,9,-0.0243,0.2177,0.6856189349112426
Guangzhou (Nansha),Kobe,10,-0.0131,0.5072,0.8746528363047001
Guangzhou (Nansha),Kobe,11,-0.0075,0.7044,0.931033043478261
Guangzhou (Nansha),Kobe,12,-0.0075,0.7033,0.931033043478261
Guangzhou (Nansha),Kobe,13,0.0823,0.0,0.0
Guangzhou (Nansha),Kobe,14,0.0149,0.4492,0.8439138722202613
Guangzhou (Nansha),Mizushima,1,0.0211,0.2825,0.7436417615042058
Guangzhou (Nansha),Mizushima,2,0.0153,0.4364,0.8342249371182179
Guangzhou (Nansha),Mizushima,3,-0.0195,0.3216,0.7760543970988213
Guangzhou (Nansha),Mizushima,4,-0.0195,0.3209,0.7751793009532456
Guangzhou (Nansha),Mizushima,5,-0.0195,0.3203,0.7750272727272728
Guangzhou (Nansha),Mizushima,6,0.021,0.2863,0.7492920962199312
Guangzhou (Nansha),Mizushima,7,-0.0022,0.9098,0.9836818181818182
Guangzhou (Nansha),Mizushima,8,-0.0138,0.4817,0.8590828025477707
Guangzhou (Nansha),Mizushima,9,-0.0255,0.1957,0.6668732394366197
Guangzhou (Nansha),Mizushima,10,-0.0081,0.6803,0.930151569277877
Guangzhou (Nansha),Mizushima,11,0.015,0.4452,0.8410738636363637
Guangzhou (Nansha),Mizushima,12,0.0034,0.8623,0.9780122543841115
Guangzhou (Nansha),Mizushima,13,0.0555,0.0048,0.10596747967479674
Guangzhou (Nansha),Mizushima,14,0.0902,0.0,0.0
Guangzhou (Nansha),Nagoya,1,-0.0096,0.6251,0.9144846153846155
Guangzhou (Nansha),Nagoya,2,-0.0203,0.301,0.76
Guangzhou (Nansha),Nagoya,3,-0.0314,0.1095,0.5368628884826325
Guangzhou (Nansha),Nagoya,4,-0.0148,0.4503,0.8447094499294782
Guangzhou (Nansha),Nagoya,5,-0.026,0.1866,0.6580646864686469
Guangzhou (Nansha),Nagoya,6,0.0239,0.2237,0.6878414704192992
Guangzhou (Nansha),Nagoya,7,-0.0094,0.6332,0.9158847199564981
Guangzhou (Nansha),Nagoya,8,0.0017,0.9321,0.9874707520891364
Guangzhou (Nansha),Nagoya,9,-0.0205,0.2964,0.7559194630872483
Guangzhou (Nansha),Nagoya,10,-0.0206,0.2957,0.7557717026378897
Guangzhou (Nansha),Nagoya,11,-0.0262,0.1838,0.6575763281775386
Guangzhou (Nansha),Nagoya,12,0.0237,0.2278,0.6929079473985135
Guangzhou (Nansha),Nagoya,13,0.0847,0.0,0.0
Guangzhou (Nansha),Nagoya,14,0.0459,0.0198,0.2600888888888889
Guangzhou (Nansha),Ningbo,1,0.0226,0.2491,0.7151710739341608
Guangzhou (Nansha),Ningbo,2,0.0171,0.3841,0.8085138339920949
Guangzhou (Nansha),Ningbo,3,-0.027,0.1697,0.6369014084507042
Guangzhou (Nansha),Ningbo,4,-0.005,0.7997,0.9603620767494355
Guangzhou (Nansha),Ningbo,5,-0.016,0.4147,0.8231541325390915
Guangzhou (Nansha),Ningbo,6,-0.0271,0.1684,0.6351620665251237
Guangzhou (Nansha),Ningbo,7,0.0004,0.9828,0.9956520746098211
Guangzhou (Nansha),Ningbo,8,-0.0051,0.7948,0.9566371040723981
Guangzhou (Nansha),Ningbo,9,-0.0051,0.7936,0.9558415213946118
Guangzhou (Nansha),Ningbo,10,-0.0162,0.4105,0.8225461393596986
Guangzhou (Nansha),Ningbo,11,0.0278,0.1572,0.6221158989598813
Guangzhou (Nansha),Ningbo,12,0.0058,0.7694,0.9527748837209302
Guangzhou (Nansha),Ningbo,13,-0.0163,0.408,0.8225461393596986
Guangzhou (Nansha),Ningbo,14,0.0277,0.1589,0.6229535740604275
Guangzhou (Nansha),Port Klang,1,-0.0032,0.8693,0.9780122543841115
Guangzhou (Nansha),Port Klang,2,-0.0033,0.8681,0.9780122543841115
Guangzhou (Nansha),Port Klang,3,0.0245,0.2124,0.6818455971049457
Guangzhou (Nansha),Port Klang,4,-0.0033,0.8656,0.9780122543841115
Guangzhou (Nansha),Port Klang,5,0.0417,0.0341,0.3591780821917809
Guangzhou (Nansha),Port Klang,6,0.0193,0.3257,0.7791025179856115
Guangzhou (Nansha),Port Klang,7,-0.003,0.8787,0.9796734013747136
Guangzhou (Nansha),Port Klang,8,-0.0253,0.1978,0.669203539823009
Guangzhou (Nansha),Port Klang,9,-0.0031,0.8762,0.9788710625787485
Guangzhou (Nansha),Port Klang,10,0.0136,0.4886,0.8641462765957446
Guangzhou (Nansha),Port Klang,11,0.0024,0.9011,0.98254806312769
Guangzhou (Nansha),Port Klang,12,-0.0199,0.3125,0.7688794848206072
Guangzhou (Nansha),Port Klang,13,-0.0088,0.6562,0.9186799999999999
Guangzhou (Nansha),Port Klang,14,-0.0032,0.8701,0.9780122543841115
Guangzhou (Nansha),Qingdao,1,0.0014,0.9418,0.9901928853754941
Guangzhou (Nansha),Qingdao,2,0.0068,0.7304,0.9396179883945842
Guangzhou (Nansha),Qingdao,3,0.0067,0.7317,0.9400251147065927
Guangzhou (Nansha),Qingdao,4,0.0174,0.3748,0.7994931836407378
Guangzhou (Nansha),Qingdao,5,-0.0255,0.1938,0.6644878048780487
Guangzhou (Nansha),Qingdao,6,0.012,0.5413,0.8870475606014114
Guangzhou (Nansha),Qingdao,7,-0.0095,0.6291,0.915680437756498
Guangzhou (Nansha),Qingdao,8,-0.0042,0.8324,0.9711333333333334
Guangzhou (Nansha),Qingdao,9,0.0012,0.9524,0.9908012350443843
Guangzhou (Nansha),Qingdao,10,0.0231,0.2407,0.7059117971334069
Guangzhou (Nansha),Qingdao,11,0.0069,0.7256,0.9387171643602816
Guangzhou (Nansha),Qingdao,12,-0.0093,0.6376,0.9164693822497976
Guangzhou (Nansha),Qingdao,13,0.0122,0.5347,0.8868865468071915
Guangzhou (Nansha),Qingdao,14,0.0176,0.3721,0.7973580048270313
Guangzhou (Nansha),Rotterdam,1,-0.0364,0.0635,0.4608731241473397
Guangzhou (Nansha),Rotterdam,2,-0.0132,0.5001,0.8730256410256412
Guangzhou (Nansha),Rotterdam,3,-0.0191,0.3315,0.7820972043010752
Guangzhou (Nansha),Rotterdam,4,-0.0423,0.0312,0.3436521739130434
Guangzhou (Nansha),Rotterdam,5,-0.0075,0.7016,0.9309337319382163
Guangzhou (Nansha),Rotterdam,6,0.0157,0.4257,0.8299355783308932
Guangzhou (Nansha),Rotterdam,7,0.0621,0.0016,0.04864
Guangzhou (Nansha),Rotterdam,8,0.0098,0.6185,0.9122525616172805
Guangzhou (Nansha),Rotterdam,9,-0.0077,0.6973,0.9308338745940545
Guangzhou (Nansha),Rotterdam,10,-0.0135,0.493,0.8680185185185185
Guangzhou (Nansha),Rotterdam,11,-0.0251,0.2015,0.6742012578616352
Guangzhou (Nansha),Rotterdam,12,-0.0194,0.3254,0.7787350427350428
Guangzhou (Nansha),Rotterdam,13,0.0213,0.2802,0.7419930313588851
Guangzhou (Nansha),Rotterdam,14,0.0329,0.0952,0.5084979919678715
Guangzhou (Nansha),Sakai-Semboku,1,-0.0278,0.1569,0.6219880774962743
Guangzhou (Nansha),Sakai-Semboku,2,-0.0047,0.8121,0.9670165526373868
Guangzhou (Nansha),Sakai-Semboku,3,-0.0332,0.0911,0.5084979919678715
Guangzhou (Nansha),Sakai-Semboku,4,-0.0161,0.4118,0.8227441860465116
Guangzhou (Nansha),Sakai-Semboku,5,-0.0276,0.1608,0.6248087591240875
Guangzhou (Nansha),Sakai-Semboku,6,0.0408,0.0379,0.36719565217391303
Guangzhou (Nansha),Sakai-Semboku,7,-0.0105,0.5926,0.9027142449329147
Guangzhou (Nansha),Sakai-Semboku,8,-0.0448,0.0228,0.28389791183294666
Guangzhou (Nansha),Sakai-Semboku,9,-0.0334,0.0896,0.5070978723404256
Guangzhou (Nansha),Sakai-Semboku,10,-0.0391,0.0467,0.4037346278317152
Guangzhou (Nansha),Sakai-Semboku,11,-0.0221,0.2625,0.7253541017653167
Guangzhou (Nansha),Sakai-Semboku,12,0.0463,0.0185,0.25235897435897436
Guangzhou (Nansha),Sakai-Semboku,13,0.0748,0.0001,0.004470588235294118
Guangzhou (Nansha),Sakai-Semboku,14,0.0178,0.3669,0.7944273504273505
Guangzhou (Nansha),Shanghai (Pudong),1,0.0149,0.449,0.8439138722202613
Guangzhou (Nansha),Shanghai (Pudong),2,0.0095,0.6273,0.9153143170597915
Guangzhou (Nansha),Shanghai (Pudong),3,-0.0117,0.552,0.8905635159542445
Guangzhou (Nansha),Shanghai (Pudong),4,-0.006,0.7591,0.9494461683121768
Guangzhou (Nansha),Shanghai (Pudong),5,0.0046,0.8166,0.9670165526373868
Guangzhou (Nansha),Shanghai (Pudong),6,-0.0486,0.0134,0.21867484662576686
Guangzhou (Nansha),Shanghai (Pudong),7,-0.0061,0.7554,0.9481188118811881
Guangzhou (Nansha),Shanghai (Pudong),8,-0.054,0.006,0.12324324324324325
Guangzhou (Nansha),Shanghai (Pudong),9,-0.0168,0.3927,0.8163127187864644
Guangzhou (Nansha),Shanghai (Pudong),10,0.015,0.4454,0.8411529996450124
Guangzhou (Nansha),Shanghai (Pudong),11,0.0362,0.0656,0.46727807486631007
Guangzhou (Nansha),Shanghai (Pudong),12,0.0203,0.3033,0.7625500945179585
Guangzhou (Nansha),Shanghai (Pudong),13,-0.0063,0.7479,0.9446410256410256
Guangzhou (Nansha),Shanghai (Pudong),14,-0.0117,0.5533,0.8905635159542445
Guangzhou (Nansha),Singapore,1,-0.0215,0.274,0.7350882501260716
Guangzhou (Nansha),Singapore,2,-0.0019,0.9236,0.9874707520891364
Guangzhou (Nansha),Singapore,3,-0.0085,0.6671,0.9237668488160292
Guangzhou (Nansha),Singapore,4,-0.0019,0.9216,0.9874707520891364
Guangzhou (Nansha),Singapore,5,-0.0151,0.4439,0.8400796302879487
Guangzhou (Nansha),Singapore,6,0.0307,0.118,0.5540688437775816
Guangzhou (Nansha),Singapore,7,0.0634,0.0012,0.03916564417177914
Guangzhou (Nansha),Singapore,8,-0.0348,0.0771,0.48541065088757396
Guangzhou (Nansha),Singapore,9,-0.0021,0.9164,0.9860938511326861
Guangzhou (Nansha),Singapore,10,-0.0021,0.9153,0.9857076923076923
Guangzhou (Nansha),Singapore,11,-0.0283,0.1504,0.6089254185692542
Guangzhou (Nansha),Singapore,12,0.0175,0.3742,0.7994931836407378
Guangzhou (Nansha),Singapore,13,0.0175,0.375,0.7995991983967935
Guangzhou (Nansha),Singapore,14,0.024,0.2232,0.6871666666666666
Guangzhou (Nansha),Tianjin Xin Gang,1,0.0436,0.0263,0.3075076923076923
Guangzhou (Nansha),Tianjin Xin Gang,2,0.0162,0.4102,0.8225461393596986
Guangzhou (Nansha),Tianjin Xin Gang,3,0.0052,0.7918,0.955837531200363
Guangzhou (Nansha),Tianjin Xin Gang,4,-0.0223,0.2576,0.72118043135192
Guangzhou (Nansha),Tianjin Xin Gang,5,-0.0332,0.0908,0.5084979919678715
Guangzhou (Nansha),Tianjin Xin Gang,6,-0.0168,0.3919,0.8156917057902975
Guangzhou (Nansha),Tianjin Xin Gang,7,0.0105,0.592,0.9024183381088825
Guangzhou (Nansha),Tianjin Xin Gang,8,0.0215,0.275,0.7362858580775038
Guangzhou (Nansha),Tianjin Xin Gang,9,0.0105,0.5944,0.9027142449329147
Guangzhou (Nansha),Tianjin Xin Gang,10,0.0269,0.1717,0.6414634831460674
Guangzhou (Nansha),Tianjin Xin Gang,11,0.0049,0.8021,0.9623752819124944
Guangzhou (Nansha),Tianjin Xin Gang,12,-0.0331,0.0923,0.5084979919678715
Guangzhou (Nansha),Tianjin Xin Gang,13,0.0548,0.0054,0.11354940711462451
Guangzhou (Nansha),Tianjin Xin Gang,14,0.0877,0.0,0.0
Guangzhou (Nansha),Ulsan,1,0.0088,0.6527,0.9183082209886334
Guangzhou (Nansha),Ulsan,2,-0.0124,0.5286,0.8859414910349166
Guangzhou (Nansha),Ulsan,3,0.0229,0.2433,0.7107940691927512
Guangzhou (Nansha),Ulsan,4,0.0088,0.6555,0.9186670179135933
Guangzhou (Nansha),Ulsan,5,-0.0195,0.3207,0.7751585642889595
Guangzhou (Nansha),Ulsan,6,-0.0125,0.5257,0.8847592534008225
Guangzhou (Nansha),Ulsan,7,0.0158,0.4228,0.8287752394988948
Guangzhou (Nansha),Ulsan,8,0.0016,0.9349,0.9878188679245283
Guangzhou (Nansha),Ulsan,9,-0.0196,0.3187,0.774193607305936
Guangzhou (Nansha),Ulsan,10,0.0086,0.6611,0.9202124542124542
Guangzhou (Nansha),Ulsan,11,-0.0197,0.3176,0.7729332113449222
Guangzhou (Nansha),Ulsan,12,0.0015,0.9388,0.9893240942387647
Guangzhou (Nansha),Ulsan,13,0.0227,0.2491,0.7151710739341608
Guangzhou (Nansha),Ulsan,14,0.0015,0.9408,0.9898481613285884
Guangzhou (Nansha),Yokohama,1,-0.0441,0.0248,0.2971531531531531
Guangzhou (Nansha),Yokohama,2,-0.0167,0.3952,0.8168080808080809
Guangzhou (Nansha),Yokohama,3,-0.0113,0.5668,0.8939745034094277
Guangzhou (Nansha),Yokohama,4,-0.0168,0.3936,0.8163127187864644
Guangzhou (Nansha),Yokohama,5,-0.0387,0.0488,0.4114358161648178
Guangzhou (Nansha),Yokohama,6,0.0106,0.5908,0.9018216231717808
Guangzhou (Nansha),Yokohama,7,-0.0059,0.7641,0.9513250643575942
Guangzhou (Nansha),Yokohama,8,-0.0114,0.5617,0.8914723049434187
Guangzhou (Nansha),Yokohama,9,-0.0389,0.0482,0.4096230031948882
Guangzhou (Nansha),Yokohama,10,-0.017,0.3887,0.8137947306331105
Guangzhou (Nansha),Yokohama,11,-0.0225,0.2534,0.7202155816435432
Guangzhou (Nansha),Yokohama,12,-0.0061,0.7581,0.9491861614497529
Guangzhou (Nansha),Yokohama,13,0.0433,0.028,0.3203440860215054
Guangzhou (Nansha),Yokohama,14,0.0432,0.0281,0.3207982832618026
Gwangyang (Kwangyang),Antwerp,1,0.0008,0.9677,0.9919391136801542
Gwangyang (Kwangyang),Antwerp,2,0.0074,0.7052,0.9316275142786193
Gwangyang (Kwangyang),Antwerp,3,-0.0126,0.5221,0.8832921027592768
Gwangyang (Kwangyang),Antwerp,4,-0.0055,0.78,0.9540866773675762
Gwangyang (Kwangyang),Antwerp,5,0.0145,0.4595,0.8516447230929989
Gwangyang (Kwangyang),Antwerp,6,0.0078,0.6905,0.9301939393939394
Gwangyang (Kwangyang),Antwerp,7,0.0747,0.0001,0.004470588235294118
Gwangyang (Kwangyang),Antwerp,8,0.0479,0.0148,0.22560458452722065
Gwangyang (Kwangyang),Antwerp,9,0.0282,0.1511,0.6104126984126984
Gwangyang (Kwangyang),Antwerp,10,-0.012,0.542,0.8870475606014114
Gwangyang (Kwangyang),Antwerp,11,-0.0321,0.1025,0.5258437801350048
Gwangyang (Kwangyang),Antwerp,12,0.0014,0.9451,0.9908012350443843
Gwangyang (Kwangyang),Antwerp,13,-0.0386,0.0497,0.41285847589424574
Gwangyang (Kwangyang),Antwerp,14,0.0084,0.6701,0.9257159179433915
Gwangyang (Kwangyang),Busan,1,0.0672,0.0006,0.0228
Gwangyang (Kwangyang),Busan,2,0.0121,0.5371,0.8868865468071915
Gwangyang (Kwangyang),Busan,3,-0.0429,0.029,0.3275583864118896
Gwangyang (Kwangyang),Busan,4,-0.0288,0.1426,0.59268125
Gwangyang (Kwangyang),Busan,5,0.0057,0.7738,0.9540866773675762
Gwangyang (Kwangyang),Busan,6,-0.0013,0.9484,0.9908012350443843
Gwangyang (Kwangyang),Busan,7,0.0194,0.3239,0.7768926961226331
Gwangyang (Kwangyang),Busan,8,0.0263,0.1816,0.654991186440678
Gwangyang (Kwangyang),Busan,9,0.0194,0.3253,0.7787350427350428
Gwangyang (Kwangyang),Busan,10,-0.0014,0.9445,0.9908012350443843
Gwangyang (Kwangyang),Busan,11,-0.0152,0.4401,0.8370868787987129
Gwangyang (Kwangyang),Busan,12,0.0331,0.0928,0.5084979919678715
Gwangyang (Kwangyang),Busan,13,0.0331,0.0931,0.5084979919678715
Gwangyang (Kwangyang),Busan,14,-0.0153,0.4382,0.8358637504481893
Gwangyang (Kwangyang),Chiba,1,0.0178,0.3655,0.7939812168231931
Gwangyang (Kwangyang),Chiba,2,0.024,0.221,0.6867016317016318
Gwangyang (Kwangyang),Chiba,3,-0.0075,0.7043,0.931033043478261
Gwangyang (Kwangyang),Chiba,4,0.0309,0.1159,0.5495280498664292
Gwangyang (Kwangyang),Chiba,5,0.0498,0.0112,0.1972980132450331
Gwangyang (Kwangyang),Chiba,6,0.0182,0.3544,0.7938594867480018
Gwangyang (Kwangyang),Chiba,7,0.0371,0.0589,0.4444652482269504
Gwangyang (Kwangyang),Chiba,8,0.0308,0.1174,0.5531858407079646
Gwangyang (Kwangyang),Chiba,9,0.0181,0.3568,0.7939812168231931
Gwangyang (Kwangyang),Chiba,10,0.0181,0.3576,0.7939812168231931
Gwangyang (Kwangyang),Chiba,11,-0.0009,0.9643,0.9908012350443843
Gwangyang (Kwangyang),Chiba,12,0.0244,0.2158,0.6854433234421364
Gwangyang (Kwangyang),Chiba,13,0.037,0.0603,0.447883495145631
Gwangyang (Kwangyang),Chiba,14,-0.001,0.961,0.9908012350443843
Gwangyang (Kwangyang),Guangzhou (Nansha),1,-0.0048,0.8081,0.9654372333258479
Gwangyang (Kwangyang),Guangzhou (Nansha),2,-0.0048,0.8071,0.9651094628006294
Gwangyang (Kwangyang),Guangzhou (Nansha),3,-0.0241,0.2209,0.6867016317016318
Gwangyang (Kwangyang),Guangzhou (Nansha),4,-0.0172,0.3805,0.8057270194986071
Gwangyang (Kwangyang),Guangzhou (Nansha),5,0.0278,0.1579,0.62223598820059
Gwangyang (Kwangyang),Guangzhou (Nansha),6,-0.0105,0.592,0.9024183381088825
Gwangyang (Kwangyang),Guangzhou (Nansha),7,0.0281,0.1527,0.6128607975921746
Gwangyang (Kwangyang),Guangzhou (Nansha),8,-0.0106,0.5903,0.9017881136950905
Gwangyang (Kwangyang),Guangzhou (Nansha),9,0.0023,0.9079,0.9833939393939395
Gwangyang (Kwangyang),Guangzhou (Nansha),10,0.0023,0.9089,0.9833939393939395
Gwangyang (Kwangyang),Guangzhou (Nansha),11,0.0087,0.6595,0.9195801047120419
Gwangyang (Kwangyang),Guangzhou (Nansha),12,-0.0236,0.2306,0.6966450880181715
Gwangyang (Kwangyang),Guangzhou (Nansha),13,-0.0172,0.3831,0.8081252973830293
Gwangyang (Kwangyang),Guangzhou (Nansha),14,0.0344,0.0807,0.4884232081911262
Gwangyang (Kwangyang),Hong Kong,1,0.003,0.8805,0.9796734013747136
Gwangyang (Kwangyang),Hong Kong,2,0.0029,0.8814,0.9796734013747136
Gwangyang (Kwangyang),Hong Kong,3,-0.0184,0.3483,0.7874866128346791
Gwangyang (Kwangyang),Hong Kong,4,-0.0109,0.5778,0.8983482298316889
Gwangyang (Kwangyang),Hong Kong,5,0.0033,0.8664,0.9780122543841115
Gwangyang (Kwangyang),Hong Kong,6,0.0033,0.8674,0.9780122543841115
Gwangyang (Kwangyang),Hong Kong,7,0.0104,0.597,0.9037189189189189
Gwangyang (Kwangyang),Hong Kong,8,0.0032,0.8693,0.9780122543841115
Gwangyang (Kwangyang),Hong Kong,9,-0.0253,0.1978,0.669203539823009
Gwangyang (Kwangyang),Hong Kong,10,-0.0039,0.841,0.9746573731213243
Gwangyang (Kwangyang),Hong Kong,11,0.0032,0.8722,0.9784640605296342
Gwangyang (Kwangyang),Hong Kong,12,0.0246,0.2122,0.6818455971049457
Gwangyang (Kwangyang),Hong Kong,13,0.0031,0.8741,0.9784640605296342
Gwangyang (Kwangyang),Hong Kong,14,-0.0326,0.0978,0.5141264822134387
Gwangyang (Kwangyang),Kaohsiung,1,-0.0017,0.9314,0.9874707520891364
Gwangyang (Kwangyang),Kaohsiung,2,0.0048,0.8058,0.9646390639063906
Gwangyang (Kwangyang),Kaohsiung,3,0.0572,0.0036,0.08785321100917431
Gwangyang (Kwangyang),Kaohsiung,4,0.0447,0.0229,0.28389791183294666
Gwangyang (Kwangyang),Kaohsiung,5,0.0447,0.023,0.28389791183294666
Gwangyang (Kwangyang),Kaohsiung,6,0.0315,0.109,0.5368628884826325
Gwangyang (Kwangyang),Kaohsiung,7,-0.0408,0.038,0.36719565217391303
Gwangyang (Kwangyang),Kaohsiung,8,-0.0474,0.0159,0.23366850828729285
Gwangyang (Kwangyang),Kaohsiung,9,0.0051,0.7936,0.9558415213946118
Gwangyang (Kwangyang),Kaohsiung,10,-0.0014,0.9413,0.9898628187388812
Gwangyang (Kwangyang),Kaohsiung,11,-0.0343,0.081,0.4886696832579185
Gwangyang (Kwangyang),Kaohsiung,12,-0.0081,0.6817,0.930151569277877
Gwangyang (Kwangyang),Kaohsiung,13,0.0116,0.5552,0.8905635159542445
Gwangyang (Kwangyang),Kaohsiung,14,-0.0016,0.9371,0.9890704225352113
Gwangyang (Kwangyang),Kobe,1,-0.0135,0.4918,0.8672111368909512
Gwangyang (Kwangyang),Kobe,2,-0.0069,0.7248,0.9387171643602816
Gwangyang (Kwangyang),Kobe,3,-0.0136,0.4903,0.8660013280212484
Gwangyang (Kwangyang),Kobe,4,-0.0264,0.1788,0.6514360027378508
Gwangyang (Kwangyang),Kobe,5,-0.0265,0.1785,0.6514360027378508
Gwangyang (Kwangyang),Kobe,6,0.0465,0.0179,0.24734545454545454
Gwangyang (Kwangyang),Kobe,7,0.0133,0.4985,0.871801446416831
Gwangyang (Kwangyang),Kobe,8,0.0199,0.3111,0.7685266573945294
Gwangyang (Kwangyang),Kobe,9,0.0066,0.7363,0.940837656099904
Gwangyang (Kwangyang),Kobe,10,0.0066,0.7373,0.9410834932821497
Gwangyang (Kwangyang),Kobe,11,0.0265,0.1784,0.6514360027378508
Gwangyang (Kwangyang),Kobe,12,-0.02,0.3097,0.7681971176197118
Gwangyang (Kwangyang),Kobe,13,0.0596,0.0024,0.06649999999999999
Gwangyang (Kwangyang),Kobe,14,0.0264,0.1799,0.6532887372013653
Gwangyang (Kwangyang),Mizushima,1,0.0314,0.1098,0.5368628884826325
Gwangyang (Kwangyang),Mizushima,2,0.0246,0.2112,0.6813333333333333
Gwangyang (Kwangyang),Mizushima,3,-0.0027,0.8891,0.9809232683533804
Gwangyang (Kwangyang),Mizushima,4,-0.0023,0.9063,0.9833939393939395
Gwangyang (Kwangyang),Mizushima,5,0.025,0.2028,0.6747317073170732
Gwangyang (Kwangyang),Mizushima,6,0.0113,0.5647,0.8924074844074843
Gwangyang (Kwangyang),Mizushima,7,0.0045,0.8208,0.9670165526373868
Gwangyang (Kwangyang),Mizushima,8,0.0181,0.357,0.7939812168231931
Gwangyang (Kwangyang),Mizushima,9,0.0044,0.8228,0.9670165526373868
Gwangyang (Kwangyang),Mizushima,10,-0.0025,0.9004,0.982187410293213
Gwangyang (Kwangyang),Mizushima,11,-0.0093,0.6354,0.9164693822497976
Gwangyang (Kwangyang),Mizushima,12,-0.0162,0.4105,0.8225461393596986
Gwangyang (Kwangyang),Mizushima,13,0.018,0.3607,0.7939812168231931
Gwangyang (Kwangyang),Mizushima,14,0.0317,0.1078,0.5364705882352941
Gwangyang (Kwangyang),Nagoya,1,0.0628,0.0014,0.04407100591715976
Gwangyang (Kwangyang),Nagoya,2,0.0306,0.1194,0.5547668122270742
Gwangyang (Kwangyang),Nagoya,3,0.0306,0.1198,0.5561396160558464
Gwangyang (Kwangyang),Nagoya,4,-0.0016,0.9334,0.9876677265500796
Gwangyang (Kwangyang),Nagoya,5,0.0246,0.2117,0.6813333333333333
Gwangyang (Kwangyang),Nagoya,6,0.0114,0.5616,0.8914723049434187
Gwangyang (Kwangyang),Nagoya,7,0.0638,0.0012,0.03916564417177914
Gwangyang (Kwangyang),Nagoya,8,0.0507,0.0099,0.17975426621160412
Gwangyang (Kwangyang),Nagoya,9,0.0113,0.5644,0.8924074844074843
Gwangyang (Kwangyang),Nagoya,10,0.0375,0.0564,0.4425486725663717
Gwangyang (Kwangyang),Nagoya,11,-0.0018,0.9261,0.9874707520891364
Gwangyang (Kwangyang),Nagoya,12,0.0113,0.5673,0.894232888888889
Gwangyang (Kwangyang),Nagoya,13,0.0375,0.057,0.4439657631954351
Gwangyang (Kwangyang),Nagoya,14,0.0047,0.8132,0.9670165526373868
Gwangyang (Kwangyang),Ningbo,1,0.0229,0.2444,0.7124325505188421
Gwangyang (Kwangyang),Ningbo,2,0.0034,0.8633,0.9780122543841115
Gwangyang (Kwangyang),Ningbo,3,-0.0226,0.2504,0.7164838709677419
Gwangyang (Kwangyang),Ningbo,4,-0.0092,0.6403,0.9166747246843943
Gwangyang (Kwangyang),Ningbo,5,0.0038,0.8466,0.9757170056252704
Gwangyang (Kwangyang),Ningbo,6,-0.0092,0.6385,0.9164693822497976
Gwangyang (Kwangyang),Ningbo,7,-0.0028,0.8885,0.980906036092097
Gwangyang (Kwangyang),Ningbo,8,-0.0093,0.6367,0.9164693822497976
Gwangyang (Kwangyang),Ningbo,9,0.0232,0.2378,0.7008842105263158
Gwangyang (Kwangyang),Ningbo,10,0.0037,0.852,0.9777049180327868
Gwangyang (Kwangyang),Ningbo,11,0.0167,0.3972,0.818065764023211
Gwangyang (Kwangyang),Ningbo,12,0.0297,0.1319,0.5737254901960784
Gwangyang (Kwangyang),Ningbo,13,-0.0355,0.0716,0.480722891566265
Gwangyang (Kwangyang),Ningbo,14,0.0036,0.8563,0.9780122543841115
Gwangyang (Kwangyang),Port Klang,1,-0.0148,0.4516,0.8459549295774648
Gwangyang (Kwangyang),Port Klang,2,-0.0214,0.2769,0.7391409934771701
Gwangyang (Kwangyang),Port Klang,3,-0.0214,0.2764,0.7391409934771701
Gwangyang (Kwangyang),Port Klang,4,-0.0144,0.4627,0.8528397260273972
Gwangyang (Kwangyang),Port Klang,5,-0.0141,0.4719,0.854495575221239
Gwangyang (Kwangyang),Port Klang,6,0.0122,0.5357,0.8868865468071915
Gwangyang (Kwangyang),Port Klang,7,0.0253,0.1978,0.669203539823009
Gwangyang (Kwangyang),Port Klang,8,-0.001,0.9576,0.9908012350443843
Gwangyang (Kwangyang),Port Klang,9,0.0253,0.1988,0.669203539823009
Gwangyang (Kwangyang),Port Klang,10,0.0384,0.0508,0.4170617283950617
Gwangyang (Kwangyang),Port Klang,11,-0.0077,0.6952,0.930632134774956
Gwangyang (Kwangyang),Port Klang,12,0.0054,0.7824,0.9541238291066941
Gwangyang (Kwangyang),Port Klang,13,-0.0144,0.466,0.8528397260273972
Gwangyang (Kwangyang),Port Klang,14,-0.0012,0.9513,0.9908012350443843
Gwangyang (Kwangyang),Qingdao,1,0.0375,0.0561,0.4414970414201183
Gwangyang (Kwangyang),Qingdao,2,-0.0068,0.73,0.9396179883945842
Gwangyang (Kwangyang),Qingdao,3,-0.0005,0.9803,0.994445587955022
Gwangyang (Kwangyang),Qingdao,4,-0.0,0.9995,0.9996879112615155
Gwangyang (Kwangyang),Qingdao,5,-0.0064,0.7454,0.9445248868778282
Gwangyang (Kwangyang),Qingdao,6,0.0063,0.7495,0.9454414414414416
Gwangyang (Kwangyang),Qingdao,7,-0.0001,0.9962,0.998476836158192
Gwangyang (Kwangyang),Qingdao,8,0.0253,0.199,0.669203539823009
Gwangyang (Kwangyang),Qingdao,9,0.0189,0.3369,0.7820972043010752
Gwangyang (Kwangyang),Qingdao,10,0.0065,0.7401,0.9426219774958104
Gwangyang (Kwangyang),Qingdao,11,0.0192,0.3287,0.7806625
Gwangyang (Kwangyang),Qingdao,12,-0.0508,0.0099,0.17975426621160412
Gwangyang (Kwangyang),Qingdao,13,-0.019,0.3346,0.7820972043010752
Gwangyang (Kwangyang),Qingdao,14,-0.0127,0.5202,0.8819196940726577
Gwangyang (Kwangyang),Rotterdam,1,-0.0023,0.9057,0.9833939393939395
Gwangyang (Kwangyang),Rotterdam,2,-0.0229,0.2445,0.7124325505188421
Gwangyang (Kwangyang),Rotterdam,3,-0.0297,0.1303,0.5714723825226711
Gwangyang (Kwangyang),Rotterdam,4,-0.0157,0.4252,0.8299355783308932
Gwangyang (Kwangyang),Rotterdam,5,-0.002,0.9199,0.9870649455425575
Gwangyang (Kwangyang),Rotterdam,6,-0.0363,0.0647,0.46397846567967693
Gwangyang (Kwangyang),Rotterdam,7,-0.002,0.9179,0.986342822531799
Gwangyang (Kwangyang),Rotterdam,8,-0.0432,0.0279,0.3203440860215054
Gwangyang (Kwangyang),Rotterdam,9,-0.0227,0.2493,0.7153592233009709
Gwangyang (Kwangyang),Rotterdam,10,0.0116,0.5547,0.8905635159542445
Gwangyang (Kwangyang),Rotterdam,11,-0.009,0.6479,0.917866382752196
Gwangyang (Kwangyang),Rotterdam,12,0.0116,0.5565,0.890824165915239
Gwangyang (Kwangyang),Rotterdam,13,-0.0159,0.4193,0.8256325323475046
Gwangyang (Kwangyang),Rotterdam,14,-0.0022,0.9111,0.9836818181818182
Gwangyang (Kwangyang),Sakai-Semboku,1,0.035,0.0747,0.480722891566265
Gwangyang (Kwangyang),Sakai-Semboku,2,0.0019,0.9244,0.9874707520891364
Gwangyang (Kwangyang),Sakai-Semboku,3,-0.0049,0.8041,0.9634711711711712
Gwangyang (Kwangyang),Sakai-Semboku,4,-0.0247,0.2096,0.6804425531914894
Gwangyang (Kwangyang),Sakai-Semboku,5,0.0292,0.1373,0.5829497206703911
Gwangyang (Kwangyang),Sakai-Semboku,6,0.0494,0.012,0.2052733118971061
Gwangyang (Kwangyang),Sakai-Semboku,7,0.0224,0.2542,0.7204816196057537
Gwangyang (Kwangyang),Sakai-Semboku,8,-0.0045,0.8171,0.9670165526373868
Gwangyang (Kwangyang),Sakai-Semboku,9,0.0224,0.2554,0.72118043135192
Gwangyang (Kwangyang),Sakai-Semboku,10,0.0224,0.256,0.72118043135192
Gwangyang (Kwangyang),Sakai-Semboku,11,0.0156,0.4284,0.8308502732240438
Gwangyang (Kwangyang),Sakai-Semboku,12,0.029,0.1401,0.5873380614657211
Gwangyang (Kwangyang),Sakai-Semboku,13,0.0694,0.0004,0.016121212121212123
Gwangyang (Kwangyang),Sakai-Semboku,14,0.0357,0.0696,0.4771546391752577
Gwangyang (Kwangyang),Shanghai (Pudong),1,0.0288,0.1432,0.5941979734996103
Gwangyang (Kwangyang),Shanghai (Pudong),2,-0.0087,0.6573,0.9189852941176472
Gwangyang (Kwangyang),Shanghai (Pudong),3,-0.0275,0.1622,0.6267661115133961
Gwangyang (Kwangyang),Shanghai (Pudong),4,-0.0017,0.9312,0.9874707520891364
Gwangyang (Kwangyang),Shanghai (Pudong),5,-0.008,0.6841,0.930151569277877
Gwangyang (Kwangyang),Shanghai (Pudong),6,0.0234,0.2349,0.69825
Gwangyang (Kwangyang),Shanghai (Pudong),7,0.0233,0.2355,0.6982685236768802
Gwangyang (Kwangyang),Shanghai (Pudong),8,-0.0018,0.9269,0.9874707520891364
Gwangyang (Kwangyang),Shanghai (Pudong),9,0.0233,0.2368,0.6996892341842397
Gwangyang (Kwangyang),Shanghai (Pudong),10,-0.0144,0.4639,0.8528397260273972
Gwangyang (Kwangyang),Shanghai (Pudong),11,0.0044,0.8236,0.9670165526373868
Gwangyang (Kwangyang),Shanghai (Pudong),12,-0.027,0.1698,0.6369014084507042
Gwangyang (Kwangyang),Shanghai (Pudong),13,-0.0208,0.2913,0.7536451142440447
Gwangyang (Kwangyang),Shanghai (Pudong),14,-0.0271,0.169,0.6358415841584159
Gwangyang (Kwangyang),Singapore,1,-0.0172,0.3806,0.8057270194986071
Gwangyang (Kwangyang),Singapore,2,0.0059,0.7649,0.9518755555555556
Gwangyang (Kwangyang),Singapore,3,-0.0173,0.3795,0.8046791550418494
Gwangyang (Kwangyang),Singapore,4,0.0063,0.7504,0.9457077906701397
Gwangyang (Kwangyang),Singapore,5,-0.017,0.388,0.8129814887751083
Gwangyang (Kwangyang),Singapore,6,-0.0015,0.9382,0.989144669044788
Gwangyang (Kwangyang),Singapore,7,0.0217,0.2708,0.728708143651998
Gwangyang (Kwangyang),Singapore,8,-0.017,0.3864,0.8112265193370166
Gwangyang (Kwangyang),Singapore,9,0.0061,0.7548,0.9481188118811881
Gwangyang (Kwangyang),Singapore,10,0.0139,0.4812,0.8589453203622945
Gwangyang (Kwangyang),Singapore,11,-0.0016,0.9339,0.9876677265500796
Gwangyang (Kwangyang),Singapore,12,0.0216,0.2736,0.7343854692230072
Gwangyang (Kwangyang),Singapore,13,0.0061,0.7583,0.9492131764705882
Gwangyang (Kwangyang),Singapore,14,0.0215,0.2747,0.736223677581864
Gwangyang (Kwangyang),Tianjin Xin Gang,1,0.0027,0.8908,0.9811710144927536
Gwangyang (Kwangyang),Tianjin Xin Gang,2,0.022,0.2621,0.7253541017653167
Gwangyang (Kwangyang),Tianjin Xin Gang,3,0.0156,0.4287,0.8308502732240438
Gwangyang (Kwangyang),Tianjin Xin Gang,4,0.0031,0.874,0.9784640605296342
Gwangyang (Kwangyang),Tianjin Xin Gang,5,-0.0163,0.4058,0.8224213333333333
Gwangyang (Kwangyang),Tianjin Xin Gang,6,0.0225,0.2526,0.7197814675950722
Gwangyang (Kwangyang),Tianjin Xin Gang,7,0.003,0.8773,0.9795006294586655
Gwangyang (Kwangyang),Tianjin Xin Gang,8,0.0095,0.6295,0.9158847199564981
Gwangyang (Kwangyang),Tianjin Xin Gang,9,-0.0035,0.8591,0.9780122543841115
Gwangyang (Kwangyang),Tianjin Xin Gang,10,0.0094,0.6316,0.9158847199564981
Gwangyang (Kwangyang),Tianjin Xin Gang,11,-0.0035,0.857,0.9780122543841115
Gwangyang (Kwangyang),Tianjin Xin Gang,12,-0.0227,0.2486,0.7151710739341608
Gwangyang (Kwangyang),Tianjin Xin Gang,13,0.0032,0.8695,0.9780122543841115
Gwangyang (Kwangyang),Tianjin Xin Gang,14,0.0097,0.6222,0.9136138996138996
Gwangyang (Kwangyang),Ulsan,1,0.0486,0.0132,0.21674074074074073
Gwangyang (Kwangyang),Ulsan,2,-0.0013,0.9468,0.9908012350443843
Gwangyang (Kwangyang),Ulsan,3,-0.0346,0.078,0.48579199999999995
Gwangyang (Kwangyang),Ulsan,4,-0.0177,0.3681,0.7953000406008932
Gwangyang (Kwangyang),Ulsan,5,0.0241,0.2212,0.6867016317016318
Gwangyang (Kwangyang),Ulsan,6,-0.001,0.9584,0.9908012350443843
Gwangyang (Kwangyang),Ulsan,7,-0.001,0.9576,0.9908012350443843
Gwangyang (Kwangyang),Ulsan,8,0.0073,0.7111,0.9347117806865892
Gwangyang (Kwangyang),Ulsan,9,-0.0011,0.956,0.9908012350443843
Gwangyang (Kwangyang),Ulsan,10,-0.0178,0.3654,0.7939812168231931
Gwangyang (Kwangyang),Ulsan,11,-0.0262,0.1834,0.6570289562289562
Gwangyang (Kwangyang),Ulsan,12,-0.0011,0.9536,0.9908012350443843
Gwangyang (Kwangyang),Ulsan,13,-0.0179,0.3641,0.7939812168231931
Gwangyang (Kwangyang),Ulsan,14,-0.0346,0.0789,0.48579199999999995
Gwangyang (Kwangyang),Yokohama,1,0.0092,0.6414,0.9166747246843943
Gwangyang (Kwangyang),Yokohama,2,0.0091,0.6424,0.9172216854535694
Gwangyang (Kwangyang),Yokohama,3,-0.0038,0.8462,0.9757170056252704
Gwangyang (Kwangyang),Yokohama,4,-0.0228,0.2462,0.712804785209353
Gwangyang (Kwangyang),Yokohama,5,0.029,0.1401,0.5873380614657211
Gwangyang (Kwangyang),Yokohama,6,0.016,0.4153,0.8231541325390915
Gwangyang (Kwangyang),Yokohama,7,0.0613,0.0018,0.0529060773480663
Gwangyang (Kwangyang),Yokohama,8,0.0419,0.0332,0.35395591182364733
Gwangyang (Kwangyang),Yokohama,9,0.0095,0.6306,0.9158847199564981
Gwangyang (Kwangyang),Yokohama,10,0.0483,0.014,0.22366366366366364
Gwangyang (Kwangyang),Yokohama,11,0.0029,0.8816,0.9796734013747136
Gwangyang (Kwangyang),Yokohama,12,-0.0165,0.4011,0.819970802919708
Gwangyang (Kwangyang),Yokohama,13,0.0288,0.1436,0.5948313908313908
Gwangyang (Kwangyang),Yokohama,14,0.0223,0.2577,0.72118043135192
Hong Kong,Antwerp,1,0.0237,0.2273,0.6921785918717802
Hong Kong,Antwerp,2,0.0111,0.5709,0.8965939893930465
Hong Kong,Antwerp,3,-0.0077,0.6945,0.930632134774956
Hong Kong,Antwerp,4,0.0299,0.128,0.5684140233722872
Hong Kong,Antwerp,5,-0.0015,0.9393,0.9893240942387647
Hong Kong,Antwerp,6,-0.0137,0.4868,0.8638345563709139
Hong Kong,Antwerp,7,0.0241,0.221,0.6867016317016318
Hong Kong,Antwerp,8,-0.0011,0.9538,0.9908012350443843
Hong Kong,Antwerp,9,-0.0067,0.7346,0.940837656099904
Hong Kong,Antwerp,10,0.006,0.7619,0.9508907641819033
Hong Kong,Antwerp,11,-0.0004,0.984,0.9959817351598174
Hong Kong,Antwerp,12,0.0059,0.7641,0.9513250643575942
Hong Kong,Antwerp,13,-0.0382,0.0526,0.4239878787878788
Hong Kong,Antwerp,14,0.0063,0.7507,0.9457077906701397
Hong Kong,Busan,1,-0.0096,0.6243,0.9141325997248968
Hong Kong,Busan,2,0.0033,0.8664,0.9780122543841115
Hong Kong,Busan,3,-0.0097,0.6226,0.9136138996138996
Hong Kong,Busan,4,0.0033,0.8685,0.9780122543841115
Hong Kong,Busan,5,0.0162,0.4105,0.8225461393596986
Hong Kong,Busan,6,0.0296,0.1319,0.5737254901960784
Hong Kong,Busan,7,-0.0029,0.8835,0.9796734013747136
Hong Kong,Busan,8,-0.0029,0.8824,0.9796734013747136
Hong Kong,Busan,9,-0.0025,0.8984,0.9820615258408532
Hong Kong,Busan,10,0.017,0.3874,0.8125739061884115
Hong Kong,Busan,11,0.017,0.3882,0.8130803149606299
Hong Kong,Busan,12,0.017,0.389,0.8137947306331105
Hong Kong,Busan,13,0.0039,0.8431,0.9756033057851239
Hong Kong,Busan,14,0.0104,0.5978,0.9042638612453796
Hong Kong,Chiba,1,-0.016,0.4162,0.8234228337671998
Hong Kong,Chiba,2,-0.0101,0.6083,0.9094425126191812
Hong Kong,Chiba,3,0.0018,0.9285,0.9874707520891364
Hong Kong,Chiba,4,-0.0042,0.8309,0.9706605182257355
Hong Kong,Chiba,5,0.0017,0.9309,0.9874707520891364
Hong Kong,Chiba,6,0.02,0.309,0.7681971176197118
Hong Kong,Chiba,7,0.0259,0.1874,0.6580646864686469
Hong Kong,Chiba,8,-0.0098,0.6184,0.9122525616172805
Hong Kong,Chiba,9,-0.0273,0.1655,0.63175
Hong Kong,Chiba,10,0.0085,0.6661,0.9237668488160292
Hong Kong,Chiba,11,-0.0035,0.86,0.9780122543841115
Hong Kong,Chiba,12,-0.0035,0.8588,0.9780122543841115
Hong Kong,Chiba,13,-0.0035,0.8577,0.9780122543841115
Hong Kong,Chiba,14,0.0263,0.182,0.6558213802435724
Hong Kong,Guangzhou (Nansha),1,0.1377,0.0,0.0
Hong Kong,Guangzhou (Nansha),2,0.035,0.075,0.480722891566265
Hong Kong,Guangzhou (Nansha),3,0.0229,0.2444,0.7124325505188421
Hong Kong,Guangzhou (Nansha),4,0.0108,0.5838,0.8994939481268012
Hong Kong,Guangzhou (Nansha),5,-0.0134,0.495,0.8698586525759576
Hong Kong,Guangzhou (Nansha),6,0.0055,0.7783,0.9540866773675762
Hong Kong,Guangzhou (Nansha),7,0.0359,0.0682,0.4742797385620915
Hong Kong,Guangzhou (Nansha),8,0.0055,0.7806,0.9540866773675762
Hong Kong,Guangzhou (Nansha),9,0.012,0.5411,0.8870475606014114
Hong Kong,Guangzhou (Nansha),10,0.012,0.5422,0.8870475606014114
Hong Kong,Guangzhou (Nansha),11,0.0302,0.1244,0.5645714285714286
Hong Kong,Guangzhou (Nansha),12,-0.0002,0.9902,0.9962927382753403
Hong Kong,Guangzhou (Nansha),13,-0.0185,0.3464,0.7858626865671642
Hong Kong,Guangzhou (Nansha),14,0.0484,0.0139,0.22273493975903613
Hong Kong,Gwangyang (Kwangyang),1,0.0172,0.3819,0.8078361829025845
Hong Kong,Gwangyang (Kwangyang),2,0.01,0.6093,0.9094425126191812
Hong Kong,Gwangyang (Kwangyang),3,0.01,0.6102,0.9098273542600896
Hong Kong,Gwangyang (Kwangyang),4,0.0029,0.8834,0.9796734013747136
Hong Kong,Gwangyang (Kwangyang),5,0.0104,0.5952,0.9034134094151212
Hong Kong,Gwangyang (Kwangyang),6,0.0037,0.8516,0.9774567421790723
Hong Kong,Gwangyang (Kwangyang),7,-0.025,0.204,0.6761869158878504
Hong Kong,Gwangyang (Kwangyang),8,-0.0031,0.8748,0.9784640605296342
Hong Kong,Gwangyang (Kwangyang),9,-0.0316,0.1086,0.5368628884826325
Hong Kong,Gwangyang (Kwangyang),10,0.0044,0.8218,0.9670165526373868
Hong Kong,Gwangyang (Kwangyang),11,0.0044,0.8227,0.9670165526373868
Hong Kong,Gwangyang (Kwangyang),12,0.0332,0.0916,0.5084979919678715
Hong Kong,Gwangyang (Kwangyang),13,0.0044,0.8246,0.9675500661667402
Hong Kong,Gwangyang (Kwangyang),14,0.0115,0.5577,0.8910321224857399
Hong Kong,Kaohsiung,1,0.0515,0.0087,0.163547703180212
Hong Kong,Kaohsiung,2,0.0145,0.4616,0.8523818118708781
Hong Kong,Kaohsiung,3,0.0021,0.9149,0.9855841263413647
Hong Kong,Kaohsiung,4,-0.0226,0.2502,0.7164838709677419
Hong Kong,Kaohsiung,5,-0.0411,0.0363,0.366
Hong Kong,Kaohsiung,6,0.0087,0.6595,0.9195801047120419
Hong Kong,Kaohsiung,7,0.0024,0.9009,0.9825313653136531
Hong Kong,Kaohsiung,8,-0.0223,0.2563,0.72118043135192
Hong Kong,Kaohsiung,9,-0.0033,0.8648,0.9780122543841115
Hong Kong,Kaohsiung,10,-0.0158,0.4223,0.8281002580169554
Hong Kong,Kaohsiung,11,0.009,0.6472,0.917866382752196
Hong Kong,Kaohsiung,12,-0.0345,0.0799,0.48579199999999995
Hong Kong,Kaohsiung,13,0.009,0.6493,0.9183082209886334
Hong Kong,Kaohsiung,14,-0.0097,0.6225,0.9136138996138996
Hong Kong,Kobe,1,0.0099,0.6131,0.9108327282881876
Hong Kong,Kobe,2,0.0473,0.0161,0.2353076923076923
Hong Kong,Kobe,3,-0.0026,0.8956,0.9816653632434656
Hong Kong,Kobe,4,-0.0088,0.653,0.9183082209886334
Hong Kong,Kobe,5,-0.0213,0.2781,0.7404864864864865
Hong Kong,Kobe,6,0.0665,0.0007,0.025861111111111112
Hong Kong,Kobe,7,0.0352,0.0731,0.480722891566265
Hong Kong,Kobe,8,0.0352,0.0734,0.480722891566265
Hong Kong,Kobe,9,0.0295,0.134,0.5762974939369443
Hong Kong,Kobe,10,0.0106,0.5885,0.9003782696177063
Hong Kong,Kobe,11,-0.0019,0.9225,0.9874707520891364
Hong Kong,Kobe,12,-0.0207,0.292,0.754286265060241
Hong Kong,Kobe,13,0.0294,0.1357,0.5803247588424436
Hong Kong,Kobe,14,-0.002,0.9192,0.9870649455425575
Hong Kong,Mizushima,1,0.0407,0.0384,0.3694177215189873
Hong Kong,Mizushima,2,0.0406,0.0385,0.36971119133574004
Hong Kong,Mizushima,3,0.0213,0.2774,0.7398957915831664
Hong Kong,Mizushima,4,0.0085,0.6666,0.9237668488160292
Hong Kong,Mizushima,5,-0.0108,0.5817,0.8983482298316889
Hong Kong,Mizushima,6,0.0218,0.2684,0.7284266124936516
Hong Kong,Mizushima,7,-0.0234,0.2346,0.69825
Hong Kong,Mizushima,8,0.0088,0.6538,0.9183985220374768
Hong Kong,Mizushima,9,-0.0101,0.6065,0.9081283422459894
Hong Kong,Mizushima,10,-0.0102,0.6056,0.9076969014084508
Hong Kong,Mizushima,11,0.0027,0.8893,0.9809404934687953
Hong Kong,Mizushima,12,-0.0038,0.8489,0.9761573373676248
Hong Kong,Mizushima,13,0.0156,0.4277,0.8308502732240438
Hong Kong,Mizushima,14,-0.0038,0.8469,0.9757170056252704
Hong Kong,Nagoya,1,0.0075,0.7015,0.9309337319382163
Hong Kong,Nagoya,2,0.0141,0.4745,0.855669376693767
Hong Kong,Nagoya,3,0.0079,0.6888,0.9301939393939394
Hong Kong,Nagoya,4,0.014,0.4764,0.8566223422207223
Hong Kong,Nagoya,5,-0.0106,0.5882,0.9003782696177063
Hong Kong,Nagoya,6,0.0268,0.1731,0.64218410041841
Hong Kong,Nagoya,7,0.0021,0.9163,0.9860938511326861
Hong Kong,Nagoya,8,-0.0103,0.6003,0.9060130348540663
Hong Kong,Nagoya,9,0.0087,0.6596,0.9195801047120419
Hong Kong,Nagoya,10,0.0334,0.0896,0.5070978723404256
Hong Kong,Nagoya,11,-0.0162,0.4117,0.8227441860465116
Hong Kong,Nagoya,12,-0.0162,0.411,0.8227441860465116
Hong Kong,Nagoya,13,0.0024,0.9045,0.9833939393939395
Hong Kong,Nagoya,14,0.0085,0.665,0.9235397860683537
Hong Kong,Ningbo,1,0.0129,0.5129,0.8790756356614097
Hong Kong,Ningbo,2,0.0006,0.9753,0.9939088471849865
Hong Kong,Ningbo,3,0.0006,0.9765,0.994122947689958
Hong Kong,Ningbo,4,-0.0117,0.5528,0.8905635159542445
Hong Kong,Ningbo,5,-0.0056,0.7763,0.9540866773675762
Hong Kong,Ningbo,6,-0.0052,0.7926,0.9558415213946118
Hong Kong,Ningbo,7,-0.0175,0.3748,0.7994931836407378
Hong Kong,Ningbo,8,0.0009,0.9635,0.9908012350443843
Hong Kong,Ningbo,9,0.0075,0.7037,0.931033043478261
Hong Kong,Ningbo,10,0.0013,0.947,0.9908012350443843
Hong Kong,Ningbo,11,-0.0356,0.0704,0.4795492957746479
Hong Kong,Ningbo,12,-0.0172,0.3826,0.8079222222222222
Hong Kong,Ningbo,13,-0.0357,0.0701,0.4787317073170731
Hong Kong,Ningbo,14,0.0073,0.7092,0.9341282495667246
Hong Kong,Port Klang,1,0.033,0.093,0.5084979919678715
Hong Kong,Port Klang,2,0.0145,0.4616,0.8523818118708781
Hong Kong,Port Klang,3,0.0268,0.173,0.64218410041841
Hong Kong,Port Klang,4,0.0082,0.675,0.9267450980392158
Hong Kong,Port Klang,5,0.0086,0.6613,0.9202500653936698
Hong Kong,Port Klang,6,0.0401,0.0415,0.3813126079447323
Hong Kong,Port Klang,7,0.0338,0.0852,0.4997398015435502
Hong Kong,Port Klang,8,-0.0096,0.6256,0.9144846153846155
Hong Kong,Port Klang,9,-0.0279,0.1567,0.6219880774962743
Hong Kong,Port Klang,10,-0.0155,0.4324,0.8329467969598262
Hong Kong,Port Klang,11,0.0094,0.6327,0.9158847199564981
Hong Kong,Port Klang,12,-0.0155,0.4309,0.8311776649746194
Hong Kong,Port Klang,13,-0.028,0.1553,0.6188734082397004
Hong Kong,Port Klang,14,-0.0031,0.8742,0.9784640605296342
Hong Kong,Qingdao,1,-0.0213,0.2789,0.741503248375812
Hong Kong,Qingdao,2,-0.0094,0.633,0.9158847199564981
Hong Kong,Qingdao,3,-0.0094,0.632,0.9158847199564981
Hong Kong,Qingdao,4,-0.0035,0.8593,0.9780122543841115
Hong Kong,Qingdao,5,0.0084,0.6692,0.925091192517537
Hong Kong,Qingdao,6,0.0029,0.8829,0.9796734013747136
Hong Kong,Qingdao,7,0.0088,0.653,0.9183082209886334
Hong Kong,Qingdao,8,0.0387,0.0491,0.4115471698113208
Hong Kong,Qingdao,9,-0.0027,0.8908,0.9811710144927536
Hong Kong,Qingdao,10,-0.0024,0.9041,0.9833939393939395
Hong Kong,Qingdao,11,-0.0144,0.464,0.8528397260273972
Hong Kong,Qingdao,12,-0.0265,0.1789,0.6514360027378508
Hong Kong,Qingdao,13,-0.0085,0.6673,0.9237668488160292
Hong Kong,Qingdao,14,0.0336,0.0883,0.5034898177920686
Hong Kong,Rotterdam,1,0.0347,0.077,0.4853554502369668
Hong Kong,Rotterdam,2,0.0025,0.8989,0.9820615258408532
Hong Kong,Rotterdam,3,-0.004,0.8399,0.9739032258064516
Hong Kong,Rotterdam,4,-0.004,0.8389,0.9737085514834205
Hong Kong,Rotterdam,5,0.0217,0.2687,0.7284266124936516
Hong Kong,Rotterdam,6,0.0093,0.6365,0.9164693822497976
Hong Kong,Rotterdam,7,0.0351,0.0741,0.480722891566265
Hong Kong,Rotterdam,8,0.0157,0.4248,0.8299355783308932
Hong Kong,Rotterdam,9,0.0097,0.6229,0.9136553625585883
Hong Kong,Rotterdam,10,0.0226,0.2505,0.7164838709677419
Hong Kong,Rotterdam,11,0.0226,0.2512,0.7173290391841115
Hong Kong,Rotterdam,12,0.0355,0.0711,0.480722891566265
Hong Kong,Rotterdam,13,0.0161,0.4149,0.8231541325390915
Hong Kong,Rotterdam,14,-0.0034,0.8622,0.9780122543841115
Hong Kong,Sakai-Semboku,1,0.0183,0.3515,0.7910236886632824
Hong Kong,Sakai-Semboku,2,0.0124,0.5285,0.8859414910349166
Hong Kong,Sakai-Semboku,3,0.006,0.7588,0.9493922859830668
Hong Kong,Sakai-Semboku,4,-0.0446,0.0232,0.28561290322580646
Hong Kong,Sakai-Semboku,5,0.0123,0.5314,0.8859442181134439
Hong Kong,Sakai-Semboku,6,0.0508,0.0097,0.17794482758620692
Hong Kong,Sakai-Semboku,7,0.0064,0.7454,0.9445248868778282
Hong Kong,Sakai-Semboku,8,-0.0254,0.1973,0.669203539823009
Hong Kong,Sakai-Semboku,9,-0.0187,0.343,0.7842886597938145
Hong Kong,Sakai-Semboku,10,0.0004,0.9836,0.9957663177925785
Hong Kong,Sakai-Semboku,11,-0.0124,0.5304,0.8859442181134439
Hong Kong,Sakai-Semboku,12,-0.0251,0.2022,0.6744225705329153
Hong Kong,Sakai-Semboku,13,0.0258,0.1904,0.6623921568627451
Hong Kong,Sakai-Semboku,14,-0.0252,0.2014,0.6742012578616352
Hong Kong,Shanghai (Pudong),1,-0.0114,0.5619,0.8914723049434187
Hong Kong,Shanghai (Pudong),2,-0.0173,0.3785,0.8038403193612775
Hong Kong,Shanghai (Pudong),3,0.0003,0.9877,0.9962927382753403
Hong Kong,Shanghai (Pudong),4,-0.0053,0.7892,0.9555938209904588
Hong Kong,Shanghai (Pudong),5,-0.0053,0.7881,0.9552010931450694
Hong Kong,Shanghai (Pudong),6,-0.0285,0.1473,0.6009478527607361
Hong Kong,Shanghai (Pudong),7,-0.0049,0.8041,0.9634711711711712
Hong Kong,Shanghai (Pudong),8,-0.0345,0.0797,0.48579199999999995
Hong Kong,Shanghai (Pudong),9,0.0015,0.941,0.9898481613285884
Hong Kong,Shanghai (Pudong),10,0.0311,0.1143,0.5463396226415094
Hong Kong,Shanghai (Pudong),11,0.0014,0.9434,0.9908012350443843
Hong Kong,Shanghai (Pudong),12,-0.0223,0.2563,0.72118043135192
Hong Kong,Shanghai (Pudong),13,-0.0224,0.2558,0.72118043135192
Hong Kong,Shanghai (Pudong),14,0.0013,0.947,0.9908012350443843
Hong Kong,Singapore,1,0.0275,0.162,0.6267661115133961
Hong Kong,Singapore,2,0.0057,0.7732,0.9540866773675762
Hong Kong,Singapore,3,-0.0089,0.6514,0.9183082209886334
Hong Kong,Singapore,4,0.0056,0.775,0.9540866773675762
Hong Kong,Singapore,5,-0.0017,0.9325,0.9874707520891364
Hong Kong,Singapore,6,0.006,0.7616,0.9508828913400611
Hong Kong,Singapore,7,0.0496,0.0116,0.2023344262295082
Hong Kong,Singapore,8,-0.0086,0.6603,0.9195801047120419
Hong Kong,Singapore,9,-0.0083,0.6725,0.9267450980392158
Hong Kong,Singapore,10,0.0209,0.2886,0.7500498290180754
Hong Kong,Singapore,11,-0.0011,0.9571,0.9908012350443843
Hong Kong,Singapore,12,-0.0011,0.9562,0.9908012350443843
Hong Kong,Singapore,13,-0.0084,0.6693,0.925091192517537
Hong Kong,Singapore,14,0.0281,0.1536,0.6138154538634658
Hong Kong,Tianjin Xin Gang,1,0.0242,0.2178,0.6856189349112426
Hong Kong,Tianjin Xin Gang,2,-0.0001,0.9943,0.997675594115428
Hong Kong,Tianjin Xin Gang,3,-0.0123,0.5304,0.8859442181134439
Hong Kong,Tianjin Xin Gang,4,-0.0184,0.3482,0.7874866128346791
Hong Kong,Tianjin Xin Gang,5,0.018,0.3594,0.7939812168231931
Hong Kong,Tianjin Xin Gang,6,0.0002,0.9916,0.9970476190476191
Hong Kong,Tianjin Xin Gang,7,0.0124,0.5291,0.8859414910349166
Hong Kong,Tianjin Xin Gang,8,0.0185,0.3483,0.7874866128346791
Hong Kong,Tianjin Xin Gang,9,-0.0117,0.5538,0.8905635159542445
Hong Kong,Tianjin Xin Gang,10,0.0067,0.7344,0.940837656099904
Hong Kong,Tianjin Xin Gang,11,0.025,0.2039,0.6761869158878504
Hong Kong,Tianjin Xin Gang,12,0.0009,0.9645,0.9908012350443843
Hong Kong,Tianjin Xin Gang,13,-0.0053,0.7884,0.9552010931450694
Hong Kong,Tianjin Xin Gang,14,0.0131,0.5064,0.8741232965606748
Hong Kong,Ulsan,1,-0.0156,0.427,0.8308502732240438
Hong Kong,Ulsan,2,-0.0078,0.6919,0.9301939393939394
Hong Kong,Ulsan,3,0.0157,0.4239,0.8294034571533652
Hong Kong,Ulsan,4,-0.0078,0.6904,0.9301939393939394
Hong Kong,Ulsan,5,0.0392,0.0461,0.40337500000000004
Hong Kong,Ulsan,6,0.016,0.4145,0.8231541325390915
Hong Kong,Ulsan,7,-0.0154,0.4326,0.8329467969598262
Hong Kong,Ulsan,8,0.0239,0.225,0.6878414704192992
Hong Kong,Ulsan,9,0.0006,0.9756,0.9939088471849865
Hong Kong,Ulsan,10,0.0085,0.667,0.9237668488160292
Hong Kong,Ulsan,11,0.0242,0.2184,0.6857028301886792
Hong Kong,Ulsan,12,-0.0152,0.4389,0.8360816034359342
Hong Kong,Ulsan,13,-0.0074,0.7081,0.9340669476816266
Hong Kong,Ulsan,14,0.0005,0.9799,0.9942910547396528
Hong Kong,Yokohama,1,0.012,0.5397,0.8870475606014114
Hong Kong,Yokohama,2,0.0059,0.7624,0.9508907641819033
Hong Kong,Yokohama,3,0.0363,0.0645,0.46370270270270275
Hong Kong,Yokohama,4,0.0363,0.0648,0.46397846567967693
Hong Kong,Yokohama,5,-0.0246,0.2117,0.6813333333333333
Hong Kong,Yokohama,6,0.0063,0.7484,0.9448239202657807
Hong Kong,Yokohama,7,0.0307,0.1187,0.5547668122270742
Hong Kong,Yokohama,8,0.0185,0.3483,0.7874866128346791
Hong Kong,Yokohama,9,-0.0239,0.2247,0.6878414704192992
Hong Kong,Yokohama,10,0.0128,0.5156,0.8800102662816811
Hong Kong,Yokohama,11,-0.0056,0.7765,0.9540866773675762
Hong Kong,Yokohama,12,-0.0301,0.1263,0.5674367622259696
Hong Kong,Yokohama,13,-0.0118,0.5502,0.8905635159542445
Hong Kong,Yokohama,14,0.0188,0.3397,0.7820972043010752
Kaohsiung,Antwerp,1,-0.0197,0.316,0.7708273018781494
Kaohsiung,Antwerp,2,-0.0313,0.1113,0.5382758620689655
Kaohsiung,Antwerp,3,-0.0198,0.3147,0.7693952205882352
Kaohsiung,Antwerp,4,0.0149,0.449,0.8439138722202613
Kaohsiung,Antwerp,5,0.0033,0.8669,0.9780122543841115
Kaohsiung,Antwerp,6,-0.0025,0.8983,0.9820615258408532
Kaohsiung,Antwerp,7,0.0495,0.0119,0.2048802588996764
Kaohsiung,Antwerp,8,-0.0141,0.4725,0.8550710642638559
Kaohsiung,Antwerp,9,-0.0485,0.0136,0.22058536585365854
Kaohsiung,Antwerp,10,0.0036,0.8557,0.9780122543841115
Kaohsiung,Antwerp,11,0.0441,0.025,0.29820627802690586
Kaohsiung,Antwerp,12,0.0615,0.0018,0.0529060773480663
Kaohsiung,Antwerp,13,0.0097,0.621,0.9133867846281449
Kaohsiung,Antwerp,14,0.0329,0.0943,0.5084979919678715
Kaohsiung,Busan,1,0.0028,0.8865,0.9806986899563318
Kaohsiung,Busan,2,0.0207,0.293,0.754286265060241
Kaohsiung,Busan,3,-0.0151,0.441,0.8381993569131833
Kaohsiung,Busan,4,-0.0032,0.8688,0.9780122543841115
Kaohsiung,Busan,5,0.0087,0.6599,0.9195801047120419
Kaohsiung,Busan,6,0.0265,0.1775,0.6514360027378508
Kaohsiung,Busan,7,-0.0332,0.0918,0.5084979919678715
Kaohsiung,Busan,8,-0.0332,0.0916,0.5084979919678715
Kaohsiung,Busan,9,-0.0034,0.8632,0.9780122543841115
Kaohsiung,Busan,10,0.0204,0.299,0.758550309966619
Kaohsiung,Busan,11,0.0085,0.6666,0.9237668488160292
Kaohsiung,Busan,12,0.0263,0.1808,0.6534347826086956
Kaohsiung,Busan,13,0.0204,0.3013,0.7603965844402277
Kaohsiung,Busan,14,-0.0334,0.0902,0.5084979919678715
Kaohsiung,Chiba,1,-0.0064,0.7455,0.9445248868778282
Kaohsiung,Chiba,2,0.0373,0.0578,0.4439657631954351
Kaohsiung,Chiba,3,0.0209,0.2884,0.7500498290180754
Kaohsiung,Chiba,4,0.0372,0.0583,0.4439657631954351
Kaohsiung,Chiba,5,0.0208,0.2901,0.7524778156996588
Kaohsiung,Chiba,6,-0.012,0.5418,0.8870475606014114
Kaohsiung,Chiba,7,0.0207,0.2917,0.7540544217687075
Kaohsiung,Chiba,8,-0.0121,0.5397,0.8870475606014114
Kaohsiung,Chiba,9,-0.0012,0.9525,0.9908012350443843
Kaohsiung,Chiba,10,0.0206,0.2942,0.754286265060241
Kaohsiung,Chiba,11,0.0097,0.6226,0.9136138996138996
Kaohsiung,Chiba,12,0.026,0.1859,0.6580646864686469
Kaohsiung,Chiba,13,0.0205,0.2967,0.7559597701149425
Kaohsiung,Chiba,14,0.0041,0.834,0.9725734327049539
Kaohsiung,Guangzhou (Nansha),1,0.1024,0.0,0.0
Kaohsiung,Guangzhou (Nansha),2,0.0468,0.0172,0.24207407407407408
Kaohsiung,Guangzhou (Nansha),3,0.0356,0.0698,0.4772956298200514
Kaohsiung,Guangzhou (Nansha),4,0.0189,0.336,0.7820972043010752
Kaohsiung,Guangzhou (Nansha),5,-0.0089,0.6501,0.9183082209886334
Kaohsiung,Guangzhou (Nansha),6,-0.0197,0.3162,0.7708273018781494
Kaohsiung,Guangzhou (Nansha),7,-0.0086,0.6622,0.9210206535947713
Kaohsiung,Guangzhou (Nansha),8,-0.0253,0.1975,0.669203539823009
Kaohsiung,Guangzhou (Nansha),9,-0.0198,0.3141,0.7688794848206072
Kaohsiung,Guangzhou (Nansha),10,0.0248,0.2084,0.6803743119266055
Kaohsiung,Guangzhou (Nansha),11,-0.0087,0.6578,0.9189852941176472
Kaohsiung,Guangzhou (Nansha),12,-0.0032,0.8718,0.9784640605296342
Kaohsiung,Guangzhou (Nansha),13,-0.0367,0.0626,0.456415300546448
Kaohsiung,Guangzhou (Nansha),14,0.0191,0.3332,0.7820972043010752
Kaohsiung,Gwangyang (Kwangyang),1,-0.0017,0.9314,0.9874707520891364
Kaohsiung,Gwangyang (Kwangyang),2,0.0179,0.3616,0.7939812168231931
Kaohsiung,Gwangyang (Kwangyang),3,0.0179,0.3624,0.7939812168231931
Kaohsiung,Gwangyang (Kwangyang),4,0.0441,0.0249,0.2976808988764045
Kaohsiung,Gwangyang (Kwangyang),5,0.0184,0.3495,0.7888587187102247
Kaohsiung,Gwangyang (Kwangyang),6,-0.0079,0.6873,0.9301939393939394
Kaohsiung,Gwangyang (Kwangyang),7,-0.0145,0.4605,0.8523818118708781
Kaohsiung,Gwangyang (Kwangyang),8,-0.0141,0.4734,0.8553159144893112
Kaohsiung,Gwangyang (Kwangyang),9,-0.0273,0.1649,0.6315107913669065
Kaohsiung,Gwangyang (Kwangyang),10,-0.001,0.9607,0.9908012350443843
Kaohsiung,Gwangyang (Kwangyang),11,0.032,0.1042,0.5294666666666666
Kaohsiung,Gwangyang (Kwangyang),12,0.0451,0.0218,0.27745454545454545
Kaohsiung,Gwangyang (Kwangyang),13,0.0187,0.3413,0.7820972043010752
Kaohsiung,Gwangyang (Kwangyang),14,-0.0011,0.9565,0.9908012350443843
Kaohsiung,Hong Kong,1,0.107,0.0,0.0
Kaohsiung,Hong Kong,2,0.0576,0.0033,0.0824225352112676
Kaohsiung,Hong Kong,3,0.0021,0.9149,0.9855841263413647
Kaohsiung,Hong Kong,4,0.0082,0.675,0.9267450980392158
Kaohsiung,Hong Kong,5,0.0144,0.4645,0.8528397260273972
Kaohsiung,Hong Kong,6,0.002,0.9183,0.986342822531799
Kaohsiung,Hong Kong,7,-0.0165,0.401,0.819970802919708
Kaohsiung,Hong Kong,8,0.0266,0.1756,0.6478446601941747
Kaohsiung,Hong Kong,9,0.0019,0.9217,0.9874707520891364
Kaohsiung,Hong Kong,10,0.0019,0.9229,0.9874707520891364
Kaohsiung,Hong Kong,11,0.0142,0.4701,0.8534128878281623
Kaohsiung,Hong Kong,12,0.0265,0.1777,0.6514360027378508
Kaohsiung,Hong Kong,13,-0.0105,0.5932,0.9027142449329147
Kaohsiung,Hong Kong,14,-0.0044,0.8241,0.9673901147396293
Kaohsiung,Kobe,1,-0.0151,0.4428,0.8398203208556151
Kaohsiung,Kobe,2,0.0193,0.3259,0.7792305617977529
Kaohsiung,Kobe,3,0.0078,0.6914,0.9301939393939394
Kaohsiung,Kobe,4,0.0422,0.0318,0.3452571428571429
Kaohsiung,Kobe,5,0.0192,0.3284,0.7802983474765521
Kaohsiung,Kobe,6,0.002,0.9199,0.9870649455425575
Kaohsiung,Kobe,7,0.0134,0.4951,0.8698586525759576
Kaohsiung,Kobe,8,-0.0038,0.8461,0.9757170056252704
Kaohsiung,Kobe,9,0.0134,0.4972,0.8712463768115941
Kaohsiung,Kobe,10,0.042,0.0327,0.35073387096774195
Kaohsiung,Kobe,11,0.0248,0.2082,0.6803743119266055
Kaohsiung,Kobe,12,0.019,0.3343,0.7820972043010752
Kaohsiung,Kobe,13,0.0018,0.9286,0.9874707520891364
Kaohsiung,Kobe,14,0.0132,0.5024,0.8730256410256412
Kaohsiung,Mizushima,1,0.0488,0.0129,0.21674074074074073
Kaohsiung,Mizushima,2,0.0488,0.013,0.21674074074074073
Kaohsiung,Mizushima,3,0.0428,0.0293,0.3295475687103594
Kaohsiung,Mizushima,4,0.0369,0.0605,0.447883495145631
Kaohsiung,Mizushima,5,0.0309,0.1155,0.5495280498664292
Kaohsiung,Mizushima,6,0.0073,0.7124,0.9349349112426035
Kaohsiung,Mizushima,7,-0.0164,0.4032,0.8215154994259473
Kaohsiung,Mizushima,8,0.0013,0.9483,0.9908012350443843
Kaohsiung,Mizushima,9,-0.0106,0.5906,0.9018216231717808
Kaohsiung,Mizushima,10,0.0308,0.1175,0.5531858407079646
Kaohsiung,Mizushima,11,0.0426,0.0304,0.33763674321503134
Kaohsiung,Mizushima,12,0.0662,0.0008,0.028952380952380955
Kaohsiung,Mizushima,13,0.0011,0.9542,0.9908012350443843
Kaohsiung,Mizushima,14,0.0307,0.1192,0.5547668122270742
Kaohsiung,Nagoya,1,-0.0173,0.3773,0.8025733706517394
Kaohsiung,Nagoya,2,0.0057,0.7733,0.9540866773675762
Kaohsiung,Nagoya,3,0.0226,0.2496,0.715833962264151
Kaohsiung,Nagoya,4,0.0566,0.004,0.09292576419213974
Kaohsiung,Nagoya,5,-0.0114,0.5611,0.8914723049434187
Kaohsiung,Nagoya,6,-0.0171,0.3838,0.8085138339920949
Kaohsiung,Nagoya,7,-0.0058,0.7672,0.9525356976201586
Kaohsiung,Nagoya,8,-0.0172,0.3823,0.8079222222222222
Kaohsiung,Nagoya,9,-0.0229,0.2447,0.7124325505188421
Kaohsiung,Nagoya,10,-0.0059,0.7637,0.9513250643575942
Kaohsiung,Nagoya,11,0.0167,0.3956,0.8171916214119473
Kaohsiung,Nagoya,12,0.011,0.5756,0.8983482298316889
Kaohsiung,Nagoya,13,0.0223,0.2568,0.72118043135192
Kaohsiung,Nagoya,14,0.0166,0.3985,0.818697996918336
Kaohsiung,Ningbo,1,0.0438,0.0258,0.3048407079646017
Kaohsiung,Ningbo,2,0.01,0.6105,0.9099137254901961
Kaohsiung,Ningbo,3,0.0212,0.28,0.7419930313588851
Kaohsiung,Ningbo,4,-0.0238,0.2259,0.6897991967871486
Kaohsiung,Ningbo,5,-0.007,0.7234,0.9387171643602816
Kaohsiung,Ningbo,6,0.0155,0.4302,0.8311776649746194
Kaohsiung,Ningbo,7,-0.0014,0.9434,0.9908012350443843
Kaohsiung,Ningbo,8,-0.0071,0.7199,0.9377053352912383
Kaohsiung,Ningbo,9,-0.0127,0.5183,0.8804990427568604
Kaohsiung,Ningbo,10,-0.0352,0.0732,0.480722891566265
Kaohsiung,Ningbo,11,-0.0128,0.5164,0.8802460749759692
Kaohsiung,Ningbo,12,-0.0409,0.0375,0.36719565217391303
Kaohsiung,Ningbo,13,-0.0128,0.5145,0.8794913294797689
Kaohsiung,Ningbo,14,-0.0241,0.2206,0.6867016317016318
Kaohsiung,Port Klang,1,-0.0052,0.7898,0.9555938209904588
Kaohsiung,Port Klang,2,-0.0109,0.5775,0.8983482298316889
Kaohsiung,Port Klang,3,-0.011,0.5765,0.8983482298316889
Kaohsiung,Port Klang,4,0.0344,0.0798,0.48579199999999995
Kaohsiung,Port Klang,5,0.0064,0.7435,0.9445248868778282
Kaohsiung,Port Klang,6,0.0007,0.9713,0.9929644572526417
Kaohsiung,Port Klang,7,-0.0164,0.4043,0.8219420289855073
Kaohsiung,Port Klang,8,0.0063,0.7472,0.9446126810733793
Kaohsiung,Port Klang,9,-0.0108,0.5841,0.8994939481268012
Kaohsiung,Port Klang,10,-0.0051,0.7952,0.9569020583578376
Kaohsiung,Port Klang,11,0.0006,0.9775,0.994122947689958
Kaohsiung,Port Klang,12,0.0062,0.7521,0.9463509933774834
Kaohsiung,Port Klang,13,-0.0109,0.5801,0.8983482298316889
Kaohsiung,Port Klang,14,-0.0166,0.3987,0.818697996918336
Kaohsiung,Qingdao,1,0.0163,0.4056,0.8224213333333333
Kaohsiung,Qingdao,2,0.0108,0.5818,0.8983482298316889
Kaohsiung,Qingdao,3,0.0382,0.0518,0.4200853658536585
Kaohsiung,Qingdao,4,0.0601,0.0022,0.06192592592592593
Kaohsiung,Qingdao,5,0.0162,0.4096,0.8225461393596986
Kaohsiung,Qingdao,6,0.0052,0.7911,0.955837531200363
Kaohsiung,Qingdao,7,-0.0277,0.1584,0.62223598820059
Kaohsiung,Qingdao,8,-0.0113,0.5653,0.8929323040380048
Kaohsiung,Qingdao,9,-0.0223,0.2567,0.72118043135192
Kaohsiung,Qingdao,10,-0.0275,0.1624,0.6267661115133961
Kaohsiung,Qingdao,11,-0.0165,0.4011,0.819970802919708
Kaohsiung,Qingdao,12,-0.0331,0.0931,0.5084979919678715
Kaohsiung,Qingdao,13,-0.0111,0.5732,0.8974173042966451
Kaohsiung,Qingdao,14,0.0109,0.581,0.8983482298316889
Kaohsiung,Rotterdam,1,-0.0099,0.6128,0.9106413407821229
Kaohsiung,Rotterdam,2,-0.0278,0.1576,0.62223598820059
Kaohsiung,Rotterdam,3,-0.0337,0.0861,0.500739934711643
Kaohsiung,Rotterdam,4,0.0493,0.0121,0.20566134185303514
Kaohsiung,Rotterdam,5,0.0493,0.0122,0.20670063694267518
Kaohsiung,Rotterdam,6,0.0196,0.3197,0.7750272727272728
Kaohsiung,Rotterdam,7,0.0611,0.0019,0.055234972677595626
Kaohsiung,Rotterdam,8,-0.0101,0.606,0.9078907350042241
Kaohsiung,Rotterdam,9,-0.022,0.2626,0.7253541017653167
Kaohsiung,Rotterdam,10,-0.0102,0.604,0.9070877787186
Kaohsiung,Rotterdam,11,0.0016,0.9341,0.9876677265500796
Kaohsiung,Rotterdam,12,0.0253,0.1982,0.669203539823009
Kaohsiung,Rotterdam,13,0.0194,0.3253,0.7787350427350428
Kaohsiung,Rotterdam,14,0.0075,0.7044,0.931033043478261
Kaohsiung,Sakai-Semboku,1,-0.0189,0.3348,0.7820972043010752
Kaohsiung,Sakai-Semboku,2,-0.0011,0.9541,0.9908012350443843
Kaohsiung,Sakai-Semboku,3,0.0512,0.0091,0.1698666666666667
Kaohsiung,Sakai-Semboku,4,0.0163,0.4076,0.8225461393596986
Kaohsiung,Sakai-Semboku,5,-0.0303,0.1228,0.5617334479793638
Kaohsiung,Sakai-Semboku,6,0.0046,0.8161,0.9670165526373868
Kaohsiung,Sakai-Semboku,7,0.022,0.263,0.7257053941908713
Kaohsiung,Sakai-Semboku,8,-0.0188,0.3397,0.7820972043010752
Kaohsiung,Sakai-Semboku,9,-0.0305,0.1215,0.5606071118820468
Kaohsiung,Sakai-Semboku,10,-0.0014,0.9445,0.9908012350443843
Kaohsiung,Sakai-Semboku,11,-0.0247,0.2095,0.6804425531914894
Kaohsiung,Sakai-Semboku,12,-0.0073,0.7125,0.9349349112426035
Kaohsiung,Sakai-Semboku,13,0.0218,0.2674,0.7284266124936516
Kaohsiung,Sakai-Semboku,14,0.0276,0.1605,0.6248087591240875
Kaohsiung,Shanghai (Pudong),1,0.0787,0.0001,0.004470588235294118
Kaohsiung,Shanghai (Pudong),2,0.0408,0.0379,0.36719565217391303
Kaohsiung,Shanghai (Pudong),3,0.0191,0.3313,0.7820972043010752
Kaohsiung,Shanghai (Pudong),4,0.0141,0.474,0.8553867028493893
Kaohsiung,Shanghai (Pudong),5,-0.0348,0.0768,0.48524465558194774
Kaohsiung,Shanghai (Pudong),6,-0.0185,0.3458,0.7855064047822374
Kaohsiung,Shanghai (Pudong),7,-0.0023,0.9071,0.9833939393939395
Kaohsiung,Shanghai (Pudong),8,0.0031,0.8749,0.9784640605296342
Kaohsiung,Shanghai (Pudong),9,0.0248,0.2081,0.6803743119266055
Kaohsiung,Shanghai (Pudong),10,-0.035,0.0757,0.4817272727272728
Kaohsiung,Shanghai (Pudong),11,-0.0079,0.6899,0.9301939393939394
Kaohsiung,Shanghai (Pudong),12,-0.0187,0.3412,0.7820972043010752
Kaohsiung,Shanghai (Pudong),13,-0.0405,0.0397,0.37183802816901407
Kaohsiung,Shanghai (Pudong),14,-0.0568,0.0039,0.09140088105726872
Kaohsiung,Singapore,1,-0.0322,0.101,0.5216699029126214
Kaohsiung,Singapore,2,-0.0256,0.1934,0.6644878048780487
Kaohsiung,Singapore,3,-0.0055,0.7787,0.9540866773675762
Kaohsiung,Singapore,4,0.0212,0.281,0.7422641509433964
Kaohsiung,Singapore,5,-0.0056,0.7767,0.9540866773675762
Kaohsiung,Singapore,6,0.0011,0.956,0.9908012350443843
Kaohsiung,Singapore,7,0.0612,0.0018,0.0529060773480663
Kaohsiung,Singapore,8,-0.019,0.3335,0.7820972043010752
Kaohsiung,Singapore,9,-0.0191,0.3329,0.7820972043010752
Kaohsiung,Singapore,10,0.0077,0.6967,0.9308338745940545
Kaohsiung,Singapore,11,0.0143,0.4666,0.8528397260273972
Kaohsiung,Singapore,12,0.0076,0.6988,0.9308338745940545
Kaohsiung,Singapore,13,0.0076,0.6998,0.9308338745940545
Kaohsiung,Singapore,14,0.0009,0.9643,0.9908012350443843
Kaohsiung,Tianjin Xin Gang,1,0.0036,0.8557,0.9780122543841115
Kaohsiung,Tianjin Xin Gang,2,0.0035,0.8569,0.9780122543841115
Kaohsiung,Tianjin Xin Gang,3,0.0315,0.1089,0.5368628884826325
Kaohsiung,Tianjin Xin Gang,4,0.0259,0.188,0.658866930171278
Kaohsiung,Tianjin Xin Gang,5,0.0146,0.4563,0.8486710940230688
Kaohsiung,Tianjin Xin Gang,6,-0.0246,0.2113,0.6813333333333333
Kaohsiung,Tianjin Xin Gang,7,-0.019,0.3337,0.7820972043010752
Kaohsiung,Tianjin Xin Gang,8,-0.0246,0.2103,0.6804425531914894
Kaohsiung,Tianjin Xin Gang,9,-0.0247,0.2098,0.6804425531914894
Kaohsiung,Tianjin Xin Gang,10,-0.0023,0.9067,0.9833939393939395
Kaohsiung,Tianjin Xin Gang,11,-0.0191,0.3309,0.7820972043010752
Kaohsiung,Tianjin Xin Gang,12,0.0149,0.4498,0.844069135802469
Kaohsiung,Tianjin Xin Gang,13,-0.002,0.9194,0.9870649455425575
Kaohsiung,Tianjin Xin Gang,14,-0.0076,0.6982,0.9308338745940545
Kaohsiung,Ulsan,1,0.0047,0.8122,0.9670165526373868
Kaohsiung,Ulsan,2,0.0407,0.0381,0.36719565217391303
Kaohsiung,Ulsan,3,0.0118,0.5469,0.889213936430318
Kaohsiung,Ulsan,4,0.0046,0.815,0.9670165526373868
Kaohsiung,Ulsan,5,0.019,0.3335,0.7820972043010752
Kaohsiung,Ulsan,6,-0.0171,0.3844,0.8085138339920949
Kaohsiung,Ulsan,7,0.0262,0.183,0.6564801078894134
Kaohsiung,Ulsan,8,0.0045,0.8188,0.9670165526373868
Kaohsiung,Ulsan,9,-0.0316,0.108,0.5364705882352941
Kaohsiung,Ulsan,10,0.0261,0.1844,0.6577843268586737
Kaohsiung,Ulsan,11,0.0044,0.8217,0.9670165526373868
Kaohsiung,Ulsan,12,0.0116,0.5546,0.8905635159542445
Kaohsiung,Ulsan,13,0.0333,0.091,0.5084979919678715
Kaohsiung,Ulsan,14,-0.0029,0.8848,0.9802448979591837
Kaohsiung,Yokohama,1,-0.0188,0.338,0.7820972043010752
Kaohsiung,Yokohama,2,-0.0021,0.9167,0.9862171890798787
Kaohsiung,Yokohama,3,0.0315,0.1089,0.5368628884826325
Kaohsiung,Yokohama,4,0.0203,0.3023,0.7614753787878789
Kaohsiung,Yokohama,5,0.0146,0.4563,0.8486710940230688
Kaohsiung,Yokohama,6,-0.019,0.3345,0.7820972043010752
Kaohsiung,Yokohama,7,0.037,0.06,0.447883495145631
Kaohsiung,Yokohama,8,-0.0078,0.6901,0.9301939393939394
Kaohsiung,Yokohama,9,-0.0023,0.908,0.9833939393939395
Kaohsiung,Yokohama,10,-0.0079,0.6879,0.9301939393939394
Kaohsiung,Yokohama,11,0.0089,0.6525,0.9183082209886334
Kaohsiung,Yokohama,12,0.0032,0.8696,0.9780122543841115
Kaohsiung,Yokohama,13,0.0368,0.0615,0.4512827586206897
Kaohsiung,Yokohama,14,0.02,0.3105,0.7681971176197118
Kobe,Antwerp,1,0.0803,0.0,0.0
Kobe,Antwerp,2,0.0337,0.0858,0.500739934711643
Kobe,Antwerp,3,0.0046,0.8145,0.9670165526373868
Kobe,Antwerp,4,-0.0362,0.0657,0.46727807486631007
Kobe,Antwerp,5,-0.0187,0.3407,0.7820972043010752
Kobe,Antwerp,6,0.0045,0.8181,0.9670165526373868
Kobe,Antwerp,7,0.0452,0.0214,0.2743325301204819
Kobe,Antwerp,8,0.0802,0.0,0.0
Kobe,Antwerp,9,0.0341,0.0834,0.49353503893214684
Kobe,Antwerp,10,-0.001,0.9595,0.9908012350443843
Kobe,Antwerp,11,-0.0302,0.1247,0.5645714285714286
Kobe,Antwerp,12,-0.0302,0.1244,0.5645714285714286
Kobe,Antwerp,13,-0.0241,0.2214,0.6867016317016318
Kobe,Antwerp,14,0.0052,0.7935,0.9558415213946118
Kobe,Busan,1,-0.008,0.6838,0.930151569277877
Kobe,Busan,2,-0.02,0.3077,0.7672262295081966
Kobe,Busan,3,-0.0261,0.1845,0.6577843268586737
Kobe,Busan,4,0.034,0.084,0.4948837209302326
Kobe,Busan,5,-0.0382,0.0522,0.4220425531914894
Kobe,Busan,6,-0.0142,0.4717,0.8544242424242424
Kobe,Busan,7,-0.0262,0.1828,0.6562051282051281
Kobe,Busan,8,0.0038,0.8463,0.9757170056252704
Kobe,Busan,9,-0.0323,0.101,0.5216699029126214
Kobe,Busan,10,-0.0023,0.9089,0.9833939393939395
Kobe,Busan,11,-0.0143,0.4676,0.8528397260273972
Kobe,Busan,12,-0.0023,0.9066,0.9833939393939395
Kobe,Busan,13,-0.0444,0.0241,0.29339130434782607
Kobe,Busan,14,-0.0324,0.0997,0.5194946131243878
Kobe,Chiba,1,0.1104,0.0,0.0
Kobe,Chiba,2,0.0279,0.1561,0.6215287958115183
Kobe,Chiba,3,-0.0217,0.2701,0.7285384615384616
Kobe,Chiba,4,-0.0272,0.1663,0.63175
Kobe,Chiba,5,-0.0382,0.0517,0.4199145038167939
Kobe,Chiba,6,-0.0108,0.584,0.8994939481268012
Kobe,Chiba,7,0.0332,0.0912,0.5084979919678715
Kobe,Chiba,8,-0.0108,0.5819,0.8983482298316889
Kobe,Chiba,9,-0.0549,0.0053,0.11233466135458167
Kobe,Chiba,10,-0.0219,0.2658,0.7281869542886492
Kobe,Chiba,11,-0.0274,0.1633,0.6277138728323699
Kobe,Chiba,12,-0.022,0.2645,0.7271033057851239
Kobe,Chiba,13,0.0165,0.4015,0.8201411584196394
Kobe,Chiba,14,0.0055,0.7807,0.9540866773675762
Kobe,Guangzhou (Nansha),1,0.0652,0.0009,0.031920000000000004
Kobe,Guangzhou (Nansha),2,-0.0244,0.2143,0.6854433234421364
Kobe,Guangzhou (Nansha),3,-0.0132,0.5008,0.8730256410256412
Kobe,Guangzhou (Nansha),4,-0.0301,0.1261,0.5674367622259696
Kobe,Guangzhou (Nansha),5,-0.0077,0.6956,0.930632134774956
Kobe,Guangzhou (Nansha),6,-0.0466,0.0177,0.24714960629921262
Kobe,Guangzhou (Nansha),7,-0.0242,0.2183,0.6857028301886792
Kobe,Guangzhou (Nansha),8,0.0656,0.0008,0.028952380952380955
Kobe,Guangzhou (Nansha),9,-0.0411,0.0366,0.366
Kobe,Guangzhou (Nansha),10,-0.0412,0.0365,0.366
Kobe,Guangzhou (Nansha),11,-0.03,0.128,0.5684140233722872
Kobe,Guangzhou (Nansha),12,-0.0244,0.2157,0.6854433234421364
Kobe,Guangzhou (Nansha),13,-0.0244,0.2152,0.6854433234421364
Kobe,Guangzhou (Nansha),14,0.0317,0.1072,0.5349943714821763
Kobe,Gwangyang (Kwangyang),1,0.0126,0.5227,0.8832921027592768
Kobe,Gwangyang (Kwangyang),2,-0.027,0.1686,0.6351620665251237
Kobe,Gwangyang (Kwangyang),3,0.0059,0.7637,0.9513250643575942
Kobe,Gwangyang (Kwangyang),4,-0.0139,0.4793,0.8575682582380633
Kobe,Gwangyang (Kwangyang),5,-0.0201,0.3061,0.7656097790314997
Kobe,Gwangyang (Kwangyang),6,-0.0201,0.3055,0.7644684854186266
Kobe,Gwangyang (Kwangyang),7,0.0262,0.1834,0.6570289562289562
Kobe,Gwangyang (Kwangyang),8,0.0533,0.0067,0.133
Kobe,Gwangyang (Kwangyang),9,-0.0331,0.0924,0.5084979919678715
Kobe,Gwangyang (Kwangyang),10,-0.0066,0.7391,0.9417992814371258
Kobe,Gwangyang (Kwangyang),11,-0.0132,0.5017,0.8730256410256412
Kobe,Gwangyang (Kwangyang),12,-0.0398,0.043,0.39037542662116037
Kobe,Gwangyang (Kwangyang),13,-0.0332,0.0917,0.5084979919678715
Kobe,Gwangyang (Kwangyang),14,-0.0199,0.3112,0.7685266573945294
Kobe,Hong Kong,1,-0.0153,0.4353,0.8334028776978416
Kobe,Hong Kong,2,-0.0216,0.2723,0.7320040424456795
Kobe,Hong Kong,3,-0.0154,0.4338,0.8331465703971119
Kobe,Hong Kong,4,0.0032,0.8694,0.9780122543841115
Kobe,Hong Kong,5,0.0218,0.2664,0.7281869542886492
Kobe,Hong Kong,6,-0.003,0.8772,0.9795006294586655
Kobe,Hong Kong,7,0.0094,0.634,0.916166078697422
Kobe,Hong Kong,8,-0.0031,0.8751,0.9784640605296342
Kobe,Hong Kong,9,-0.0156,0.4293,0.8310807272727273
Kobe,Hong Kong,10,0.0093,0.6372,0.9164693822497976
Kobe,Hong Kong,11,-0.0218,0.2675,0.7284266124936516
Kobe,Hong Kong,12,-0.0219,0.267,0.7284266124936516
Kobe,Hong Kong,13,-0.0219,0.2665,0.7281869542886492
Kobe,Hong Kong,14,-0.0343,0.0812,0.4886696832579185
Kobe,Kaohsiung,1,-0.0383,0.0509,0.4172388289676425
Kobe,Kaohsiung,2,-0.0441,0.0248,0.2971531531531531
Kobe,Kaohsiung,3,-0.0098,0.6181,0.9122525616172805
Kobe,Kaohsiung,4,0.0073,0.7091,0.9341282495667246
Kobe,Kaohsiung,5,0.0016,0.9359,0.9884828270796108
Kobe,Kaohsiung,6,-0.0213,0.2779,0.740324486730095
Kobe,Kaohsiung,7,0.0072,0.7127,0.9349349112426035
Kobe,Kaohsiung,8,-0.0214,0.2767,0.7391409934771701
Kobe,Kaohsiung,9,-0.0043,0.8286,0.9696978227402683
Kobe,Kaohsiung,10,-0.0272,0.1672,0.63175
Kobe,Kaohsiung,11,-0.0272,0.1668,0.63175
Kobe,Kaohsiung,12,-0.0215,0.2743,0.7355221774193548
Kobe,Kaohsiung,13,-0.0387,0.0492,0.4115471698113208
Kobe,Kaohsiung,14,-0.0273,0.1655,0.63175
Kobe,Mizushima,1,0.1278,0.0,0.0
Kobe,Mizushima,2,0.0205,0.2959,0.7557717026378897
Kobe,Mizushima,3,-0.0212,0.2807,0.7422641509433964
Kobe,Mizushima,4,-0.0331,0.0917,0.5084979919678715
Kobe,Mizushima,5,-0.057,0.0037,0.08906787330316741
Kobe,Mizushima,6,-0.0332,0.0912,0.5084979919678715
Kobe,Mizushima,7,0.0323,0.1003,0.520074074074074
Kobe,Mizushima,8,0.0144,0.4639,0.8528397260273972
Kobe,Mizushima,9,-0.0333,0.0905,0.5084979919678715
Kobe,Mizushima,10,-0.0393,0.0458,0.40273719008264464
Kobe,Mizushima,11,-0.0512,0.0092,0.17113286713286713
Kobe,Mizushima,12,-0.0334,0.0898,0.5076896918172158
Kobe,Mizushima,13,-0.0096,0.6267,0.9151918748284381
Kobe,Mizushima,14,0.0202,0.3051,0.7643275294117647
Kobe,Nagoya,1,0.2115,0.0,0.0
Kobe,Nagoya,2,0.1097,0.0,0.0
Kobe,Nagoya,3,0.064,0.0011,0.036575
Kobe,Nagoya,4,0.0297,0.1303,0.5714723825226711
Kobe,Nagoya,5,-0.016,0.417,0.8237801708132194
Kobe,Nagoya,6,-0.0046,0.8162,0.9670165526373868
Kobe,Nagoya,7,0.0354,0.0722,0.480722891566265
Kobe,Nagoya,8,0.0239,0.2242,0.6878414704192992
Kobe,Nagoya,9,-0.0275,0.1622,0.6267661115133961
Kobe,Nagoya,10,-0.0389,0.0477,0.4086376811594203
Kobe,Nagoya,11,-0.039,0.0476,0.4084387096774194
Kobe,Nagoya,12,-0.0219,0.2663,0.7281869542886492
Kobe,Nagoya,13,-0.0105,0.594,0.9027142449329147
Kobe,Nagoya,14,0.0009,0.9639,0.9908012350443843
Kobe,Ningbo,1,0.0001,0.9979,0.9991268347760632
Kobe,Ningbo,2,-0.0283,0.1496,0.6080000000000001
Kobe,Ningbo,3,-0.0227,0.2486,0.7151710739341608
Kobe,Ningbo,4,-0.0057,0.7716,0.9537947050627033
Kobe,Ningbo,5,0.0113,0.5667,0.8939745034094277
Kobe,Ningbo,6,-0.0171,0.3845,0.8085138339920949
Kobe,Ningbo,7,-0.0171,0.3837,0.8085138339920949
Kobe,Ningbo,8,0.0112,0.5701,0.896521430682826
Kobe,Ningbo,9,-0.0115,0.5579,0.8910321224857399
Kobe,Ningbo,10,-0.0342,0.0819,0.49011023622047245
Kobe,Ningbo,11,-0.0116,0.556,0.8905635159542445
Kobe,Ningbo,12,-0.0116,0.555,0.8905635159542445
Kobe,Ningbo,13,0.011,0.5757,0.8983482298316889
Kobe,Ningbo,14,0.0053,0.787,0.9548095781071836
Kobe,Port Klang,1,0.0131,0.5034,0.8730256410256412
Kobe,Port Klang,2,-0.0155,0.4305,0.8311776649746194
Kobe,Port Klang,3,-0.027,0.17,0.6369014084507042
Kobe,Port Klang,4,0.0016,0.9346,0.9876980532379817
Kobe,Port Klang,5,0.0135,0.4932,0.8680185185185185
Kobe,Port Klang,6,0.0192,0.3294,0.7816271186440679
Kobe,Port Klang,7,0.0019,0.9214,0.9874707520891364
Kobe,Port Klang,8,0.0019,0.9227,0.9874707520891364
Kobe,Port Klang,9,-0.0268,0.1731,0.64218410041841
Kobe,Port Klang,10,-0.0326,0.0979,0.5141441263573544
Kobe,Port Klang,11,-0.0326,0.0976,0.5140910891089109
Kobe,Port Klang,12,-0.0269,0.1719,0.6416830294530155
Kobe,Port Klang,13,-0.0212,0.2819,0.743533961328706
Kobe,Port Klang,14,0.0017,0.9301,0.9874707520891364
Kobe,Qingdao,1,0.0012,0.9516,0.9908012350443843
Kobe,Qingdao,2,-0.0265,0.178,0.6514360027378508
Kobe,Qingdao,3,-0.0375,0.056,0.4414970414201183
Kobe,Qingdao,4,-0.0321,0.1029,0.5268796920115496
Kobe,Qingdao,5,0.0011,0.9567,0.9908012350443843
Kobe,Qingdao,6,-0.0155,0.4293,0.8310807272727273
Kobe,Qingdao,7,-0.01,0.6095,0.9094425126191812
Kobe,Qingdao,8,0.0286,0.1459,0.5975273287143957
Kobe,Qingdao,9,0.0065,0.7424,0.9444208512673362
Kobe,Qingdao,10,-0.0375,0.0569,0.4439657631954351
Kobe,Qingdao,11,0.0345,0.0795,0.48579199999999995
Kobe,Qingdao,12,0.0068,0.7303,0.9396179883945842
Kobe,Qingdao,13,0.0068,0.7315,0.9400251147065927
Kobe,Qingdao,14,0.0123,0.5335,0.8868865468071915
Kobe,Rotterdam,1,0.0808,0.0,0.0
Kobe,Rotterdam,2,-0.0029,0.8837,0.9796734013747136
Kobe,Rotterdam,3,-0.0149,0.4498,0.844069135802469
Kobe,Rotterdam,4,-0.0029,0.8814,0.9796734013747136
Kobe,Rotterdam,5,-0.0328,0.0948,0.5084979919678715
Kobe,Rotterdam,6,-0.0329,0.0946,0.5084979919678715
Kobe,Rotterdam,7,0.0269,0.172,0.6416830294530155
Kobe,Rotterdam,8,0.0806,0.0,0.0
Kobe,Rotterdam,9,-0.033,0.0939,0.5084979919678715
Kobe,Rotterdam,10,-0.027,0.1699,0.6369014084507042
Kobe,Rotterdam,11,-0.027,0.1695,0.636822033898305
Kobe,Rotterdam,12,-0.033,0.0932,0.5084979919678715
Kobe,Rotterdam,13,-0.057,0.0038,0.09025
Kobe,Rotterdam,14,0.0028,0.8888,0.980906036092097
Kobe,Sakai-Semboku,1,0.1226,0.0,0.0
Kobe,Sakai-Semboku,2,0.0294,0.1344,0.5766193548387096
Kobe,Sakai-Semboku,3,0.0118,0.5488,0.8905635159542445
Kobe,Sakai-Semboku,4,0.0059,0.7645,0.9516003743565746
Kobe,Sakai-Semboku,5,-0.0469,0.0169,0.24039572192513364
Kobe,Sakai-Semboku,6,-0.0059,0.7641,0.9513250643575942
Kobe,Sakai-Semboku,7,0.0234,0.2341,0.69825
Kobe,Sakai-Semboku,8,-0.0353,0.0727,0.480722891566265
Kobe,Sakai-Semboku,9,-0.0471,0.0167,0.23961394101876674
Kobe,Sakai-Semboku,10,-0.0295,0.134,0.5762974939369443
Kobe,Sakai-Semboku,11,-0.0295,0.1336,0.5762974939369443
Kobe,Sakai-Semboku,12,-0.0354,0.0719,0.480722891566265
Kobe,Sakai-Semboku,13,0.0115,0.5595,0.8914723049434187
Kobe,Sakai-Semboku,14,0.0467,0.0178,0.2472480417754569
Kobe,Shanghai (Pudong),1,-0.0012,0.952,0.9908012350443843
Kobe,Shanghai (Pudong),2,-0.0448,0.0224,0.2816470588235294
Kobe,Shanghai (Pudong),3,-0.0122,0.5364,0.8868865468071915
Kobe,Shanghai (Pudong),4,-0.0173,0.3793,0.8046791550418494
Kobe,Shanghai (Pudong),5,-0.0009,0.9628,0.9908012350443843
Kobe,Shanghai (Pudong),6,-0.0283,0.1504,0.6089254185692542
Kobe,Shanghai (Pudong),7,0.0045,0.8197,0.9670165526373868
Kobe,Shanghai (Pudong),8,-0.001,0.9589,0.9908012350443843
Kobe,Shanghai (Pudong),9,-0.001,0.9576,0.9908012350443843
Kobe,Shanghai (Pudong),10,-0.0175,0.3745,0.7994931836407378
Kobe,Shanghai (Pudong),11,-0.0175,0.3737,0.7989618320610687
Kobe,Shanghai (Pudong),12,0.0207,0.2925,0.754286265060241
Kobe,Shanghai (Pudong),13,0.0207,0.2933,0.754286265060241
Kobe,Shanghai (Pudong),14,0.0207,0.2942,0.754286265060241
Kobe,Singapore,1,0.0494,0.0119,0.2048802588996764
Kobe,Singapore,2,-0.0045,0.8191,0.9670165526373868
Kobe,Singapore,3,0.0022,0.9103,0.9836818181818182
Kobe,Singapore,4,-0.0248,0.208,0.6803743119266055
Kobe,Singapore,5,0.0022,0.9123,0.9840705596107056
Kobe,Singapore,6,-0.0315,0.1087,0.5368628884826325
Kobe,Singapore,7,0.0156,0.4281,0.8308502732240438
Kobe,Singapore,8,0.0358,0.069,0.4767272727272727
Kobe,Singapore,9,-0.0114,0.5621,0.8914723049434187
Kobe,Singapore,10,-0.0047,0.8114,0.9670165526373868
Kobe,Singapore,11,-0.0047,0.8104,0.9666654708520179
Kobe,Singapore,12,0.002,0.9196,0.9870649455425575
Kobe,Singapore,13,0.002,0.9206,0.9874177419354839
Kobe,Singapore,14,-0.0048,0.8075,0.9653707865168539
Kobe,Tianjin Xin Gang,1,0.0049,0.8039,0.9634711711711712
Kobe,Tianjin Xin Gang,2,-0.029,0.14,0.5873380614657211
Kobe,Tianjin Xin Gang,3,-0.0403,0.0402,0.37454290718038524
Kobe,Tianjin Xin Gang,4,-0.0121,0.5371,0.8868865468071915
Kobe,Tianjin Xin Gang,5,0.016,0.4147,0.8231541325390915
Kobe,Tianjin Xin Gang,6,-0.0178,0.3644,0.7939812168231931
Kobe,Tianjin Xin Gang,7,-0.0461,0.0191,0.25594962216624684
Kobe,Tianjin Xin Gang,8,0.0272,0.1663,0.63175
Kobe,Tianjin Xin Gang,9,-0.0066,0.7354,0.940837656099904
Kobe,Tianjin Xin Gang,10,-0.0236,0.2303,0.696134090909091
Kobe,Tianjin Xin Gang,11,-0.018,0.3606,0.7939812168231931
Kobe,Tianjin Xin Gang,12,-0.0007,0.9719,0.9931824817518249
Kobe,Tianjin Xin Gang,13,-0.0177,0.369,0.7959513579246047
Kobe,Tianjin Xin Gang,14,0.0275,0.1623,0.6267661115133961
Kobe,Ulsan,1,0.0202,0.3037,0.7629768758848514
Kobe,Ulsan,2,-0.0089,0.6504,0.9183082209886334
Kobe,Ulsan,3,0.0056,0.7751,0.9540866773675762
Kobe,Ulsan,4,-0.0162,0.4092,0.8225461393596986
Kobe,Ulsan,5,-0.009,0.6481,0.917866382752196
Kobe,Ulsan,6,0.0128,0.5145,0.8794913294797689
Kobe,Ulsan,7,-0.009,0.6465,0.9173098666666666
Kobe,Ulsan,8,0.0346,0.0786,0.48579199999999995
Kobe,Ulsan,9,-0.0163,0.4063,0.8225461393596986
Kobe,Ulsan,10,-0.0018,0.9264,0.9874707520891364
Kobe,Ulsan,11,-0.0091,0.6433,0.9173098666666666
Kobe,Ulsan,12,-0.0019,0.9245,0.9874707520891364
Kobe,Ulsan,13,-0.0164,0.4039,0.8217009560229445
Kobe,Ulsan,14,-0.0092,0.641,0.9166747246843943
Kobe,Yokohama,1,0.2136,0.0,0.0
Kobe,Yokohama,2,0.0894,0.0,0.0
Kobe,Yokohama,3,0.0499,0.011,0.19441860465116276
Kobe,Yokohama,4,0.0104,0.5958,0.9037189189189189
Kobe,Yokohama,5,-0.0347,0.0773,0.48579199999999995
Kobe,Yokohama,6,-0.0291,0.1386,0.5855796986518637
Kobe,Yokohama,7,0.0329,0.0943,0.5084979919678715
Kobe,Yokohama,8,0.0103,0.6004,0.9060130348540663
Kobe,Yokohama,9,-0.0461,0.019,0.25594962216624684
Kobe,Yokohama,10,-0.018,0.3614,0.7939812168231931
Kobe,Yokohama,11,-0.0236,0.2298,0.696134090909091
Kobe,Yokohama,12,-0.0406,0.0392,0.371360568383659
Kobe,Yokohama,13,-0.0181,0.3591,0.7939812168231931
Kobe,Yokohama,14,0.044,0.0255,0.3028125
Mizushima,Antwerp,1,0.0459,0.0194,0.2573765586034913
Mizushima,Antwerp,2,0.0219,0.2655,0.7281869542886492
Mizushima,Antwerp,3,-0.0202,0.3048,0.7643275294117647
Mizushima,Antwerp,4,-0.0142,0.4702,0.8534128878281623
Mizushima,Antwerp,5,-0.0142,0.4694,0.8533447215579091
Mizushima,Antwerp,6,-0.0083,0.6748,0.9267450980392158
Mizushima,Antwerp,7,0.0458,0.02,0.26142506142506144
Mizushima,Antwerp,8,0.0637,0.0012,0.03916564417177914
Mizushima,Antwerp,9,0.0342,0.0823,0.490847533632287
Mizushima,Antwerp,10,-0.014,0.4769,0.8566223422207223
Mizushima,Antwerp,11,-0.0321,0.103,0.5268846153846154
Mizushima,Antwerp,12,-0.0321,0.1028,0.5268747591522158
Mizushima,Antwerp,13,0.0044,0.8235,0.9670165526373868
Mizushima,Antwerp,14,0.0406,0.0393,0.371360568383659
Mizushima,Busan,1,0.0524,0.0076,0.14756204379562043
Mizushima,Busan,2,0.0152,0.439,0.8360816034359342
Mizushima,Busan,3,0.009,0.6476,0.917866382752196
Mizushima,Busan,4,0.0028,0.8883,0.980906036092097
Mizushima,Busan,5,-0.0158,0.4202,0.8257001477104874
Mizushima,Busan,6,-0.0159,0.4195,0.8256325323475046
Mizushima,Busan,7,-0.0221,0.2611,0.7249749478079333
Mizushima,Busan,8,-0.0345,0.0792,0.48579199999999995
Mizushima,Busan,9,-0.0222,0.2601,0.7232309299895506
Mizushima,Busan,10,-0.016,0.4165,0.8236016350798959
Mizushima,Busan,11,-0.0284,0.1489,0.6060811017597552
Mizushima,Busan,12,-0.0408,0.038,0.36719565217391303
Mizushima,Busan,13,-0.0347,0.0783,0.48579199999999995
Mizushima,Busan,14,-0.0161,0.4136,0.8231541325390915
Mizushima,Chiba,1,0.1476,0.0,0.0
Mizushima,Chiba,2,0.0569,0.0038,0.09025
Mizushima,Chiba,3,0.0682,0.0005,0.019558823529411764
Mizushima,Chiba,4,0.0625,0.0015,0.0463953488372093
Mizushima,Chiba,5,0.0114,0.5623,0.8914723049434187
Mizushima,Chiba,6,0.0227,0.2482,0.7151710739341608
Mizushima,Chiba,7,0.0283,0.1494,0.607651376146789
Mizushima,Chiba,8,-0.0398,0.0432,0.3915229982964225
Mizushima,Chiba,9,-0.0568,0.0039,0.09140088105726872
Mizushima,Chiba,10,-0.0568,0.0038,0.09025
Mizushima,Chiba,11,0.0055,0.7786,0.9540866773675762
Mizushima,Chiba,12,-0.0115,0.5586,0.8914723049434187
Mizushima,Chiba,13,0.0395,0.0447,0.3983316582914573
Mizushima,Chiba,14,0.0338,0.0859,0.500739934711643
Mizushima,Guangzhou (Nansha),1,0.0206,0.294,0.754286265060241
Mizushima,Guangzhou (Nansha),2,-0.0314,0.1101,0.5368628884826325
Mizushima,Guangzhou (Nansha),3,-0.0372,0.0583,0.4439657631954351
Mizushima,Guangzhou (Nansha),4,-0.0315,0.1095,0.5368628884826325
Mizushima,Guangzhou (Nansha),5,-0.0199,0.3106,0.7681971176197118
Mizushima,Guangzhou (Nansha),6,-0.0428,0.0295,0.33082352941176474
Mizushima,Guangzhou (Nansha),7,0.0151,0.443,0.8398405693950177
Mizushima,Guangzhou (Nansha),8,0.0556,0.0047,0.10594915254237287
Mizushima,Guangzhou (Nansha),9,-0.0023,0.9053,0.9833939393939395
Mizushima,Guangzhou (Nansha),10,-0.0197,0.3158,0.7708273018781494
Mizushima,Guangzhou (Nansha),11,-0.0198,0.3151,0.7700192926045016
Mizushima,Guangzhou (Nansha),12,-0.0256,0.1936,0.6644878048780487
Mizushima,Guangzhou (Nansha),13,-0.0083,0.6752,0.9267450980392158
Mizushima,Guangzhou (Nansha),14,0.0554,0.0049,0.10596747967479674
Mizushima,Gwangyang (Kwangyang),1,0.0446,0.0233,0.28561290322580646
Mizushima,Gwangyang (Kwangyang),2,-0.0099,0.6152,0.9116612813370473
Mizushima,Gwangyang (Kwangyang),3,0.0377,0.0549,0.4365739910313901
Mizushima,Gwangyang (Kwangyang),4,-0.0167,0.3947,0.8164090202177293
Mizushima,Gwangyang (Kwangyang),5,-0.0368,0.061,0.44885200553250343
Mizushima,Gwangyang (Kwangyang),6,-0.0096,0.6272,0.9153143170597915
Mizushima,Gwangyang (Kwangyang),7,-0.0027,0.8888,0.980906036092097
Mizushima,Gwangyang (Kwangyang),8,0.0182,0.3541,0.7938525073746313
Mizushima,Gwangyang (Kwangyang),9,-0.0229,0.2446,0.7124325505188421
Mizushima,Gwangyang (Kwangyang),10,-0.0229,0.2442,0.7124325505188421
Mizushima,Gwangyang (Kwangyang),11,-0.0092,0.6386,0.9164693822497976
Mizushima,Gwangyang (Kwangyang),12,-0.023,0.2433,0.7107940691927512
Mizushima,Gwangyang (Kwangyang),13,-0.0161,0.4123,0.8227441860465116
Mizushima,Gwangyang (Kwangyang),14,-0.0093,0.6361,0.9164693822497976
Mizushima,Hong Kong,1,-0.0047,0.8116,0.9670165526373868
Mizushima,Hong Kong,2,-0.0175,0.3725,0.7973580048270313
Mizushima,Hong Kong,3,-0.0047,0.8096,0.9659277864992151
Mizushima,Hong Kong,4,0.0209,0.2884,0.7500498290180754
Mizushima,Hong Kong,5,-0.0304,0.1217,0.5609680207433017
Mizushima,Hong Kong,6,0.0336,0.0871,0.5009427027027027
Mizushima,Hong Kong,7,0.0016,0.9366,0.9889351061718594
Mizushima,Hong Kong,8,-0.0049,0.8045,0.9637333933798693
Mizushima,Hong Kong,9,-0.0177,0.368,0.7953000406008932
Mizushima,Hong Kong,10,0.0143,0.4673,0.8528397260273972
Mizushima,Hong Kong,11,0.0399,0.0425,0.38715753424657534
Mizushima,Hong Kong,12,-0.0178,0.366,0.7943175895765473
Mizushima,Hong Kong,13,-0.005,0.7994,0.9602185594942425
Mizushima,Hong Kong,14,-0.0307,0.1194,0.5547668122270742
Mizushima,Kaohsiung,1,0.0187,0.3401,0.7820972043010752
Mizushima,Kaohsiung,2,0.0246,0.2103,0.6804425531914894
Mizushima,Kaohsiung,3,0.0423,0.0314,0.34372016460905347
Mizushima,Kaohsiung,4,-0.0049,0.8015,0.9618723212271599
Mizushima,Kaohsiung,5,-0.005,0.8004,0.960768953068592
Mizushima,Kaohsiung,6,-0.0109,0.5793,0.8983482298316889
Mizushima,Kaohsiung,7,0.0009,0.9648,0.9908012350443843
Mizushima,Kaohsiung,8,-0.011,0.5774,0.8983482298316889
Mizushima,Kaohsiung,9,-0.0169,0.3906,0.8144686520376175
Mizushima,Kaohsiung,10,0.048,0.0147,0.22560458452722065
Mizushima,Kaohsiung,11,-0.0111,0.5745,0.8983482298316889
Mizushima,Kaohsiung,12,-0.0347,0.078,0.48579199999999995
Mizushima,Kaohsiung,13,-0.0288,0.1433,0.5941979734996103
Mizushima,Kaohsiung,14,-0.0111,0.5717,0.8965939893930465
Mizushima,Kobe,1,0.1635,0.0,0.0
Mizushima,Kobe,2,0.1099,0.0,0.0
Mizushima,Kobe,3,0.0801,0.0,0.0
Mizushima,Kobe,4,0.0324,0.0996,0.5194823529411765
Mizushima,Kobe,5,0.0025,0.8969,0.9817161661867544
Mizushima,Kobe,6,0.0502,0.0107,0.19038127090301002
Mizushima,Kobe,7,0.0263,0.1807,0.6534347826086956
Mizushima,Kobe,8,-0.0095,0.6308,0.9158847199564981
Mizushima,Kobe,9,-0.0154,0.4325,0.8329467969598262
Mizushima,Kobe,10,-0.0631,0.0013,0.04217073170731707
Mizushima,Kobe,11,-0.0155,0.4309,0.8311776649746194
Mizushima,Kobe,12,-0.0275,0.1632,0.6277138728323699
Mizushima,Kobe,13,0.0142,0.4698,0.8534128878281623
Mizushima,Kobe,14,0.0261,0.1846,0.6577843268586737
Mizushima,Nagoya,1,0.2233,0.0,0.0
Mizushima,Nagoya,2,0.1536,0.0,0.0
Mizushima,Nagoya,3,0.0771,0.0001,0.004470588235294118
Mizushima,Nagoya,4,0.0359,0.068,0.4741284403669725
Mizushima,Nagoya,5,0.03,0.1275,0.5684140233722872
Mizushima,Nagoya,6,0.0299,0.128,0.5684140233722872
Mizushima,Nagoya,7,0.0181,0.3567,0.7939812168231931
Mizushima,Nagoya,8,0.0181,0.3576,0.7939812168231931
Mizushima,Nagoya,9,-0.0408,0.0381,0.36719565217391303
Mizushima,Nagoya,10,-0.0349,0.0758,0.4817873357228196
Mizushima,Nagoya,11,-0.0409,0.0379,0.36719565217391303
Mizushima,Nagoya,12,-0.0409,0.0378,0.36719565217391303
Mizushima,Nagoya,13,-0.0056,0.7763,0.9540866773675762
Mizushima,Nagoya,14,0.0532,0.0068,0.13448327137546467
Mizushima,Ningbo,1,0.0228,0.2452,0.7124325505188421
Mizushima,Ningbo,2,0.0228,0.2459,0.712804785209353
Mizushima,Ningbo,3,-0.024,0.2225,0.6869994196169472
Mizushima,Ningbo,4,-0.0415,0.0345,0.3591780821917809
Mizushima,Ningbo,5,-0.024,0.2215,0.6867016317016318
Mizushima,Ningbo,6,-0.0182,0.3541,0.7938525073746313
Mizushima,Ningbo,7,-0.0299,0.1279,0.5684140233722872
Mizushima,Ningbo,8,-0.0008,0.9696,0.9929301251203081
Mizushima,Ningbo,9,-0.0066,0.7364,0.940837656099904
Mizushima,Ningbo,10,-0.0359,0.0682,0.4742797385620915
Mizushima,Ningbo,11,-0.0242,0.2185,0.6857028301886792
Mizushima,Ningbo,12,-0.0126,0.5235,0.8832921027592768
Mizushima,Ningbo,13,-0.036,0.0677,0.4732772667542707
Mizushima,Ningbo,14,-0.0068,0.7309,0.9396781053649106
Mizushima,Port Klang,1,0.0128,0.5133,0.8790756356614097
Mizushima,Port Klang,2,-0.0226,0.2504,0.7164838709677419
Mizushima,Port Klang,3,0.0128,0.5154,0.879951219512195
Mizushima,Port Klang,4,0.0246,0.2116,0.6813333333333333
Mizushima,Port Klang,5,0.0368,0.0611,0.44896685082872934
Mizushima,Port Klang,6,0.0604,0.0021,0.05942553191489361
Mizushima,Port Klang,7,0.0368,0.0616,0.45139393939393935
Mizushima,Port Klang,8,0.0072,0.716,0.9368224299065421
Mizushima,Port Klang,9,-0.0224,0.2539,0.7203989333333334
Mizushima,Port Klang,10,-0.0225,0.2534,0.7202155816435432
Mizushima,Port Klang,11,-0.0166,0.3993,0.818697996918336
Mizushima,Port Klang,12,-0.0107,0.5866,0.8994939481268012
Mizushima,Port Klang,13,-0.0167,0.3978,0.8183665893271461
Mizushima,Port Klang,14,-0.0048,0.8055,0.9646390639063906
Mizushima,Qingdao,1,0.0009,0.9619,0.9908012350443843
Mizushima,Qingdao,2,-0.0162,0.4102,0.8225461393596986
Mizushima,Qingdao,3,-0.0333,0.0901,0.5084979919678715
Mizushima,Qingdao,4,-0.0105,0.5916,0.9023256880733945
Mizushima,Qingdao,5,-0.0163,0.4077,0.8225461393596986
Mizushima,Qingdao,6,-0.0163,0.4069,0.8225461393596986
Mizushima,Qingdao,7,-0.0277,0.1585,0.62223598820059
Mizushima,Qingdao,8,-0.0221,0.2619,0.7253541017653167
Mizushima,Qingdao,9,0.0064,0.7453,0.9445248868778282
Mizushima,Qingdao,10,0.0182,0.3554,0.7939812168231931
Mizushima,Qingdao,11,-0.0047,0.8117,0.9670165526373868
Mizushima,Qingdao,12,0.0181,0.3572,0.7939812168231931
Mizushima,Qingdao,13,-0.0048,0.8093,0.9659277864992151
Mizushima,Qingdao,14,0.0181,0.359,0.7939812168231931
Mizushima,Rotterdam,1,0.0328,0.0949,0.5084979919678715
Mizushima,Rotterdam,2,0.0143,0.467,0.8528397260273972
Mizushima,Rotterdam,3,-0.0104,0.5974,0.9039158134243459
Mizushima,Rotterdam,4,-0.0104,0.5965,0.9037189189189189
Mizushima,Rotterdam,5,-0.0412,0.0359,0.3637866666666667
Mizushima,Rotterdam,6,0.0203,0.3009,0.76
Mizushima,Rotterdam,7,0.0819,0.0,0.0
Mizushima,Rotterdam,8,0.0265,0.1787,0.6514360027378508
Mizushima,Rotterdam,9,-0.0352,0.0736,0.480722891566265
Mizushima,Rotterdam,10,-0.0044,0.8225,0.9670165526373868
Mizushima,Rotterdam,11,-0.0168,0.3943,0.8163127187864644
Mizushima,Rotterdam,12,-0.0291,0.1391,0.5863803486529319
Mizushima,Rotterdam,13,-0.0107,0.5882,0.9003782696177063
Mizushima,Rotterdam,14,0.0386,0.0499,0.41285847589424574
Mizushima,Sakai-Semboku,1,0.1676,0.0,0.0
Mizushima,Sakai-Semboku,2,0.0656,0.0008,0.028952380952380955
Mizushima,Sakai-Semboku,3,0.0232,0.2369,0.6996892341842397
Mizushima,Sakai-Semboku,4,-0.001,0.9602,0.9908012350443843
Mizushima,Sakai-Semboku,5,0.005,0.7977,0.9588260280162675
Mizushima,Sakai-Semboku,6,0.0413,0.0356,0.3637866666666667
Mizushima,Sakai-Semboku,7,0.011,0.5749,0.8983482298316889
Mizushima,Sakai-Semboku,8,-0.0374,0.0573,0.4439657631954351
Mizushima,Sakai-Semboku,9,-0.0193,0.3273,0.7799177101967799
Mizushima,Sakai-Semboku,10,-0.0556,0.0047,0.10594915254237287
Mizushima,Sakai-Semboku,11,-0.0314,0.1103,0.5368628884826325
Mizushima,Sakai-Semboku,12,-0.0375,0.0567,0.44359411764705886
Mizushima,Sakai-Semboku,13,0.029,0.1406,0.5880440251572328
Mizushima,Sakai-Semboku,14,0.0169,0.3913,0.8152889584964762
Mizushima,Shanghai (Pudong),1,0.0436,0.0263,0.3075076923076923
Mizushima,Shanghai (Pudong),2,-0.0351,0.0738,0.480722891566265
Mizushima,Shanghai (Pudong),3,-0.0295,0.1329,0.5757557003257329
Mizushima,Shanghai (Pudong),4,-0.018,0.3606,0.7939812168231931
Mizushima,Shanghai (Pudong),5,0.0102,0.6048,0.9071147448548068
Mizushima,Shanghai (Pudong),6,-0.0124,0.5284,0.8859414910349166
Mizushima,Shanghai (Pudong),7,0.0045,0.82,0.9670165526373868
Mizushima,Shanghai (Pudong),8,0.0044,0.8212,0.9670165526373868
Mizushima,Shanghai (Pudong),9,-0.0069,0.7275,0.9387400581959263
Mizushima,Shanghai (Pudong),10,-0.0238,0.2265,0.6909288990825688
Mizushima,Shanghai (Pudong),11,-0.0013,0.948,0.9908012350443843
Mizushima,Shanghai (Pudong),12,-0.0126,0.5226,0.8832921027592768
Mizushima,Shanghai (Pudong),13,0.0099,0.6141,0.9116397099832684
Mizushima,Shanghai (Pudong),14,-0.0239,0.2244,0.6878414704192992
Mizushima,Singapore,1,0.0483,0.0139,0.22273493975903613
Mizushima,Singapore,2,-0.0073,0.7114,0.9347117806865892
Mizushima,Singapore,3,0.0135,0.4909,0.866374792703151
Mizushima,Singapore,4,-0.0212,0.2806,0.7422641509433964
Mizushima,Singapore,5,-0.0212,0.2801,0.7419930313588851
Mizushima,Singapore,6,-0.0143,0.4667,0.8528397260273972
Mizushima,Singapore,7,-0.0352,0.0737,0.480722891566265
Mizushima,Singapore,8,-0.0005,0.9808,0.994445587955022
Mizushima,Singapore,9,-0.0352,0.0734,0.480722891566265
Mizushima,Singapore,10,-0.0075,0.7044,0.931033043478261
Mizushima,Singapore,11,-0.0353,0.0731,0.480722891566265
Mizushima,Singapore,12,0.0203,0.3032,0.7625500945179585
Mizushima,Singapore,13,0.0133,0.4995,0.8729763469119579
Mizushima,Singapore,14,-0.0006,0.9749,0.9939088471849865
Mizushima,Tianjin Xin Gang,1,0.0161,0.4119,0.8227441860465116
Mizushima,Tianjin Xin Gang,2,0.0103,0.601,0.9060130348540663
Mizushima,Tianjin Xin Gang,3,-0.0363,0.0648,0.46397846567967693
Mizushima,Tianjin Xin Gang,4,0.0044,0.8228,0.9670165526373868
Mizushima,Tianjin Xin Gang,5,-0.0073,0.7119,0.9349349112426035
Mizushima,Tianjin Xin Gang,6,-0.0073,0.7108,0.9346159169550172
Mizushima,Tianjin Xin Gang,7,0.0218,0.2685,0.7284266124936516
Mizushima,Tianjin Xin Gang,8,-0.0015,0.9378,0.989144669044788
Mizushima,Tianjin Xin Gang,9,-0.0016,0.9367,0.9889351061718594
Mizushima,Tianjin Xin Gang,10,-0.0016,0.9355,0.9882565528196982
Mizushima,Tianjin Xin Gang,11,0.0391,0.0469,0.4037346278317152
Mizushima,Tianjin Xin Gang,12,0.0221,0.2624,0.7253541017653167
Mizushima,Tianjin Xin Gang,13,-0.0013,0.9477,0.9908012350443843
Mizushima,Tianjin Xin Gang,14,0.0395,0.0448,0.3985551839464883
Mizushima,Ulsan,1,0.0398,0.0428,0.3892239316239316
Mizushima,Ulsan,2,0.0098,0.619,0.9122525616172805
Mizushima,Ulsan,3,0.0023,0.9088,0.9833939393939395
Mizushima,Ulsan,4,-0.0128,0.516,0.8802460749759692
Mizushima,Ulsan,5,-0.0053,0.7878,0.9552010931450694
Mizushima,Ulsan,6,0.0022,0.9115,0.9838060458510853
Mizushima,Ulsan,7,-0.0053,0.7861,0.9542742413871776
Mizushima,Ulsan,8,-0.0129,0.5134,0.8790756356614097
Mizushima,Ulsan,9,-0.0129,0.5127,0.8790756356614097
Mizushima,Ulsan,10,-0.0054,0.7836,0.9541238291066941
Mizushima,Ulsan,11,0.0021,0.9161,0.9860938511326861
Mizushima,Ulsan,12,-0.0054,0.782,0.9540866773675762
Mizushima,Ulsan,13,-0.013,0.5101,0.8770950226244343
Mizushima,Ulsan,14,0.017,0.3879,0.8129814887751083
Mizushima,Yokohama,1,0.1848,0.0,0.0
Mizushima,Yokohama,2,0.1499,0.0,0.0
Mizushima,Yokohama,3,0.0859,0.0,0.0
Mizushima,Yokohama,4,0.0509,0.0095,0.17487889273356402
Mizushima,Yokohama,5,0.0276,0.1598,0.6246407053637031
Mizushima,Yokohama,6,0.0276,0.1603,0.6248087591240875
Mizushima,Yokohama,7,0.0334,0.0895,0.5070978723404256
Mizushima,Yokohama,8,0.0043,0.8277,0.9696978227402683
Mizushima,Yokohama,9,-0.0597,0.0024,0.06649999999999999
Mizushima,Yokohama,10,-0.0365,0.0636,0.46097002724795644
Mizushima,Yokohama,11,-0.0249,0.206,0.6785882352941177
Mizushima,Yokohama,12,-0.0424,0.0313,0.34372016460905347
Mizushima,Yokohama,13,0.0158,0.4233,0.8290349650349651
Mizushima,Yokohama,14,0.0506,0.0101,0.181527027027027
Nagoya,Antwerp,1,0.0538,0.0061,0.12433716475095785
Nagoya,Antwerp,2,0.0308,0.1166,0.5504099378881988
Nagoya,Antwerp,3,-0.0094,0.6339,0.916166078697422
Nagoya,Antwerp,4,0.0021,0.9156,0.9858312082574378
Nagoya,Antwerp,5,0.025,0.2034,0.6754606741573034
Nagoya,Antwerp,6,0.0365,0.0637,0.4610666666666667
Nagoya,Antwerp,7,0.0307,0.1187,0.5547668122270742
Nagoya,Antwerp,8,0.0192,0.3296,0.7816417112299464
Nagoya,Antwerp,9,-0.0206,0.2941,0.754286265060241
Nagoya,Antwerp,10,-0.0092,0.6413,0.9166747246843943
Nagoya,Antwerp,11,-0.0207,0.2928,0.754286265060241
Nagoya,Antwerp,12,0.0023,0.9079,0.9833939393939395
Nagoya,Antwerp,13,-0.0316,0.1085,0.5368628884826325
Nagoya,Antwerp,14,-0.0027,0.8903,0.9811710144927536
Nagoya,Busan,1,0.0016,0.9346,0.9876980532379817
Nagoya,Busan,2,-0.028,0.1538,0.6138154538634658
Nagoya,Busan,3,0.0075,0.7037,0.931033043478261
Nagoya,Busan,4,-0.0281,0.1531,0.6128607975921746
Nagoya,Busan,5,-0.0222,0.2591,0.7224381551362683
Nagoya,Busan,6,-0.0341,0.0832,0.4928997772828508
Nagoya,Busan,7,-0.0519,0.0083,0.15713879003558717
Nagoya,Busan,8,-0.0282,0.1517,0.6104126984126984
Nagoya,Busan,9,-0.0045,0.8174,0.9670165526373868
Nagoya,Busan,10,-0.0223,0.2564,0.72118043135192
Nagoya,Busan,11,0.0013,0.9465,0.9908012350443843
Nagoya,Busan,12,-0.0046,0.8141,0.9670165526373868
Nagoya,Busan,13,0.0017,0.9329,0.9874707520891364
Nagoya,Busan,14,-0.0102,0.603,0.9066097767730997
Nagoya,Chiba,1,0.155,0.0,0.0
Nagoya,Chiba,2,0.0574,0.0035,0.08580645161290322
Nagoya,Chiba,3,0.014,0.4765,0.8566223422207223
Nagoya,Chiba,4,-0.0131,0.5036,0.8730256410256412
Nagoya,Chiba,5,-0.0294,0.1342,0.5766193548387096
Nagoya,Chiba,6,-0.0132,0.5016,0.8730256410256412
Nagoya,Chiba,7,0.0084,0.6678,0.9241165149544863
Nagoya,Chiba,8,-0.0404,0.04,0.3739894551845343
Nagoya,Chiba,9,-0.0458,0.0197,0.25941584158415837
Nagoya,Chiba,10,-0.0405,0.0397,0.37183802816901407
Nagoya,Chiba,11,-0.0188,0.3395,0.7820972043010752
Nagoya,Chiba,12,-0.0405,0.0395,0.37183802816901407
Nagoya,Chiba,13,0.0141,0.4727,0.8550710642638559
Nagoya,Chiba,14,0.0141,0.4738,0.8553159144893112
Nagoya,Guangzhou (Nansha),1,0.0066,0.7385,0.9417992814371258
Nagoya,Guangzhou (Nansha),2,-0.0432,0.028,0.3203440860215054
Nagoya,Guangzhou (Nansha),3,-0.0211,0.2829,0.7440118518518519
Nagoya,Guangzhou (Nansha),4,-0.0322,0.1016,0.523244917715392
Nagoya,Guangzhou (Nansha),5,-0.0101,0.6065,0.9081283422459894
Nagoya,Guangzhou (Nansha),6,-0.0153,0.4364,0.8342249371182179
Nagoya,Guangzhou (Nansha),7,-0.0098,0.6182,0.9122525616172805
Nagoya,Guangzhou (Nansha),8,0.0566,0.004,0.09292576419213974
Nagoya,Guangzhou (Nansha),9,-0.0154,0.4338,0.8331465703971119
Nagoya,Guangzhou (Nansha),10,-0.0376,0.0562,0.44163072378138846
Nagoya,Guangzhou (Nansha),11,-0.0044,0.8233,0.9670165526373868
Nagoya,Guangzhou (Nansha),12,-0.0044,0.822,0.9670165526373868
Nagoya,Guangzhou (Nansha),13,0.0015,0.9392,0.9893240942387647
Nagoya,Guangzhou (Nansha),14,0.0126,0.5234,0.8832921027592768
Nagoya,Gwangyang (Kwangyang),1,0.0103,0.6012,0.9060577903682718
Nagoya,Gwangyang (Kwangyang),2,0.0037,0.849,0.9761573373676248
Nagoya,Gwangyang (Kwangyang),3,0.0102,0.6031,0.9066097767730997
Nagoya,Gwangyang (Kwangyang),4,0.0102,0.6041,0.9070877787186
Nagoya,Gwangyang (Kwangyang),5,-0.0219,0.2646,0.7271033057851239
Nagoya,Gwangyang (Kwangyang),6,-0.022,0.2641,0.7271033057851239
Nagoya,Gwangyang (Kwangyang),7,0.0106,0.5887,0.9003782696177063
Nagoya,Gwangyang (Kwangyang),8,0.0242,0.2181,0.6857028301886792
Nagoya,Gwangyang (Kwangyang),9,-0.0085,0.6646,0.9233930530164534
Nagoya,Gwangyang (Kwangyang),10,-0.0086,0.6637,0.9226245100600993
Nagoya,Gwangyang (Kwangyang),11,-0.0282,0.1515,0.6104126984126984
Nagoya,Gwangyang (Kwangyang),12,-0.0086,0.6618,0.9207050209205022
Nagoya,Gwangyang (Kwangyang),13,0.0179,0.3621,0.7939812168231931
Nagoya,Gwangyang (Kwangyang),14,-0.0018,0.9284,0.9874707520891364
Nagoya,Hong Kong,1,-0.0235,0.2319,0.69825
Nagoya,Hong Kong,2,-0.0296,0.1314,0.5734262295081968
Nagoya,Hong Kong,3,-0.0052,0.7926,0.9558415213946118
Nagoya,Hong Kong,4,0.0316,0.1084,0.5368628884826325
Nagoya,Hong Kong,5,0.0009,0.9634,0.9908012350443843
Nagoya,Hong Kong,6,0.0192,0.3277,0.7799177101967799
Nagoya,Hong Kong,7,0.0253,0.1975,0.669203539823009
Nagoya,Hong Kong,8,-0.0176,0.3721,0.7973580048270313
Nagoya,Hong Kong,9,-0.0053,0.7862,0.9542742413871776
Nagoya,Hong Kong,10,-0.0176,0.3707,0.7964959612277868
Nagoya,Hong Kong,11,-0.0054,0.7841,0.9541238291066941
Nagoya,Hong Kong,12,-0.0177,0.3693,0.7959530174159579
Nagoya,Hong Kong,13,-0.0174,0.3778,0.8029948062325211
Nagoya,Hong Kong,14,0.0195,0.3233,0.7763935018050542
Nagoya,Kaohsiung,1,-0.0234,0.2345,0.69825
Nagoya,Kaohsiung,2,-0.0065,0.742,0.9441377660846687
Nagoya,Kaohsiung,3,-0.0065,0.7408,0.9432876974629009
Nagoya,Kaohsiung,4,-0.0009,0.9638,0.9908012350443843
Nagoya,Kaohsiung,5,-0.0009,0.9625,0.9908012350443843
Nagoya,Kaohsiung,6,-0.0122,0.5339,0.8868865468071915
Nagoya,Kaohsiung,7,-0.0235,0.2313,0.6979671015314804
Nagoya,Kaohsiung,8,-0.0405,0.0395,0.37183802816901407
Nagoya,Kaohsiung,9,-0.018,0.3612,0.7939812168231931
Nagoya,Kaohsiung,10,-0.0462,0.0188,0.25514285714285717
Nagoya,Kaohsiung,11,-0.0406,0.0391,0.371360568383659
Nagoya,Kaohsiung,12,-0.0406,0.039,0.371360568383659
Nagoya,Kaohsiung,13,-0.0234,0.2352,0.69825
Nagoya,Kaohsiung,14,0.0218,0.2677,0.7284266124936516
Nagoya,Kobe,1,0.2287,0.0,0.0
Nagoya,Kobe,2,0.109,0.0,0.0
Nagoya,Kobe,3,0.0578,0.0033,0.0824225352112676
Nagoya,Kobe,4,0.035,0.0752,0.48084615384615387
Nagoya,Kobe,5,0.0122,0.5364,0.8868865468071915
Nagoya,Kobe,6,0.0121,0.5375,0.8868865468071915
Nagoya,Kobe,7,0.0235,0.2324,0.69825
Nagoya,Kobe,8,-0.0107,0.5859,0.8994939481268012
Nagoya,Kobe,9,-0.0335,0.0883,0.5034898177920686
Nagoya,Kobe,10,-0.0393,0.046,0.403163097199341
Nagoya,Kobe,11,-0.0393,0.0459,0.402950495049505
Nagoya,Kobe,12,-0.0108,0.5819,0.8983482298316889
Nagoya,Kobe,13,-0.0276,0.1608,0.6248087591240875
Nagoya,Kobe,14,0.0066,0.7371,0.9410539956803455
Nagoya,Mizushima,1,0.1295,0.0,0.0
Nagoya,Mizushima,2,0.0355,0.0708,0.480722891566265
Nagoya,Mizushima,3,-0.0174,0.3763,0.8017284741690028
Nagoya,Mizushima,4,-0.0057,0.7729,0.9540866773675762
Nagoya,Mizushima,5,-0.0468,0.0172,0.24207407407407408
Nagoya,Mizushima,6,-0.041,0.0371,0.36719565217391303
Nagoya,Mizushima,7,-0.0234,0.2345,0.69825
Nagoya,Mizushima,8,-0.0175,0.3726,0.7973580048270313
Nagoya,Mizushima,9,-0.0352,0.0736,0.480722891566265
Nagoya,Mizushima,10,-0.0117,0.5513,0.8905635159542445
Nagoya,Mizushima,11,-0.0235,0.2324,0.69825
Nagoya,Mizushima,12,-0.0118,0.5495,0.8905635159542445
Nagoya,Mizushima,13,0.0062,0.7521,0.9463509933774834
Nagoya,Mizushima,14,0.0003,0.9878,0.9962927382753403
Nagoya,Ningbo,1,0.0031,0.8734,0.9784640605296342
Nagoya,Ningbo,2,-0.0583,0.003,0.0774757281553398
Nagoya,Ningbo,3,-0.0304,0.1213,0.5606071118820468
Nagoya,Ningbo,4,-0.0305,0.121,0.5602191304347826
Nagoya,Ningbo,5,-0.0026,0.8956,0.9816653632434656
Nagoya,Ningbo,6,-0.0082,0.6768,0.9278814738469465
Nagoya,Ningbo,7,-0.0082,0.6757,0.9269530685920576
Nagoya,Ningbo,8,0.0197,0.3174,0.7728
Nagoya,Ningbo,9,0.0085,0.667,0.9237668488160292
Nagoya,Ningbo,10,0.0196,0.3191,0.7744580291970803
Nagoya,Ningbo,11,-0.0084,0.6713,0.9261711618257261
Nagoya,Ningbo,12,0.0251,0.2017,0.6743567839195981
Nagoya,Ningbo,13,0.02,0.3102,0.7681971176197118
Nagoya,Ningbo,14,-0.0192,0.3284,0.7802983474765521
Nagoya,Port Klang,1,-0.0121,0.5387,0.8869409217445099
Nagoya,Port Klang,2,-0.0121,0.5378,0.8868865468071915
Nagoya,Port Klang,3,0.0104,0.5961,0.9037189189189189
Nagoya,Port Klang,4,0.016,0.415,0.8231541325390915
Nagoya,Port Klang,5,-0.0231,0.2397,0.7041435670900056
Nagoya,Port Klang,6,0.0221,0.2616,0.7253541017653167
Nagoya,Port Klang,7,0.0164,0.4046,0.8219420289855073
Nagoya,Port Klang,8,0.0107,0.5862,0.8994939481268012
Nagoya,Port Klang,9,-0.0063,0.7496,0.9454414414414416
Nagoya,Port Klang,10,-0.0289,0.1415,0.5899529780564263
Nagoya,Port Klang,11,-0.0063,0.7473,0.9446126810733793
Nagoya,Port Klang,12,-0.0516,0.0087,0.163547703180212
Nagoya,Port Klang,13,-0.0117,0.5533,0.8905635159542445
Nagoya,Port Klang,14,-0.0344,0.0808,0.4884727272727273
Nagoya,Qingdao,1,-0.0177,0.3665,0.7943175895765473
Nagoya,Qingdao,2,-0.0668,0.0007,0.025861111111111112
Nagoya,Qingdao,3,-0.0396,0.0439,0.3945067567567567
Nagoya,Qingdao,4,-0.0178,0.3641,0.7939812168231931
Nagoya,Qingdao,5,-0.0233,0.2356,0.6982685236768802
Nagoya,Qingdao,6,-0.0179,0.3625,0.7939812168231931
Nagoya,Qingdao,7,-0.007,0.7202,0.9377053352912383
Nagoya,Qingdao,8,-0.0071,0.719,0.9375196078431373
Nagoya,Qingdao,9,0.0256,0.1937,0.6644878048780487
Nagoya,Qingdao,10,0.0369,0.0606,0.447883495145631
Nagoya,Qingdao,11,0.0096,0.626,0.9145667215815486
Nagoya,Qingdao,12,0.0205,0.2982,0.7578586437440307
Nagoya,Qingdao,13,-0.0064,0.7439,0.9445248868778282
Nagoya,Qingdao,14,0.0209,0.2886,0.7500498290180754
Nagoya,Rotterdam,1,0.0361,0.0664,0.4697446808510638
Nagoya,Rotterdam,2,0.0243,0.2171,0.6854433234421364
Nagoya,Rotterdam,3,-0.0111,0.5719,0.8965939893930465
Nagoya,Rotterdam,4,-0.0288,0.1428,0.5930491803278689
Nagoya,Rotterdam,5,-0.0053,0.7883,0.9552010931450694
Nagoya,Rotterdam,6,-0.0112,0.5691,0.8954782608695653
Nagoya,Rotterdam,7,0.0006,0.9777,0.994122947689958
Nagoya,Rotterdam,8,0.03,0.1276,0.5684140233722872
Nagoya,Rotterdam,9,-0.0172,0.3827,0.8079222222222222
Nagoya,Rotterdam,10,-0.0231,0.2405,0.7057142857142856
Nagoya,Rotterdam,11,-0.029,0.1404,0.587669551534225
Nagoya,Rotterdam,12,-0.0173,0.3805,0.8057270194986071
Nagoya,Rotterdam,13,-0.0288,0.1442,0.5956086956521739
Nagoya,Rotterdam,14,0.0066,0.7358,0.940837656099904
Nagoya,Sakai-Semboku,1,0.1645,0.0,0.0
Nagoya,Sakai-Semboku,2,0.0728,0.0002,0.008512
Nagoya,Sakai-Semboku,3,0.0034,0.8618,0.9780122543841115
Nagoya,Sakai-Semboku,4,0.0207,0.2914,0.7536451142440447
Nagoya,Sakai-Semboku,5,0.0149,0.4477,0.8439138722202613
Nagoya,Sakai-Semboku,6,-0.0082,0.6756,0.9269530685920576
Nagoya,Sakai-Semboku,7,-0.0025,0.8997,0.9820615258408532
Nagoya,Sakai-Semboku,8,-0.0314,0.1102,0.5368628884826325
Nagoya,Sakai-Semboku,9,-0.0488,0.0131,0.21674074074074073
Nagoya,Sakai-Semboku,10,-0.0488,0.013,0.21674074074074073
Nagoya,Sakai-Semboku,11,-0.0315,0.1093,0.5368628884826325
Nagoya,Sakai-Semboku,12,-0.02,0.3102,0.7681971176197118
Nagoya,Sakai-Semboku,13,0.0151,0.4423,0.8397701641684511
Nagoya,Sakai-Semboku,14,-0.0023,0.9074,0.9833939393939395
Nagoya,Shanghai (Pudong),1,-0.0468,0.0172,0.24207407407407408
Nagoya,Shanghai (Pudong),2,-0.0361,0.0664,0.4697446808510638
Nagoya,Shanghai (Pudong),3,-0.0361,0.0662,0.4697446808510638
Nagoya,Shanghai (Pudong),4,-0.0143,0.468,0.8528397260273972
Nagoya,Shanghai (Pudong),5,0.0072,0.7125,0.9349349112426035
Nagoya,Shanghai (Pudong),6,0.0018,0.926,0.9874707520891364
Nagoya,Shanghai (Pudong),7,0.018,0.3613,0.7939812168231931
Nagoya,Shanghai (Pudong),8,0.0287,0.1446,0.5958729666924865
Nagoya,Shanghai (Pudong),9,-0.0198,0.3138,0.7688794848206072
Nagoya,Shanghai (Pudong),10,-0.0252,0.1996,0.6707095959595959
Nagoya,Shanghai (Pudong),11,0.0124,0.5274,0.88593874329018
Nagoya,Shanghai (Pudong),12,0.034,0.0845,0.49672928176795583
Nagoya,Shanghai (Pudong),13,0.0506,0.0101,0.181527027027027
Nagoya,Shanghai (Pudong),14,0.0128,0.5154,0.879951219512195
Nagoya,Singapore,1,0.04,0.0417,0.3818313253012048
Nagoya,Singapore,2,-0.0198,0.3145,0.7692597701149425
Nagoya,Singapore,3,-0.0198,0.314,0.7688794848206072
Nagoya,Singapore,4,0.02,0.3087,0.7681971176197118
Nagoya,Singapore,5,0.0001,0.9971,0.9987896817925062
Nagoya,Singapore,6,-0.0199,0.3123,0.7688273947246645
Nagoya,Singapore,7,0.0,0.9992,0.9995757803685595
Nagoya,Singapore,8,0.0332,0.0915,0.5084979919678715
Nagoya,Singapore,9,-0.0067,0.7347,0.940837656099904
Nagoya,Singapore,10,0.0199,0.3129,0.7688794848206072
Nagoya,Singapore,11,0.0066,0.7391,0.9417992814371258
Nagoya,Singapore,12,0.0132,0.5035,0.8730256410256412
Nagoya,Singapore,13,0.0069,0.7273,0.9387400581959263
Nagoya,Singapore,14,0.0068,0.7284,0.938793220338983
Nagoya,Tianjin Xin Gang,1,0.0134,0.4951,0.8698586525759576
Nagoya,Tianjin Xin Gang,2,0.0023,0.9086,0.9833939393939395
Nagoya,Tianjin Xin Gang,3,-0.0256,0.1932,0.6644878048780487
Nagoya,Tianjin Xin Gang,4,-0.02,0.3079,0.7672262295081966
Nagoya,Tianjin Xin Gang,5,-0.0145,0.4604,0.8523818118708781
Nagoya,Tianjin Xin Gang,6,-0.0257,0.1918,0.6641352405721717
Nagoya,Tianjin Xin Gang,7,-0.0257,0.1913,0.6637861799217731
Nagoya,Tianjin Xin Gang,8,-0.0091,0.6455,0.9173098666666666
Nagoya,Tianjin Xin Gang,9,0.0132,0.5037,0.8730256410256412
Nagoya,Tianjin Xin Gang,10,0.0076,0.7007,0.9309337319382163
Nagoya,Tianjin Xin Gang,11,-0.0036,0.8554,0.9780122543841115
Nagoya,Tianjin Xin Gang,12,0.0247,0.2104,0.6804425531914894
Nagoya,Tianjin Xin Gang,13,-0.0028,0.8859,0.9804426877470356
Nagoya,Tianjin Xin Gang,14,0.0139,0.4803,0.8583123950285523
Nagoya,Ulsan,1,0.0252,0.1997,0.6707095959595959
Nagoya,Ulsan,2,0.0108,0.5814,0.8983482298316889
Nagoya,Ulsan,3,0.0036,0.853,0.9777978883861237
Nagoya,Ulsan,4,-0.0107,0.5857,0.8994939481268012
Nagoya,Ulsan,5,-0.0107,0.585,0.8994939481268012
Nagoya,Ulsan,6,0.0036,0.8558,0.9780122543841115
Nagoya,Ulsan,7,0.0107,0.5859,0.8994939481268012
Nagoya,Ulsan,8,0.0107,0.5867,0.8994939481268012
Nagoya,Ulsan,9,0.0178,0.3646,0.7939812168231931
Nagoya,Ulsan,10,-0.018,0.3597,0.7939812168231931
Nagoya,Ulsan,11,-0.0324,0.0998,0.5195068493150685
Nagoya,Ulsan,12,-0.0181,0.3586,0.7939812168231931
Nagoya,Ulsan,13,-0.0035,0.8608,0.9780122543841115
Nagoya,Ulsan,14,0.0181,0.3586,0.7939812168231931
Nagoya,Yokohama,1,0.2191,0.0,0.0
Nagoya,Yokohama,2,0.1079,0.0,0.0
Nagoya,Yokohama,3,0.0467,0.0175,0.24500000000000002
Nagoya,Yokohama,4,0.0022,0.9112,0.9836818181818182
Nagoya,Yokohama,5,-0.0312,0.1126,0.5421104072398191
Nagoya,Yokohama,6,-0.0201,0.3066,0.7657802816901408
Nagoya,Yokohama,7,0.0021,0.915,0.9855841263413647
Nagoya,Yokohama,8,-0.0202,0.3052,0.7643275294117647
Nagoya,Yokohama,9,-0.0313,0.1114,0.5382758620689655
Nagoya,Yokohama,10,-0.0425,0.0308,0.3406569646569647
Nagoya,Yokohama,11,-0.0258,0.1895,0.6610754098360655
Nagoya,Yokohama,12,-0.0314,0.1104,0.5368628884826325
Nagoya,Yokohama,13,0.0023,0.9055,0.9833939393939395
Nagoya,Yokohama,14,0.0079,0.6891,0.9301939393939394
Ningbo,Antwerp,1,-0.0154,0.433,0.8331139240506329
Ningbo,Antwerp,2,0.0017,0.9296,0.9874707520891364
Ningbo,Antwerp,3,-0.004,0.838,0.9737085514834205
Ningbo,Antwerp,4,-0.0098,0.6191,0.9122525616172805
Ningbo,Antwerp,5,-0.0098,0.6181,0.9122525616172805
Ningbo,Antwerp,6,-0.0098,0.617,0.9122525616172805
Ningbo,Antwerp,7,0.0073,0.7102,0.9342888229475768
Ningbo,Antwerp,8,0.002,0.9205,0.9874177419354839
Ningbo,Antwerp,9,-0.0206,0.2941,0.754286265060241
Ningbo,Antwerp,10,0.0081,0.681,0.930151569277877
Ningbo,Antwerp,11,0.0081,0.6822,0.930151569277877
Ningbo,Antwerp,12,0.0488,0.0131,0.21674074074074073
Ningbo,Antwerp,13,-0.0027,0.8915,0.9813325056900476
Ningbo,Antwerp,14,0.032,0.1044,0.5294666666666666
Ningbo,Busan,1,0.1193,0.0,0.0
Ningbo,Busan,2,0.0543,0.0056,0.11637499999999999
Ningbo,Busan,3,0.0189,0.3367,0.7820972043010752
Ningbo,Busan,4,0.0366,0.0628,0.456415300546448
Ningbo,Busan,5,0.0306,0.1191,0.5547668122270742
Ningbo,Busan,6,-0.0048,0.8058,0.9646390639063906
Ningbo,Busan,7,-0.0108,0.584,0.8994939481268012
Ningbo,Busan,8,-0.0282,0.1517,0.6104126984126984
Ningbo,Busan,9,0.0251,0.2027,0.6747317073170732
Ningbo,Busan,10,-0.0105,0.5939,0.9027142449329147
Ningbo,Busan,11,-0.0105,0.5929,0.9027142449329147
Ningbo,Busan,12,-0.0042,0.8292,0.9698562321389317
Ningbo,Busan,13,-0.0043,0.828,0.9696978227402683
Ningbo,Busan,14,-0.0162,0.4113,0.8227441860465116
Ningbo,Chiba,1,0.0677,0.0006,0.0228
Ningbo,Chiba,2,0.0622,0.0015,0.0463953488372093
Ningbo,Chiba,3,0.0298,0.13,0.5714723825226711
Ningbo,Chiba,4,0.0243,0.2161,0.6854433234421364
Ningbo,Chiba,5,0.0567,0.0039,0.09140088105726872
Ningbo,Chiba,6,0.0188,0.338,0.7820972043010752
Ningbo,Chiba,7,-0.0028,0.8856,0.9803146067415731
Ningbo,Chiba,8,-0.0187,0.3418,0.7820972043010752
Ningbo,Chiba,9,0.0138,0.4831,0.8601378848728246
Ningbo,Chiba,10,0.0083,0.6715,0.9262068965517242
Ningbo,Chiba,11,-0.0296,0.132,0.5737254901960784
Ningbo,Chiba,12,0.0033,0.8668,0.9780122543841115
Ningbo,Chiba,13,0.0305,0.122,0.5609680207433017
Ningbo,Chiba,14,0.0413,0.036,0.36410646387832696
Ningbo,Guangzhou (Nansha),1,0.0337,0.0866,0.5007739130434783
Ningbo,Guangzhou (Nansha),2,0.0446,0.023,0.28389791183294666
Ningbo,Guangzhou (Nansha),3,0.0281,0.1529,0.6128607975921746
Ningbo,Guangzhou (Nansha),4,0.017,0.386,0.8107066719305172
Ningbo,Guangzhou (Nansha),5,-0.0105,0.5923,0.9026170151818964
Ningbo,Guangzhou (Nansha),6,-0.0047,0.8131,0.9670165526373868
Ningbo,Guangzhou (Nansha),7,0.0008,0.966,0.9915338606984371
Ningbo,Guangzhou (Nansha),8,-0.0209,0.288,0.7500498290180754
Ningbo,Guangzhou (Nansha),9,-0.0154,0.4338,0.8331465703971119
Ningbo,Guangzhou (Nansha),10,0.0012,0.9526,0.9908012350443843
Ningbo,Guangzhou (Nansha),11,-0.0265,0.1776,0.6514360027378508
Ningbo,Guangzhou (Nansha),12,-0.0096,0.6272,0.9153143170597915
Ningbo,Guangzhou (Nansha),13,-0.0318,0.1064,0.5330018832391714
Ningbo,Guangzhou (Nansha),14,0.0126,0.5234,0.8832921027592768
Ningbo,Gwangyang (Kwangyang),1,0.0618,0.0016,0.04864
Ningbo,Gwangyang (Kwangyang),2,0.0488,0.013,0.21674074074074073
Ningbo,Gwangyang (Kwangyang),3,0.0552,0.0049,0.10596747967479674
Ningbo,Gwangyang (Kwangyang),4,0.0033,0.8655,0.9780122543841115
Ningbo,Gwangyang (Kwangyang),5,0.0103,0.6,0.9060130348540663
Ningbo,Gwangyang (Kwangyang),6,-0.0092,0.6385,0.9164693822497976
Ningbo,Gwangyang (Kwangyang),7,-0.0223,0.2572,0.72118043135192
Ningbo,Gwangyang (Kwangyang),8,-0.0151,0.4442,0.8400796302879487
Ningbo,Gwangyang (Kwangyang),9,-0.0151,0.4435,0.8398405693950177
Ningbo,Gwangyang (Kwangyang),10,-0.0086,0.6637,0.9226245100600993
Ningbo,Gwangyang (Kwangyang),11,-0.002,0.9175,0.9862800565770863
Ningbo,Gwangyang (Kwangyang),12,0.018,0.3613,0.7939812168231931
Ningbo,Gwangyang (Kwangyang),13,-0.0083,0.6731,0.9267450980392158
Ningbo,Gwangyang (Kwangyang),14,0.0376,0.0561,0.4414970414201183
Ningbo,Hong Kong,1,0.0617,0.0017,0.05109604519774011
Ningbo,Hong Kong,2,0.0434,0.0272,0.31525925925925924
Ningbo,Hong Kong,3,0.0617,0.0017,0.05109604519774011
Ningbo,Hong Kong,4,-0.0239,0.2242,0.6878414704192992
Ningbo,Hong Kong,5,-0.0117,0.5519,0.8905635159542445
Ningbo,Hong Kong,6,0.0127,0.5178,0.8804990427568604
Ningbo,Hong Kong,7,-0.0179,0.3637,0.7939812168231931
Ningbo,Hong Kong,8,0.0069,0.7242,0.9387171643602816
Ningbo,Hong Kong,9,-0.0298,0.1293,0.5707870753935378
Ningbo,Hong Kong,10,0.0069,0.7264,0.9387171643602816
Ningbo,Hong Kong,11,-0.0238,0.2272,0.6921785918717802
Ningbo,Hong Kong,12,0.0195,0.3218,0.7760543970988213
Ningbo,Hong Kong,13,0.0072,0.7147,0.9358119616047255
Ningbo,Hong Kong,14,0.0133,0.4992,0.8727387446598751
Ningbo,Kaohsiung,1,0.0832,0.0,0.0
Ningbo,Kaohsiung,2,0.0606,0.002,0.05689839572192513
Ningbo,Kaohsiung,3,0.0156,0.4272,0.8308502732240438
Ningbo,Kaohsiung,4,0.0156,0.4282,0.8308502732240438
Ningbo,Kaohsiung,5,-0.0295,0.1339,0.5762974939369443
Ningbo,Kaohsiung,6,-0.0014,0.9447,0.9908012350443843
Ningbo,Kaohsiung,7,0.038,0.0534,0.42784337349397594
Ningbo,Kaohsiung,8,0.0103,0.6019,0.9060860215053763
Ningbo,Kaohsiung,9,-0.018,0.3612,0.7939812168231931
Ningbo,Kaohsiung,10,-0.0067,0.7328,0.9406878919440425
Ningbo,Kaohsiung,11,0.0045,0.818,0.9670165526373868
Ningbo,Kaohsiung,12,0.0106,0.591,0.9018216231717808
Ningbo,Kaohsiung,13,0.0049,0.8037,0.9634711711711712
Ningbo,Kaohsiung,14,0.0162,0.4115,0.8227441860465116
Ningbo,Kobe,1,0.0686,0.0005,0.019558823529411764
Ningbo,Kobe,2,0.0459,0.0195,0.25805970149253726
Ningbo,Kobe,3,0.0288,0.1425,0.59268125
Ningbo,Kobe,4,0.0458,0.0197,0.25941584158415837
Ningbo,Kobe,5,0.0231,0.2404,0.7057142857142856
Ningbo,Kobe,6,0.0401,0.0414,0.38105190311418685
Ningbo,Kobe,7,-0.0054,0.7842,0.9541238291066941
Ningbo,Kobe,8,0.0007,0.9727,0.9933389635316698
Ningbo,Kobe,9,-0.0107,0.5849,0.8994939481268012
Ningbo,Kobe,10,-0.0165,0.4025,0.8204214559386974
Ningbo,Kobe,11,0.0234,0.2352,0.69825
Ningbo,Kobe,12,0.0124,0.5294,0.8859414910349166
Ningbo,Kobe,13,0.0466,0.0179,0.24734545454545454
Ningbo,Kobe,14,0.0523,0.0079,0.15117985611510792
Ningbo,Mizushima,1,0.035,0.0744,0.480722891566265
Ningbo,Mizushima,2,0.0702,0.0004,0.016121212121212123
Ningbo,Mizushima,3,0.035,0.075,0.480722891566265
Ningbo,Mizushima,4,0.0115,0.5577,0.8910321224857399
Ningbo,Mizushima,5,0.0349,0.0756,0.48166706586826347
Ningbo,Mizushima,6,0.0642,0.0011,0.036575
Ningbo,Mizushima,7,0.0349,0.0761,0.4825411203814064
Ningbo,Mizushima,8,-0.0058,0.7685,0.9527748837209302
Ningbo,Mizushima,9,0.0118,0.5487,0.8905635159542445
Ningbo,Mizushima,10,-0.0176,0.3712,0.7972482842147759
Ningbo,Mizushima,11,-0.0059,0.7651,0.9519017773620206
Ningbo,Mizushima,12,0.0004,0.9854,0.9962927382753403
Ningbo,Mizushima,13,0.0121,0.5386,0.8869409217445099
Ningbo,Mizushima,14,0.071,0.0003,0.012372093023255813
Ningbo,Nagoya,1,0.0875,0.0,0.0
Ningbo,Nagoya,2,0.0545,0.0055,0.11474509803921569
Ningbo,Nagoya,3,0.032,0.1036,0.5284295302013423
Ningbo,Nagoya,4,0.0488,0.013,0.21674074074074073
Ningbo,Nagoya,5,0.0095,0.63,0.9158847199564981
Ningbo,Nagoya,6,0.0431,0.0283,0.322389721627409
Ningbo,Nagoya,7,-0.0074,0.7058,0.9317260545905707
Ningbo,Nagoya,8,-0.0071,0.7197,0.9377053352912383
Ningbo,Nagoya,9,0.0267,0.1753,0.6471866759195003
Ningbo,Nagoya,10,0.0323,0.1011,0.5216799224054316
Ningbo,Nagoya,11,-0.0015,0.9382,0.989144669044788
Ningbo,Nagoya,12,-0.0124,0.528,0.8859414910349166
Ningbo,Nagoya,13,0.0383,0.0517,0.4199145038167939
Ningbo,Nagoya,14,0.027,0.1704,0.6370541110330288
Ningbo,Port Klang,1,0.01,0.6093,0.9094425126191812
Ningbo,Port Klang,2,0.0213,0.2793,0.7418252621068397
Ningbo,Port Klang,3,0.0662,0.0007,0.025861111111111112
Ningbo,Port Klang,4,-0.0013,0.9471,0.9908012350443843
Ningbo,Port Klang,5,0.0329,0.094,0.5084979919678715
Ningbo,Port Klang,6,0.0442,0.0246,0.2960904977375565
Ningbo,Port Klang,7,0.0272,0.1663,0.63175
Ningbo,Port Klang,8,0.0107,0.5862,0.8994939481268012
Ningbo,Port Klang,9,0.022,0.2638,0.7267819782496115
Ningbo,Port Klang,10,0.0163,0.4075,0.8225461393596986
Ningbo,Port Klang,11,0.0106,0.5896,0.9010835966676244
Ningbo,Port Klang,12,0.0054,0.7854,0.9541740123315825
Ningbo,Port Klang,13,-0.006,0.7604,0.9502767206953253
Ningbo,Port Klang,14,-0.006,0.7592,0.9494461683121768
Ningbo,Qingdao,1,0.0797,0.0,0.0
Ningbo,Qingdao,2,0.0144,0.4627,0.8528397260273972
Ningbo,Qingdao,3,-0.0182,0.3545,0.7938594867480018
Ningbo,Qingdao,4,-0.0237,0.2287,0.694850942318675
Ningbo,Qingdao,5,-0.0183,0.353,0.7930574324324323
Ningbo,Qingdao,6,0.0034,0.8612,0.9780122543841115
Ningbo,Qingdao,7,-0.0129,0.5121,0.8790756356614097
Ningbo,Qingdao,8,-0.0234,0.2339,0.69825
Ningbo,Qingdao,9,-0.0017,0.9326,0.9874707520891364
Ningbo,Qingdao,10,-0.0122,0.535,0.8868865468071915
Ningbo,Qingdao,11,-0.0122,0.5339,0.8868865468071915
Ningbo,Qingdao,12,-0.0173,0.3783,0.8037364217252396
Ningbo,Qingdao,13,-0.0064,0.7439,0.9445248868778282
Ningbo,Qingdao,14,-0.0174,0.3767,0.8022594075260208
Ningbo,Rotterdam,1,0.0238,0.2251,0.6878414704192992
Ningbo,Rotterdam,2,0.0297,0.1309,0.5722169268693508
Ningbo,Rotterdam,3,0.0061,0.7544,0.9481188118811881
Ningbo,Rotterdam,4,-0.0291,0.1383,0.5852845786963434
Ningbo,Rotterdam,5,0.0355,0.0712,0.480722891566265
Ningbo,Rotterdam,6,0.0472,0.0164,0.23903561643835616
Ningbo,Rotterdam,7,0.0413,0.0358,0.3637866666666667
Ningbo,Rotterdam,8,0.0123,0.5318,0.8863333333333334
Ningbo,Rotterdam,9,-0.0172,0.3827,0.8079222222222222
Ningbo,Rotterdam,10,0.0181,0.3569,0.7939812168231931
Ningbo,Rotterdam,11,0.0122,0.535,0.8868865468071915
Ningbo,Rotterdam,12,0.0067,0.7335,0.940837656099904
Ningbo,Rotterdam,13,-0.0051,0.7943,0.9563720298710114
Ningbo,Rotterdam,14,-0.0052,0.7932,0.9558415213946118
Ningbo,Sakai-Semboku,1,0.0487,0.0132,0.21674074074074073
Ningbo,Sakai-Semboku,2,0.0088,0.6539,0.9183985220374768
Ningbo,Sakai-Semboku,3,-0.0028,0.8886,0.980906036092097
Ningbo,Sakai-Semboku,4,0.0088,0.6562,0.9186799999999999
Ningbo,Sakai-Semboku,5,0.026,0.1856,0.6580646864686469
Ningbo,Sakai-Semboku,6,0.0318,0.1062,0.5330018832391714
Ningbo,Sakai-Semboku,7,-0.0029,0.8838,0.9796734013747136
Ningbo,Sakai-Semboku,8,-0.0372,0.0585,0.4439657631954351
Ningbo,Sakai-Semboku,9,-0.0257,0.192,0.6641352405721717
Ningbo,Sakai-Semboku,10,-0.0199,0.3115,0.7685266573945294
Ningbo,Sakai-Semboku,11,0.0032,0.8715,0.9784640605296342
Ningbo,Sakai-Semboku,12,0.0036,0.8563,0.9780122543841115
Ningbo,Sakai-Semboku,13,-0.0023,0.9086,0.9833939393939395
Ningbo,Sakai-Semboku,14,0.0151,0.4433,0.8398405693950177
Ningbo,Shanghai (Pudong),1,0.1942,0.0,0.0
Ningbo,Shanghai (Pudong),2,0.0494,0.0119,0.2048802588996764
Ningbo,Shanghai (Pudong),3,-0.0257,0.1905,0.6623921568627451
Ningbo,Shanghai (Pudong),4,-0.02,0.3079,0.7672262295081966
Ningbo,Shanghai (Pudong),5,-0.0147,0.4546,0.8482537679635472
Ningbo,Shanghai (Pudong),6,-0.0201,0.3065,0.7657802816901408
Ningbo,Shanghai (Pudong),7,-0.0255,0.1945,0.6644878048780487
Ningbo,Shanghai (Pudong),8,-0.0036,0.8538,0.9780122543841115
Ningbo,Shanghai (Pudong),9,-0.0037,0.8526,0.9777607242940289
Ningbo,Shanghai (Pudong),10,0.0017,0.9313,0.9874707520891364
Ningbo,Shanghai (Pudong),11,0.0071,0.7202,0.9377053352912383
Ningbo,Shanghai (Pudong),12,-0.0087,0.6576,0.9189852941176472
Ningbo,Shanghai (Pudong),13,0.002,0.9174,0.9862800565770863
Ningbo,Shanghai (Pudong),14,-0.0142,0.4712,0.8543912747102931
Ningbo,Singapore,1,-0.02,0.3079,0.7672262295081966
Ningbo,Singapore,2,-0.0399,0.0421,0.3841715265866209
Ningbo,Singapore,3,0.0064,0.7446,0.9445248868778282
Ningbo,Singapore,4,0.0329,0.0945,0.5084979919678715
Ningbo,Singapore,5,0.0395,0.0447,0.3983316582914573
Ningbo,Singapore,6,0.0328,0.0951,0.5084979919678715
Ningbo,Singapore,7,0.0394,0.045,0.399
Ningbo,Singapore,8,-0.0066,0.7356,0.940837656099904
Ningbo,Singapore,9,0.0066,0.737,0.9410539956803455
Ningbo,Singapore,10,0.0464,0.0183,0.25091752577319587
Ningbo,Singapore,11,-0.0067,0.7328,0.9406878919440425
Ningbo,Singapore,12,0.0135,0.4914,0.8667931034482759
Ningbo,Singapore,13,0.0135,0.4923,0.8675827814569536
Ningbo,Singapore,14,0.0335,0.0893,0.5070978723404256
Ningbo,Tianjin Xin Gang,1,0.0573,0.0035,0.08580645161290322
Ningbo,Tianjin Xin Gang,2,0.0795,0.0001,0.004470588235294118
Ningbo,Tianjin Xin Gang,3,0.0295,0.1329,0.5757557003257329
Ningbo,Tianjin Xin Gang,4,0.0073,0.7098,0.9342246412666997
Ningbo,Tianjin Xin Gang,5,-0.0204,0.2983,0.7578586437440307
Ningbo,Tianjin Xin Gang,6,0.0017,0.9309,0.9874707520891364
Ningbo,Tianjin Xin Gang,7,0.0017,0.9322,0.9874707520891364
Ningbo,Tianjin Xin Gang,8,0.0076,0.6982,0.9308338745940545
Ningbo,Tianjin Xin Gang,9,0.041,0.0373,0.36719565217391303
Ningbo,Tianjin Xin Gang,10,-0.0091,0.6433,0.9173098666666666
Ningbo,Tianjin Xin Gang,11,-0.0203,0.3032,0.7625500945179585
Ningbo,Tianjin Xin Gang,12,-0.0307,0.1185,0.5547668122270742
Ningbo,Tianjin Xin Gang,13,-0.014,0.4771,0.8566223422207223
Ningbo,Tianjin Xin Gang,14,-0.014,0.4762,0.8566223422207223
Ningbo,Ulsan,1,0.1035,0.0,0.0
Ningbo,Ulsan,2,0.0391,0.0466,0.4037346278317152
Ningbo,Ulsan,3,-0.011,0.5764,0.8983482298316889
Ningbo,Ulsan,4,0.0104,0.5951,0.9034134094151212
Ningbo,Ulsan,5,0.0247,0.2085,0.6803743119266055
Ningbo,Ulsan,6,0.0247,0.209,0.6803743119266055
Ningbo,Ulsan,7,0.0032,0.8697,0.9780122543841115
Ningbo,Ulsan,8,0.0179,0.3639,0.7939812168231931
Ningbo,Ulsan,9,0.0465,0.018,0.24808290155440413
Ningbo,Ulsan,10,0.0178,0.3653,0.7939812168231931
Ningbo,Ulsan,11,-0.0181,0.3591,0.7939812168231931
Ningbo,Ulsan,12,-0.0034,0.8618,0.9780122543841115
Ningbo,Ulsan,13,-0.0322,0.102,0.5247969052224372
Ningbo,Ulsan,14,-0.0107,0.5883,0.9003782696177063
Ningbo,Yokohama,1,0.0573,0.0035,0.08580645161290322
Ningbo,Yokohama,2,0.0628,0.0014,0.04407100591715976
Ningbo,Yokohama,3,0.0295,0.1329,0.5757557003257329
Ningbo,Yokohama,4,0.0406,0.0389,0.371360568383659
Ningbo,Yokohama,5,0.0295,0.1339,0.5762974939369443
Ningbo,Yokohama,6,0.035,0.0752,0.48084615384615387
Ningbo,Yokohama,7,-0.0094,0.6321,0.9158847199564981
Ningbo,Yokohama,8,-0.0146,0.4577,0.8498639693058947
Ningbo,Yokohama,9,-0.0035,0.8579,0.9780122543841115
Ningbo,Yokohama,10,0.0131,0.5048,0.8730256410256412
Ningbo,Yokohama,11,0.0298,0.1303,0.5714723825226711
Ningbo,Yokohama,12,0.0135,0.4924,0.8675827814569536
Ningbo,Yokohama,13,0.0135,0.4934,0.8680185185185185
Ningbo,Yokohama,14,0.0246,0.2116,0.6813333333333333
Port Klang,Antwerp,1,0.0207,0.2909,0.7536451142440447
Port Klang,Antwerp,2,-0.0082,0.6775,0.9282255987638424
Port Klang,Antwerp,3,-0.0255,0.1937,0.6644878048780487
Port Klang,Antwerp,4,-0.0313,0.1107,0.5373345487693709
Port Klang,Antwerp,5,-0.0198,0.3134,0.7688794848206072
Port Klang,Antwerp,6,-0.0372,0.0585,0.4439657631954351
Port Klang,Antwerp,7,-0.0257,0.1919,0.6641352405721717
Port Klang,Antwerp,8,-0.0026,0.8959,0.9816653632434656
Port Klang,Antwerp,9,-0.037,0.0603,0.447883495145631
Port Klang,Antwerp,10,-0.0138,0.483,0.8601378848728246
Port Klang,Antwerp,11,0.0035,0.8569,0.9780122543841115
Port Klang,Antwerp,12,0.0093,0.6362,0.9164693822497976
Port Klang,Antwerp,13,-0.0251,0.202,0.6744225705329153
Port Klang,Antwerp,14,0.0276,0.1609,0.6248087591240875
Port Klang,Busan,1,0.0088,0.6555,0.9186670179135933
Port Klang,Busan,2,0.0505,0.0102,0.1827070707070707
Port Klang,Busan,3,0.0087,0.6577,0.9189852941176472
Port Klang,Busan,4,0.0325,0.0978,0.5141264822134387
Port Klang,Busan,5,0.0027,0.8913,0.9813153973509934
Port Klang,Busan,6,-0.0152,0.4386,0.836027230383375
Port Klang,Busan,7,-0.0153,0.4378,0.8355911047345768
Port Klang,Busan,8,0.0265,0.1786,0.6514360027378508
Port Klang,Busan,9,0.0085,0.6644,0.9233563218390805
Port Klang,Busan,10,-0.0153,0.4354,0.8334028776978416
Port Klang,Busan,11,-0.0333,0.0909,0.5084979919678715
Port Klang,Busan,12,-0.0035,0.8597,0.9780122543841115
Port Klang,Busan,13,-0.0274,0.1645,0.631270893371758
Port Klang,Busan,14,-0.0031,0.8729,0.9784640605296342
Port Klang,Chiba,1,-0.0009,0.9628,0.9908012350443843
Port Klang,Chiba,2,-0.0228,0.2461,0.712804785209353
Port Klang,Chiba,3,-0.0174,0.377,0.8025733706517394
Port Klang,Chiba,4,-0.0338,0.0857,0.500739934711643
Port Klang,Chiba,5,-0.012,0.5428,0.8870475606014114
Port Klang,Chiba,6,0.0098,0.6166,0.9121056435918822
Port Klang,Chiba,7,0.0044,0.8249,0.9676886438809261
Port Klang,Chiba,8,0.0098,0.619,0.9122525616172805
Port Klang,Chiba,9,-0.0176,0.3722,0.7973580048270313
Port Klang,Chiba,10,0.0261,0.1846,0.6577843268586737
Port Klang,Chiba,11,-0.0122,0.5367,0.8868865468071915
Port Klang,Chiba,12,-0.0177,0.3698,0.7960631067961166
Port Klang,Chiba,13,0.026,0.1865,0.6580646864686469
Port Klang,Chiba,14,0.0374,0.0573,0.4439657631954351
Port Klang,Guangzhou (Nansha),1,0.0079,0.6881,0.9301939393939394
Port Klang,Guangzhou (Nansha),2,0.0301,0.1256,0.5662644067796611
Port Klang,Guangzhou (Nansha),3,0.0134,0.4959,0.8701311367380561
Port Klang,Guangzhou (Nansha),4,-0.0033,0.8656,0.9780122543841115
Port Klang,Guangzhou (Nansha),5,0.0022,0.9109,0.9836818181818182
Port Klang,Guangzhou (Nansha),6,-0.0253,0.1985,0.669203539823009
Port Klang,Guangzhou (Nansha),7,-0.0253,0.198,0.669203539823009
Port Klang,Guangzhou (Nansha),8,0.0081,0.6807,0.930151569277877
Port Klang,Guangzhou (Nansha),9,-0.0087,0.66,0.9195801047120419
Port Klang,Guangzhou (Nansha),10,0.0192,0.3297,0.7816417112299464
Port Klang,Guangzhou (Nansha),11,-0.0143,0.4677,0.8528397260273972
Port Klang,Guangzhou (Nansha),12,-0.0366,0.0628,0.456415300546448
Port Klang,Guangzhou (Nansha),13,-0.0144,0.4659,0.8528397260273972
Port Klang,Guangzhou (Nansha),14,0.0139,0.4789,0.8575682582380633
Port Klang,Gwangyang (Kwangyang),1,-0.0082,0.6749,0.9267450980392158
Port Klang,Gwangyang (Kwangyang),2,-0.0083,0.674,0.9267450980392158
Port Klang,Gwangyang (Kwangyang),3,0.0048,0.8069,0.9650872302158273
Port Klang,Gwangyang (Kwangyang),4,-0.0214,0.2759,0.7383239436619717
Port Klang,Gwangyang (Kwangyang),5,-0.0079,0.6882,0.9301939393939394
Port Klang,Gwangyang (Kwangyang),6,-0.0013,0.9454,0.9908012350443843
Port Klang,Gwangyang (Kwangyang),7,-0.0211,0.2837,0.7445900345337938
Port Klang,Gwangyang (Kwangyang),8,0.0189,0.3376,0.7820972043010752
Port Klang,Gwangyang (Kwangyang),9,0.0386,0.0496,0.41285847589424574
Port Klang,Gwangyang (Kwangyang),10,-0.0273,0.1646,0.631270893371758
Port Klang,Gwangyang (Kwangyang),11,0.0188,0.3398,0.7820972043010752
Port Klang,Gwangyang (Kwangyang),12,0.032,0.1045,0.5294666666666666
Port Klang,Gwangyang (Kwangyang),13,0.0121,0.5375,0.8868865468071915
Port Klang,Gwangyang (Kwangyang),14,-0.0007,0.9707,0.9929644572526417
Port Klang,Hong Kong,1,0.0145,0.4607,0.8523818118708781
Port Klang,Hong Kong,2,0.0083,0.6729,0.9267450980392158
Port Klang,Hong Kong,3,0.0576,0.0033,0.0824225352112676
Port Klang,Hong Kong,4,0.0082,0.675,0.9267450980392158
Port Klang,Hong Kong,5,0.0206,0.2959,0.7557717026378897
Port Klang,Hong Kong,6,0.0267,0.1746,0.6454982626824184
Port Klang,Hong Kong,7,-0.035,0.0749,0.480722891566265
Port Klang,Hong Kong,8,-0.0227,0.2481,0.7151710739341608
Port Klang,Hong Kong,9,-0.0104,0.5969,0.9037189189189189
Port Klang,Hong Kong,10,0.0328,0.096,0.5107200000000001
Port Klang,Hong Kong,11,0.0266,0.1772,0.6514360027378508
Port Klang,Hong Kong,12,-0.0105,0.5941,0.9027142449329147
Port Klang,Hong Kong,13,0.0018,0.9263,0.9874707520891364
Port Klang,Hong Kong,14,-0.004,0.8388,0.9737085514834205
Port Klang,Kaohsiung,1,0.0061,0.7554,0.9481188118811881
Port Klang,Kaohsiung,2,-0.0166,0.3975,0.818065764023211
Port Klang,Kaohsiung,3,0.0174,0.3754,0.8001314102564102
Port Klang,Kaohsiung,4,0.0344,0.0798,0.48579199999999995
Port Klang,Kaohsiung,5,0.023,0.2412,0.7069884297520662
Port Klang,Kaohsiung,6,0.0003,0.9882,0.9962927382753403
Port Klang,Kaohsiung,7,0.0116,0.5547,0.8905635159542445
Port Klang,Kaohsiung,8,-0.0055,0.7817,0.9540866773675762
Port Klang,Kaohsiung,9,0.0116,0.5569,0.890824165915239
Port Klang,Kaohsiung,10,0.0058,0.7664,0.9525297827610371
Port Klang,Kaohsiung,11,-0.0055,0.7782,0.9540866773675762
Port Klang,Kaohsiung,12,-0.0169,0.3896,0.8140769230769231
Port Klang,Kaohsiung,13,-0.0283,0.1502,0.6089254185692542
Port Klang,Kaohsiung,14,-0.0337,0.0869,0.5008754062838571
Port Klang,Kobe,1,0.0021,0.9138,0.9852890149979732
Port Klang,Kobe,2,-0.0208,0.2888,0.750203125
Port Klang,Kobe,3,0.0078,0.6914,0.9301939393939394
Port Klang,Kobe,4,-0.0037,0.8508,0.9767492447129908
Port Klang,Kobe,5,-0.0209,0.2869,0.7492920962199312
Port Klang,Kobe,6,0.0077,0.6949,0.930632134774956
Port Klang,Kobe,7,-0.0095,0.6282,0.915680437756498
Port Klang,Kobe,8,0.0191,0.3309,0.7820972043010752
Port Klang,Kobe,9,-0.0096,0.6261,0.9145667215815486
Port Klang,Kobe,10,0.0133,0.4982,0.8717382439986847
Port Klang,Kobe,11,-0.0211,0.2832,0.7440118518518519
Port Klang,Kobe,12,0.0075,0.702,0.9309337319382163
Port Klang,Kobe,13,0.0132,0.5014,0.8730256410256412
Port Klang,Kobe,14,0.0137,0.4881,0.8641237936772046
Port Klang,Mizushima,1,0.0015,0.9399,0.9895642192756777
Port Klang,Mizushima,2,0.0015,0.9411,0.9898481613285884
Port Klang,Mizushima,3,0.0251,0.2018,0.6743567839195981
Port Klang,Mizushima,4,0.0073,0.7101,0.9342888229475768
Port Klang,Mizushima,5,-0.0046,0.8169,0.9670165526373868
Port Klang,Mizushima,6,-0.0223,0.2562,0.72118043135192
Port Klang,Mizushima,7,0.0131,0.5042,0.8730256410256412
Port Klang,Mizushima,8,-0.0224,0.2551,0.72118043135192
Port Klang,Mizushima,9,-0.0165,0.4017,0.8201411584196394
Port Klang,Mizushima,10,-0.0106,0.5896,0.9010835966676244
Port Klang,Mizushima,11,-0.0166,0.4001,0.8196118598382749
Port Klang,Mizushima,12,-0.0166,0.3994,0.818697996918336
Port Klang,Mizushima,13,0.0011,0.9542,0.9908012350443843
Port Klang,Mizushima,14,-0.0044,0.8221,0.9670165526373868
Port Klang,Nagoya,1,-0.0173,0.3773,0.8025733706517394
Port Klang,Nagoya,2,-0.0227,0.2487,0.7151710739341608
Port Klang,Nagoya,3,-0.0,0.9986,0.9993513920240783
Port Klang,Nagoya,4,-0.0171,0.3854,0.8099763033175356
Port Klang,Nagoya,5,-0.0228,0.247,0.7139543973941368
Port Klang,Nagoya,6,-0.0171,0.3838,0.8085138339920949
Port Klang,Nagoya,7,-0.0115,0.5591,0.8914723049434187
Port Klang,Nagoya,8,-0.0059,0.766,0.9525297827610371
Port Klang,Nagoya,9,-0.0116,0.5571,0.890824165915239
Port Klang,Nagoya,10,0.0338,0.0863,0.500739934711643
Port Klang,Nagoya,11,0.0054,0.7844,0.9541238291066941
Port Klang,Nagoya,12,-0.0116,0.5542,0.8905635159542445
Port Klang,Nagoya,13,0.0053,0.7868,0.9547846715328469
Port Klang,Nagoya,14,0.0171,0.3855,0.8099763033175356
Port Klang,Ningbo,1,-0.0068,0.7279,0.9387704242424243
Port Klang,Ningbo,2,0.0156,0.4262,0.8299355783308932
Port Klang,Ningbo,3,0.01,0.6117,0.9106413407821229
Port Klang,Ningbo,4,0.0325,0.0987,0.516306784660767
Port Klang,Ningbo,5,0.0324,0.0991,0.5178899803536345
Port Klang,Ningbo,6,0.0099,0.6152,0.9116612813370473
Port Klang,Ningbo,7,0.0436,0.0265,0.3078165938864629
Port Klang,Ningbo,8,0.0267,0.1746,0.6454982626824184
Port Klang,Ningbo,9,0.0042,0.8322,0.97111296336916
Port Klang,Ningbo,10,-0.0127,0.5173,0.8802583946274384
Port Klang,Ningbo,11,0.0154,0.4352,0.8334028776978416
Port Klang,Ningbo,12,-0.0016,0.9372,0.9890704225352113
Port Klang,Ningbo,13,-0.0072,0.7143,0.9356494337764648
Port Klang,Ningbo,14,-0.0181,0.3576,0.7939812168231931
Port Klang,Qingdao,1,0.0109,0.5807,0.8983482298316889
Port Klang,Qingdao,2,0.0108,0.5818,0.8983482298316889
Port Klang,Qingdao,3,-0.0057,0.7732,0.9540866773675762
Port Klang,Qingdao,4,0.0217,0.269,0.7284266124936516
Port Klang,Qingdao,5,-0.0002,0.9901,0.9962927382753403
Port Klang,Qingdao,6,0.0217,0.2705,0.7285384615384616
Port Klang,Qingdao,7,-0.0168,0.394,0.8163127187864644
Port Klang,Qingdao,8,-0.0003,0.9862,0.9962927382753403
Port Klang,Qingdao,9,-0.0388,0.0487,0.41124444444444447
Port Klang,Qingdao,10,0.0385,0.0504,0.41505882352941176
Port Klang,Qingdao,11,-0.0055,0.7787,0.9540866773675762
Port Klang,Qingdao,12,0.0109,0.5787,0.8983482298316889
Port Klang,Qingdao,13,0.0219,0.266,0.7281869542886492
Port Klang,Qingdao,14,-0.0217,0.2696,0.7284266124936516
Port Klang,Rotterdam,1,0.0138,0.483,0.8601378848728246
Port Klang,Rotterdam,2,0.0138,0.484,0.8608759612169843
Port Klang,Rotterdam,3,-0.0337,0.0861,0.500739934711643
Port Klang,Rotterdam,4,-0.0278,0.1569,0.6219880774962743
Port Klang,Rotterdam,5,-0.016,0.416,0.8234228337671998
Port Klang,Rotterdam,6,-0.0042,0.8326,0.9711536943652708
Port Klang,Rotterdam,7,0.0017,0.9293,0.9874707520891364
Port Klang,Rotterdam,8,0.0314,0.1107,0.5373345487693709
Port Klang,Rotterdam,9,-0.0102,0.605,0.9071589627959413
Port Klang,Rotterdam,10,-0.0043,0.8281,0.9696978227402683
Port Klang,Rotterdam,11,-0.0043,0.8269,0.9696072294467709
Port Klang,Rotterdam,12,-0.0103,0.6021,0.9061306930693068
Port Klang,Rotterdam,13,0.0253,0.1988,0.669203539823009
Port Klang,Rotterdam,14,-0.004,0.8389,0.9737085514834205
Port Klang,Sakai-Semboku,1,-0.0073,0.709,0.9341282495667246
Port Klang,Sakai-Semboku,2,-0.007,0.7234,0.9387171643602816
Port Klang,Sakai-Semboku,3,-0.0186,0.3431,0.7842886597938145
Port Klang,Sakai-Semboku,4,-0.0012,0.9517,0.9908012350443843
Port Klang,Sakai-Semboku,5,-0.0012,0.9505,0.9908012350443843
Port Klang,Sakai-Semboku,6,0.0162,0.4095,0.8225461393596986
Port Klang,Sakai-Semboku,7,-0.0188,0.3404,0.7820972043010752
Port Klang,Sakai-Semboku,8,-0.0421,0.0324,0.349630831643002
Port Klang,Sakai-Semboku,9,0.0045,0.8198,0.9670165526373868
Port Klang,Sakai-Semboku,10,-0.0014,0.9445,0.9908012350443843
Port Klang,Sakai-Semboku,11,0.0044,0.8222,0.9670165526373868
Port Klang,Sakai-Semboku,12,-0.0247,0.2091,0.6803743119266055
Port Klang,Sakai-Semboku,13,-0.0189,0.3363,0.7820972043010752
Port Klang,Sakai-Semboku,14,-0.0303,0.1241,0.5645714285714286
Port Klang,Shanghai (Pudong),1,-0.0025,0.899,0.9820615258408532
Port Klang,Shanghai (Pudong),2,0.0137,0.4853,0.8626114266622119
Port Klang,Shanghai (Pudong),3,-0.008,0.685,0.930151569277877
Port Klang,Shanghai (Pudong),4,0.0304,0.1225,0.5617334479793638
Port Klang,Shanghai (Pudong),5,0.0249,0.2054,0.6777805331680099
Port Klang,Shanghai (Pudong),6,0.0032,0.8723,0.9784640605296342
Port Klang,Shanghai (Pudong),7,0.0411,0.0365,0.366
Port Klang,Shanghai (Pudong),8,0.0139,0.4783,0.8575682582380633
Port Klang,Shanghai (Pudong),9,0.0031,0.8762,0.9788710625787485
Port Klang,Shanghai (Pudong),10,0.0193,0.3265,0.7799177101967799
Port Klang,Shanghai (Pudong),11,-0.0024,0.9019,0.9828160589922164
Port Klang,Shanghai (Pudong),12,0.0355,0.0711,0.480722891566265
Port Klang,Shanghai (Pudong),13,0.0301,0.1267,0.5678550968828981
Port Klang,Shanghai (Pudong),14,-0.0075,0.7023,0.9309337319382163
Port Klang,Singapore,1,0.0146,0.4579,0.8498639693058947
Port Klang,Singapore,2,-0.0189,0.3369,0.7820972043010752
Port Klang,Singapore,3,-0.0256,0.193,0.6644878048780487
Port Klang,Singapore,4,-0.0189,0.3358,0.7820972043010752
Port Klang,Singapore,5,-0.0323,0.1002,0.520074074074074
Port Klang,Singapore,6,0.0011,0.956,0.9908012350443843
Port Klang,Singapore,7,0.0278,0.1574,0.6221158989598813
Port Klang,Singapore,8,-0.0123,0.5305,0.8859442181134439
Port Klang,Singapore,9,-0.0458,0.0199,0.26075862068965516
Port Klang,Singapore,10,-0.0057,0.772,0.9537947050627033
Port Klang,Singapore,11,0.0143,0.4666,0.8528397260273972
Port Klang,Singapore,12,-0.0058,0.7701,0.9527748837209302
Port Klang,Singapore,13,0.0009,0.9633,0.9908012350443843
Port Klang,Singapore,14,0.0348,0.0776,0.48579199999999995
Port Klang,Tianjin Xin Gang,1,-0.0132,0.5009,0.8730256410256412
Port Klang,Tianjin Xin Gang,2,-0.0356,0.0696,0.4771546391752577
Port Klang,Tianjin Xin Gang,3,-0.0189,0.3366,0.7820972043010752
Port Klang,Tianjin Xin Gang,4,0.0091,0.6442,0.9173098666666666
Port Klang,Tianjin Xin Gang,5,0.0314,0.1097,0.5368628884826325
Port Klang,Tianjin Xin Gang,6,0.0202,0.3039,0.7629768758848514
Port Klang,Tianjin Xin Gang,7,0.0034,0.8633,0.9780122543841115
Port Klang,Tianjin Xin Gang,8,0.0146,0.4594,0.8516447230929989
Port Klang,Tianjin Xin Gang,9,-0.0247,0.2098,0.6804425531914894
Port Klang,Tianjin Xin Gang,10,-0.0191,0.3316,0.7820972043010752
Port Klang,Tianjin Xin Gang,11,-0.0247,0.2088,0.6803743119266055
Port Klang,Tianjin Xin Gang,12,-0.0244,0.2149,0.6854433234421364
Port Klang,Tianjin Xin Gang,13,0.0148,0.4508,0.8450514446793517
Port Klang,Tianjin Xin Gang,14,-0.0129,0.5138,0.8794774774774775
Port Klang,Ulsan,1,0.0047,0.8122,0.9670165526373868
Port Klang,Ulsan,2,-0.0314,0.1094,0.5368628884826325
Port Klang,Ulsan,3,-0.0243,0.2171,0.6854433234421364
Port Klang,Ulsan,4,-0.0243,0.2168,0.6854433234421364
Port Klang,Ulsan,5,-0.0099,0.6159,0.9119365432785973
Port Klang,Ulsan,6,-0.0099,0.6152,0.9116612813370473
Port Klang,Ulsan,7,-0.0243,0.2157,0.6854433234421364
Port Klang,Ulsan,8,0.0117,0.5512,0.8905635159542445
Port Klang,Ulsan,9,-0.01,0.6128,0.9106413407821229
Port Klang,Ulsan,10,-0.0028,0.8884,0.980906036092097
Port Klang,Ulsan,11,-0.01,0.6113,0.9104468085106383
Port Klang,Ulsan,12,0.0116,0.5546,0.8905635159542445
Port Klang,Ulsan,13,0.0261,0.1858,0.6580646864686469
Port Klang,Ulsan,14,0.0264,0.1799,0.6532887372013653
Port Klang,Yokohama,1,-0.0076,0.698,0.9308338745940545
Port Klang,Yokohama,2,-0.0077,0.6969,0.9308338745940545
Port Klang,Yokohama,3,-0.0189,0.3366,0.7820972043010752
Port Klang,Yokohama,4,0.0035,0.8595,0.9780122543841115
Port Klang,Yokohama,5,-0.0021,0.9129,0.9845181431177783
Port Klang,Yokohama,6,-0.019,0.3345,0.7820972043010752
Port Klang,Yokohama,7,0.0258,0.1898,0.6616880733944954
Port Klang,Yokohama,8,0.009,0.6489,0.9183082209886334
Port Klang,Yokohama,9,-0.0079,0.689,0.9301939393939394
Port Klang,Yokohama,10,0.0145,0.4614,0.8523818118708781
Port Klang,Yokohama,11,0.0089,0.6525,0.9183082209886334
Port Klang,Yokohama,12,0.0088,0.6537,0.9183985220374768
Port Klang,Yokohama,13,0.0256,0.1935,0.6644878048780487
Port Klang,Yokohama,14,0.0092,0.6398,0.9166747246843943
Qingdao,Antwerp,1,-0.0078,0.6908,0.9301939393939394
Qingdao,Antwerp,2,-0.019,0.3328,0.7820972043010752
Qingdao,Antwerp,3,-0.0079,0.6886,0.9301939393939394
Qingdao,Antwerp,4,-0.0191,0.3313,0.7820972043010752
Qingdao,Antwerp,5,-0.0023,0.905,0.9833939393939395
Qingdao,Antwerp,6,-0.0303,0.1227,0.5617334479793638
Qingdao,Antwerp,7,-0.008,0.6841,0.930151569277877
Qingdao,Antwerp,8,0.0591,0.0026,0.07093333333333333
Qingdao,Antwerp,9,0.0092,0.6408,0.9166747246843943
Qingdao,Antwerp,10,0.0148,0.4533,0.8469410112359551
Qingdao,Antwerp,11,0.0203,0.3015,0.7605405405405405
Qingdao,Antwerp,12,0.0035,0.8597,0.9780122543841115
Qingdao,Antwerp,13,-0.0017,0.9303,0.9874707520891364
Qingdao,Antwerp,14,-0.0074,0.708,0.9340669476816266
Qingdao,Busan,1,0.0609,0.0019,0.055234972677595626
Qingdao,Busan,2,0.0782,0.0001,0.004470588235294118
Qingdao,Busan,3,0.0146,0.4563,0.8486710940230688
Qingdao,Busan,4,0.0088,0.653,0.9183082209886334
Qingdao,Busan,5,0.0204,0.3006,0.7597111638954869
Qingdao,Busan,6,-0.0143,0.4668,0.8528397260273972
Qingdao,Busan,7,0.003,0.8797,0.9796734013747136
Qingdao,Busan,8,0.0087,0.6576,0.9189852941176472
Qingdao,Busan,9,-0.0086,0.661,0.9202124542124542
Qingdao,Busan,10,-0.0029,0.8834,0.9796734013747136
Qingdao,Busan,11,-0.026,0.1863,0.6580646864686469
Qingdao,Busan,12,-0.0145,0.4616,0.8523818118708781
Qingdao,Busan,13,-0.003,0.8798,0.9796734013747136
Qingdao,Busan,14,-0.0088,0.6557,0.9186799999999999
Qingdao,Chiba,1,0.0619,0.0016,0.04864
Qingdao,Chiba,2,0.0143,0.4663,0.8528397260273972
Qingdao,Chiba,3,0.046,0.0192,0.256
Qingdao,Chiba,4,0.0142,0.4685,0.8529466484268127
Qingdao,Chiba,5,0.0248,0.2074,0.6803743119266055
Qingdao,Chiba,6,0.0089,0.651,0.9183082209886334
Qingdao,Chiba,7,0.0089,0.6522,0.9183082209886334
Qingdao,Chiba,8,-0.0123,0.5313,0.8859442181134439
Qingdao,Chiba,9,-0.0071,0.7197,0.9377053352912383
Qingdao,Chiba,10,-0.0071,0.7185,0.9370973277764157
Qingdao,Chiba,11,0.0034,0.8611,0.9780122543841115
Qingdao,Chiba,12,-0.0177,0.3676,0.7949723577235772
Qingdao,Chiba,13,-0.0125,0.5261,0.8851524351676154
Qingdao,Chiba,14,-0.0125,0.5251,0.8843658227848101
Qingdao,Guangzhou (Nansha),1,0.0234,0.2341,0.69825
Qingdao,Guangzhou (Nansha),2,0.0233,0.2348,0.69825
Qingdao,Guangzhou (Nansha),3,-0.0036,0.8549,0.9780122543841115
Qingdao,Guangzhou (Nansha),4,0.0125,0.5243,0.8840811410459587
Qingdao,Guangzhou (Nansha),5,0.0071,0.7179,0.9370973277764157
Qingdao,Guangzhou (Nansha),6,0.0237,0.2282,0.6937279999999999
Qingdao,Guangzhou (Nansha),7,0.0776,0.0001,0.004470588235294118
Qingdao,Guangzhou (Nansha),8,0.0452,0.0215,0.27495192307692307
Qingdao,Guangzhou (Nansha),9,0.002,0.9182,0.986342822531799
Qingdao,Guangzhou (Nansha),10,0.0236,0.231,0.6974574347332577
Qingdao,Guangzhou (Nansha),11,0.0127,0.5173,0.8802583946274384
Qingdao,Guangzhou (Nansha),12,-0.0035,0.86,0.9780122543841115
Qingdao,Guangzhou (Nansha),13,-0.0143,0.4678,0.8528397260273972
Qingdao,Guangzhou (Nansha),14,0.018,0.3595,0.7939812168231931
Qingdao,Gwangyang (Kwangyang),1,0.0379,0.0534,0.42784337349397594
Qingdao,Gwangyang (Kwangyang),2,0.0316,0.108,0.5364705882352941
Qingdao,Gwangyang (Kwangyang),3,0.0315,0.1084,0.5368628884826325
Qingdao,Gwangyang (Kwangyang),4,-0.0002,0.993,0.9976004531722054
Qingdao,Gwangyang (Kwangyang),5,-0.0061,0.758,0.9491861614497529
Qingdao,Gwangyang (Kwangyang),6,-0.0124,0.5268,0.885769911504425
Qingdao,Gwangyang (Kwangyang),7,-0.0188,0.3383,0.7820972043010752
Qingdao,Gwangyang (Kwangyang),8,-0.0248,0.2073,0.6803743119266055
Qingdao,Gwangyang (Kwangyang),9,-0.0121,0.5397,0.8870475606014114
Qingdao,Gwangyang (Kwangyang),10,0.0134,0.4947,0.8698586525759576
Qingdao,Gwangyang (Kwangyang),11,0.0006,0.9739,0.9938147651006711
Qingdao,Gwangyang (Kwangyang),12,0.007,0.7221,0.9387171643602816
Qingdao,Gwangyang (Kwangyang),13,0.0134,0.4976,0.8712615992102665
Qingdao,Gwangyang (Kwangyang),14,-0.025,0.2048,0.6771510254816656
Qingdao,Hong Kong,1,0.0149,0.449,0.8439138722202613
Qingdao,Hong Kong,2,-0.015,0.445,0.8409946714031972
Qingdao,Hong Kong,3,0.0387,0.0489,0.4115471698113208
Qingdao,Hong Kong,4,0.0327,0.0961,0.5107412587412588
Qingdao,Hong Kong,5,-0.0151,0.4426,0.8398203208556151
Qingdao,Hong Kong,6,-0.0032,0.8714,0.9784640605296342
Qingdao,Hong Kong,7,0.0147,0.4548,0.8482537679635472
Qingdao,Hong Kong,8,0.0386,0.0499,0.41285847589424574
Qingdao,Hong Kong,9,0.0266,0.1766,0.6500995850622406
Qingdao,Hong Kong,10,-0.0152,0.4386,0.836027230383375
Qingdao,Hong Kong,11,0.0206,0.2962,0.7557717026378897
Qingdao,Hong Kong,12,0.0146,0.4596,0.8516447230929989
Qingdao,Hong Kong,13,0.0265,0.1787,0.6514360027378508
Qingdao,Hong Kong,14,0.0264,0.1793,0.6523636363636364
Qingdao,Kaohsiung,1,0.0058,0.7685,0.9527748837209302
Qingdao,Kaohsiung,2,-0.0052,0.7896,0.9555938209904588
Qingdao,Kaohsiung,3,0.0222,0.2584,0.7220000000000001
Qingdao,Kaohsiung,4,0.0222,0.2591,0.7224381551362683
Qingdao,Kaohsiung,5,0.0167,0.397,0.818065764023211
Qingdao,Kaohsiung,6,0.0111,0.5717,0.8965939893930465
Qingdao,Kaohsiung,7,0.0276,0.1607,0.6248087591240875
Qingdao,Kaohsiung,8,0.0056,0.7774,0.9540866773675762
Qingdao,Kaohsiung,9,0.0055,0.7787,0.9540866773675762
Qingdao,Kaohsiung,10,-0.0055,0.78,0.9540866773675762
Qingdao,Kaohsiung,11,0.033,0.094,0.5084979919678715
Qingdao,Kaohsiung,12,-0.0056,0.7775,0.9540866773675762
Qingdao,Kaohsiung,13,-0.0001,0.9961,0.998476836158192
Qingdao,Kaohsiung,14,0.0109,0.581,0.8983482298316889
Qingdao,Kobe,1,0.002,0.9175,0.9862800565770863
Qingdao,Kobe,2,0.0353,0.0723,0.480722891566265
Qingdao,Kobe,3,0.0297,0.1303,0.5714723825226711
Qingdao,Kobe,4,0.0019,0.9213,0.9874707520891364
Qingdao,Kobe,5,0.0019,0.9226,0.9874707520891364
Qingdao,Kobe,6,0.0074,0.7055,0.931693224125093
Qingdao,Kobe,7,0.0185,0.3468,0.7860997017469109
Qingdao,Kobe,8,-0.0148,0.4506,0.8449742685935847
Qingdao,Kobe,9,0.0073,0.7092,0.9341282495667246
Qingdao,Kobe,10,0.0018,0.929,0.9874707520891364
Qingdao,Kobe,11,-0.0205,0.2979,0.7578586437440307
Qingdao,Kobe,12,-0.0261,0.1853,0.6580646864686469
Qingdao,Kobe,13,0.0183,0.3522,0.7919289940828402
Qingdao,Kobe,14,-0.0095,0.6303,0.9158847199564981
Qingdao,Mizushima,1,0.0247,0.209,0.6803743119266055
Qingdao,Mizushima,2,0.0132,0.5017,0.8730256410256412
Qingdao,Mizushima,3,0.0246,0.2103,0.6804425531914894
Qingdao,Mizushima,4,0.0017,0.9315,0.9874707520891364
Qingdao,Mizushima,5,-0.0041,0.8361,0.9737085514834205
Qingdao,Mizushima,6,-0.0098,0.6174,0.9122525616172805
Qingdao,Mizushima,7,0.0188,0.3398,0.7820972043010752
Qingdao,Mizushima,8,0.0073,0.7108,0.9346159169550172
Qingdao,Mizushima,9,-0.0156,0.4266,0.8304105378704719
Qingdao,Mizushima,10,-0.0214,0.2769,0.7391409934771701
Qingdao,Mizushima,11,-0.01,0.6123,0.9106413407821229
Qingdao,Mizushima,12,-0.0501,0.0109,0.19329333333333334
Qingdao,Mizushima,13,0.0243,0.2167,0.6854433234421364
Qingdao,Mizushima,14,0.0472,0.0165,0.23918256130790191
Qingdao,Nagoya,1,0.0268,0.1728,0.64218410041841
Qingdao,Nagoya,2,0.0327,0.0958,0.5106773547094189
Qingdao,Nagoya,3,0.0217,0.2689,0.7284266124936516
Qingdao,Nagoya,4,0.0272,0.1667,0.63175
Qingdao,Nagoya,5,0.0107,0.5865,0.8994939481268012
Qingdao,Nagoya,6,-0.0168,0.3941,0.8163127187864644
Qingdao,Nagoya,7,-0.0003,0.9863,0.9962927382753403
Qingdao,Nagoya,8,-0.0442,0.0244,0.29555555555555557
Qingdao,Nagoya,9,-0.0169,0.3916,0.815386301369863
Qingdao,Nagoya,10,0.016,0.4156,0.8231541325390915
Qingdao,Nagoya,11,-0.0114,0.5613,0.8914723049434187
Qingdao,Nagoya,12,-0.0115,0.5602,0.8914723049434187
Qingdao,Nagoya,13,-0.0005,0.9786,0.994122947689958
Qingdao,Nagoya,14,-0.017,0.3875,0.8125739061884115
Qingdao,Ningbo,1,0.1401,0.0,0.0
Qingdao,Ningbo,2,0.0094,0.6314,0.9158847199564981
Qingdao,Ningbo,3,0.0203,0.302,0.7614407582938388
Qingdao,Ningbo,4,-0.0179,0.3635,0.7939812168231931
Qingdao,Ningbo,5,-0.0124,0.5266,0.8857135630730318
Qingdao,Ningbo,6,-0.007,0.7205,0.9378664056765353
Qingdao,Ningbo,7,0.0093,0.6375,0.9164693822497976
Qingdao,Ningbo,8,-0.0071,0.7181,0.9370973277764157
Qingdao,Ningbo,9,-0.0126,0.5226,0.8832921027592768
Qingdao,Ningbo,10,-0.0181,0.3588,0.7939812168231931
Qingdao,Ningbo,11,-0.0018,0.9291,0.9874707520891364
Qingdao,Ningbo,12,0.0091,0.6436,0.9173098666666666
Qingdao,Ningbo,13,0.02,0.3105,0.7681971176197118
Qingdao,Ningbo,14,0.009,0.6461,0.9173098666666666
Qingdao,Port Klang,1,0.0223,0.2569,0.72118043135192
Qingdao,Port Klang,2,-0.0272,0.1658,0.63175
Qingdao,Port Klang,3,0.0057,0.771,0.9536665891653104
Qingdao,Port Klang,4,0.0222,0.2591,0.7224381551362683
Qingdao,Port Klang,5,0.0061,0.7562,0.9481461230261607
Qingdao,Port Klang,6,0.0061,0.7575,0.9491861614497529
Qingdao,Port Klang,7,-0.005,0.8001,0.9606255924170617
Qingdao,Port Klang,8,0.017,0.3866,0.8113262327416173
Qingdao,Port Klang,9,0.0446,0.0235,0.2874022988505747
Qingdao,Port Klang,10,-0.0051,0.7964,0.9576962025316456
Qingdao,Port Klang,11,0.0059,0.7638,0.9513250643575942
Qingdao,Port Klang,12,0.0169,0.3904,0.8144686520376175
Qingdao,Port Klang,13,0.0169,0.3914,0.8152889584964762
Qingdao,Port Klang,14,-0.0107,0.5863,0.8994939481268012
Qingdao,Rotterdam,1,0.0022,0.9094,0.9836818181818182
Qingdao,Rotterdam,2,-0.0035,0.8573,0.9780122543841115
Qingdao,Rotterdam,3,0.0079,0.6871,0.9301939393939394
Qingdao,Rotterdam,4,-0.0323,0.1003,0.520074074074074
Qingdao,Rotterdam,5,-0.0381,0.0527,0.4241512859304084
Qingdao,Rotterdam,6,-0.0037,0.8525,0.9777607242940289
Qingdao,Rotterdam,7,0.0595,0.0025,0.0689119170984456
Qingdao,Rotterdam,8,0.0193,0.3278,0.7799177101967799
Qingdao,Rotterdam,9,0.0479,0.0148,0.22560458452722065
Qingdao,Rotterdam,10,0.0364,0.0642,0.46370270270270275
Qingdao,Rotterdam,11,-0.0153,0.4372,0.8348542713567839
Qingdao,Rotterdam,12,0.0019,0.923,0.9874707520891364
Qingdao,Rotterdam,13,0.0076,0.699,0.9308338745940545
Qingdao,Rotterdam,14,-0.0154,0.4347,0.8334028776978416
Qingdao,Sakai-Semboku,1,0.0268,0.1731,0.64218410041841
Qingdao,Sakai-Semboku,2,0.0272,0.1656,0.63175
Qingdao,Sakai-Semboku,3,0.0103,0.6002,0.9060130348540663
Qingdao,Sakai-Semboku,4,-0.0066,0.7356,0.940837656099904
Qingdao,Sakai-Semboku,5,-0.0179,0.3615,0.7939812168231931
Qingdao,Sakai-Semboku,6,0.0158,0.4203,0.8257001477104874
Qingdao,Sakai-Semboku,7,0.0158,0.4213,0.8270538745387453
Qingdao,Sakai-Semboku,8,-0.0349,0.0756,0.48166706586826347
Qingdao,Sakai-Semboku,9,-0.0068,0.7299,0.9396179883945842
Qingdao,Sakai-Semboku,10,0.0101,0.6082,0.9094425126191812
Qingdao,Sakai-Semboku,11,-0.0012,0.9507,0.9908012350443843
Qingdao,Sakai-Semboku,12,0.01,0.6106,0.9099137254901961
Qingdao,Sakai-Semboku,13,0.0213,0.28,0.7419930313588851
Qingdao,Sakai-Semboku,14,0.0156,0.4282,0.8308502732240438
Qingdao,Shanghai (Pudong),1,0.0912,0.0,0.0
Qingdao,Shanghai (Pudong),2,0.023,0.2414,0.7071850220264317
Qingdao,Shanghai (Pudong),3,-0.0085,0.6672,0.9237668488160292
Qingdao,Shanghai (Pudong),4,-0.0291,0.1388,0.5855796986518637
Qingdao,Shanghai (Pudong),5,0.0391,0.0465,0.4037346278317152
Qingdao,Shanghai (Pudong),6,-0.0029,0.8825,0.9796734013747136
Qingdao,Shanghai (Pudong),7,-0.045,0.0222,0.2812
Qingdao,Shanghai (Pudong),8,-0.0135,0.4933,0.8680185185185185
Qingdao,Shanghai (Pudong),9,-0.024,0.2222,0.686870424171993
Qingdao,Shanghai (Pudong),10,-0.0608,0.002,0.05689839572192513
Qingdao,Shanghai (Pudong),11,-0.0031,0.8759,0.9788710625787485
Qingdao,Shanghai (Pudong),12,-0.0084,0.6711,0.9261711618257261
Qingdao,Shanghai (Pudong),13,-0.0189,0.3371,0.7820972043010752
Qingdao,Shanghai (Pudong),14,0.0073,0.7098,0.9342246412666997
Qingdao,Singapore,1,-0.0229,0.2433,0.7107940691927512
Qingdao,Singapore,2,-0.0553,0.0049,0.10596747967479674
Qingdao,Singapore,3,-0.0165,0.4011,0.819970802919708
Qingdao,Singapore,4,0.0482,0.0142,0.22483333333333333
Qingdao,Singapore,5,0.0223,0.2573,0.72118043135192
Qingdao,Singapore,6,0.0028,0.8856,0.9803146067415731
Qingdao,Singapore,7,0.0287,0.1446,0.5958729666924865
Qingdao,Singapore,8,0.0287,0.145,0.5961360123647604
Qingdao,Singapore,9,0.0222,0.2599,0.7231527196652721
Qingdao,Singapore,10,0.0286,0.1459,0.5975273287143957
Qingdao,Singapore,11,-0.0102,0.6027,0.9065207803223071
Qingdao,Singapore,12,0.0156,0.4276,0.8308502732240438
Qingdao,Singapore,13,-0.0038,0.8459,0.9757170056252704
Qingdao,Singapore,14,0.0285,0.1477,0.6021180076628353
Qingdao,Tianjin Xin Gang,1,0.1007,0.0,0.0
Qingdao,Tianjin Xin Gang,2,0.0573,0.0035,0.08580645161290322
Qingdao,Tianjin Xin Gang,3,-0.0023,0.9052,0.9833939393939395
Qingdao,Tianjin Xin Gang,4,-0.0132,0.5015,0.8730256410256412
Qingdao,Tianjin Xin Gang,5,0.0247,0.2091,0.6803743119266055
Qingdao,Tianjin Xin Gang,6,-0.0187,0.3417,0.7820972043010752
Qingdao,Tianjin Xin Gang,7,-0.0025,0.9001,0.9820615258408532
Qingdao,Tianjin Xin Gang,8,-0.0079,0.6872,0.9301939393939394
Qingdao,Tianjin Xin Gang,9,0.0029,0.8834,0.9796734013747136
Qingdao,Tianjin Xin Gang,10,-0.008,0.6848,0.930151569277877
Qingdao,Tianjin Xin Gang,11,-0.0351,0.0743,0.480722891566265
Qingdao,Tianjin Xin Gang,12,-0.0131,0.5066,0.8741848848524165
Qingdao,Tianjin Xin Gang,13,-0.0131,0.5056,0.8730256410256412
Qingdao,Tianjin Xin Gang,14,0.0032,0.8726,0.9784640605296342
Qingdao,Ulsan,1,0.0561,0.0043,0.09903030303030302
Qingdao,Ulsan,2,0.0281,0.152,0.6107552870090635
Qingdao,Ulsan,3,0.0002,0.9931,0.9976004531722054
Qingdao,Ulsan,4,0.0141,0.4726,0.8550710642638559
Qingdao,Ulsan,5,0.0141,0.4734,0.8553159144893112
Qingdao,Ulsan,6,-0.0069,0.7261,0.9387171643602816
Qingdao,Ulsan,7,-0.0069,0.7252,0.9387171643602816
Qingdao,Ulsan,8,-0.0209,0.2877,0.7500498290180754
Qingdao,Ulsan,9,-0.014,0.4783,0.8575682582380633
Qingdao,Ulsan,10,0.021,0.2867,0.7492920962199312
Qingdao,Ulsan,11,0.0209,0.2874,0.7500498290180754
Qingdao,Ulsan,12,-0.0,0.998,0.9991268347760632
Qingdao,Ulsan,13,-0.0071,0.7199,0.9377053352912383
Qingdao,Ulsan,14,-0.0141,0.4748,0.855669376693767
Qingdao,Yokohama,1,0.0194,0.3234,0.7763935018050542
Qingdao,Yokohama,2,0.0194,0.3243,0.7775015772870661
Qingdao,Yokohama,3,0.0139,0.4789,0.8575682582380633
Qingdao,Yokohama,4,0.0247,0.2084,0.6803743119266055
Qingdao,Yokohama,5,0.0139,0.4811,0.8589453203622945
Qingdao,Yokohama,6,0.0084,0.6692,0.925091192517537
Qingdao,Yokohama,7,-0.0025,0.9001,0.9820615258408532
Qingdao,Yokohama,8,0.0029,0.8821,0.9796734013747136
Qingdao,Yokohama,9,-0.0188,0.3394,0.7820972043010752
Qingdao,Yokohama,10,-0.0026,0.8962,0.9816653632434656
Qingdao,Yokohama,11,-0.0189,0.3379,0.7820972043010752
Qingdao,Yokohama,12,-0.0026,0.8936,0.9816653632434656
Qingdao,Yokohama,13,-0.0189,0.3364,0.7820972043010752
Qingdao,Yokohama,14,0.0027,0.89,0.9811023622047245
Rotterdam,Antwerp,1,0.0832,0.0,0.0
Rotterdam,Antwerp,2,0.0349,0.0755,0.48166706586826347
Rotterdam,Antwerp,3,-0.0255,0.1951,0.6653410256410257
Rotterdam,Antwerp,4,-0.0195,0.3223,0.7762046174739701
Rotterdam,Antwerp,5,0.0107,0.5866,0.8994939481268012
Rotterdam,Antwerp,6,0.0167,0.3958,0.8171916214119473
Rotterdam,Antwerp,7,0.0837,0.0,0.0
Rotterdam,Antwerp,8,0.0297,0.1307,0.5718125000000001
Rotterdam,Antwerp,9,0.0058,0.7665,0.9525297827610371
Rotterdam,Antwerp,10,-0.0185,0.3467,0.7860997017469109
Rotterdam,Antwerp,11,-0.0003,0.988,0.9962927382753403
Rotterdam,Antwerp,12,-0.0186,0.3453,0.7855064047822374
Rotterdam,Antwerp,13,0.0127,0.5186,0.8804990427568604
Rotterdam,Antwerp,14,0.0861,0.0,0.0
Rotterdam,Busan,1,-0.0088,0.6552,0.9186670179135933
Rotterdam,Busan,2,0.0099,0.6151,0.9116612813370473
Rotterdam,Busan,3,0.0099,0.6161,0.9119788536449638
Rotterdam,Busan,4,0.041,0.0371,0.36719565217391303
Rotterdam,Busan,5,-0.0089,0.6514,0.9183082209886334
Rotterdam,Busan,6,-0.0089,0.6505,0.9183082209886334
Rotterdam,Busan,7,0.0227,0.249,0.7151710739341608
Rotterdam,Busan,8,0.0294,0.1352,0.5791175523349436
Rotterdam,Busan,9,0.0043,0.8266,0.9694691358024692
Rotterdam,Busan,10,0.0419,0.0334,0.3546666666666667
Rotterdam,Busan,11,-0.0333,0.0904,0.5084979919678715
Rotterdam,Busan,12,-0.0083,0.6734,0.9267450980392158
Rotterdam,Busan,13,-0.0331,0.0932,0.5084979919678715
Rotterdam,Busan,14,0.0046,0.8153,0.9670165526373868
Rotterdam,Chiba,1,0.0011,0.9562,0.9908012350443843
Rotterdam,Chiba,2,-0.0275,0.1622,0.6267661115133961
Rotterdam,Chiba,3,0.0067,0.7324,0.9406878919440425
Rotterdam,Chiba,4,0.0124,0.5284,0.8859414910349166
Rotterdam,Chiba,5,0.0409,0.0375,0.36719565217391303
Rotterdam,Chiba,6,0.0808,0.0,0.0
Rotterdam,Chiba,7,0.03,0.1278,0.5684140233722872
Rotterdam,Chiba,8,0.019,0.3343,0.7820972043010752
Rotterdam,Chiba,9,-0.0154,0.4325,0.8329467969598262
Rotterdam,Chiba,10,-0.0097,0.6207,0.9131980088495575
Rotterdam,Chiba,11,0.0361,0.0665,0.46982735723771585
Rotterdam,Chiba,12,0.0131,0.5046,0.8730256410256412
Rotterdam,Chiba,13,0.0136,0.4896,0.865339534883721
Rotterdam,Chiba,14,-0.0324,0.0995,0.5194700686947988
Rotterdam,Guangzhou (Nansha),1,0.0274,0.1627,0.6267661115133961
Rotterdam,Guangzhou (Nansha),2,-0.0191,0.3321,0.7820972043010752
Rotterdam,Guangzhou (Nansha),3,-0.0191,0.3315,0.7820972043010752
Rotterdam,Guangzhou (Nansha),4,-0.0249,0.2048,0.6771510254816656
Rotterdam,Guangzhou (Nansha),5,-0.0133,0.4975,0.8712615992102665
Rotterdam,Guangzhou (Nansha),6,0.0044,0.821,0.9670165526373868
Rotterdam,Guangzhou (Nansha),7,0.0924,0.0,0.0
Rotterdam,Guangzhou (Nansha),8,0.058,0.0032,0.08106666666666668
Rotterdam,Guangzhou (Nansha),9,-0.0006,0.9768,0.994122947689958
Rotterdam,Guangzhou (Nansha),10,-0.0299,0.1291,0.5707870753935378
Rotterdam,Guangzhou (Nansha),11,-0.0475,0.0159,0.23366850828729285
Rotterdam,Guangzhou (Nansha),12,-0.0241,0.2214,0.6867016317016318
Rotterdam,Guangzhou (Nansha),13,-0.012,0.5429,0.8870475606014114
Rotterdam,Guangzhou (Nansha),14,0.0526,0.0076,0.14756204379562043
Rotterdam,Gwangyang (Kwangyang),1,0.025,0.2027,0.6747317073170732
Rotterdam,Gwangyang (Kwangyang),2,0.0045,0.8195,0.9670165526373868
Rotterdam,Gwangyang (Kwangyang),3,-0.0024,0.9037,0.9833939393939395
Rotterdam,Gwangyang (Kwangyang),4,0.025,0.2043,0.6767596513075965
Rotterdam,Gwangyang (Kwangyang),5,-0.0294,0.1344,0.5766193548387096
Rotterdam,Gwangyang (Kwangyang),6,-0.0089,0.6522,0.9183082209886334
Rotterdam,Gwangyang (Kwangyang),7,0.0121,0.5385,0.8869409217445099
Rotterdam,Gwangyang (Kwangyang),8,0.0268,0.1726,0.64218410041841
Rotterdam,Gwangyang (Kwangyang),9,0.0199,0.3123,0.7688273947246645
Rotterdam,Gwangyang (Kwangyang),10,-0.0009,0.9629,0.9908012350443843
Rotterdam,Gwangyang (Kwangyang),11,-0.0425,0.0308,0.3406569646569647
Rotterdam,Gwangyang (Kwangyang),12,-0.0148,0.4518,0.8459978895532887
Rotterdam,Gwangyang (Kwangyang),13,-0.0006,0.9748,0.9939088471849865
Rotterdam,Gwangyang (Kwangyang),14,0.0063,0.7492,0.9453851992409867
Rotterdam,Hong Kong,1,0.0476,0.0153,0.2305835694050991
Rotterdam,Hong Kong,2,-0.0104,0.5971,0.9037189189189189
Rotterdam,Hong Kong,3,-0.004,0.8399,0.9739032258064516
Rotterdam,Hong Kong,4,0.0153,0.4355,0.8334028776978416
Rotterdam,Hong Kong,5,-0.0169,0.3898,0.8140769230769231
Rotterdam,Hong Kong,6,-0.0234,0.2345,0.69825
Rotterdam,Hong Kong,7,0.0092,0.6389,0.9166526429341963
Rotterdam,Hong Kong,8,-0.0163,0.4078,0.8225461393596986
Rotterdam,Hong Kong,9,-0.0422,0.0318,0.3452571428571429
Rotterdam,Hong Kong,10,-0.0228,0.2463,0.712804785209353
Rotterdam,Hong Kong,11,-0.0164,0.4057,0.8224213333333333
Rotterdam,Hong Kong,12,-0.0164,0.4051,0.8219420289855073
Rotterdam,Hong Kong,13,-0.0226,0.2519,0.718171489817792
Rotterdam,Hong Kong,14,0.0294,0.1356,0.5803247588424436
Rotterdam,Kaohsiung,1,-0.004,0.8382,0.9737085514834205
Rotterdam,Kaohsiung,2,-0.004,0.8371,0.9737085514834205
Rotterdam,Kaohsiung,3,-0.0278,0.1572,0.6221158989598813
Rotterdam,Kaohsiung,4,0.0493,0.0121,0.20566134185303514
Rotterdam,Kaohsiung,5,0.0018,0.9269,0.9874707520891364
Rotterdam,Kaohsiung,6,0.0374,0.0574,0.4439657631954351
Rotterdam,Kaohsiung,7,0.0319,0.1045,0.5294666666666666
Rotterdam,Kaohsiung,8,-0.0034,0.8643,0.9780122543841115
Rotterdam,Kaohsiung,9,-0.0094,0.6345,0.916166078697422
Rotterdam,Kaohsiung,10,0.0025,0.8972,0.9817161661867544
Rotterdam,Kaohsiung,11,0.0144,0.4631,0.8528397260273972
Rotterdam,Kaohsiung,12,-0.0214,0.2776,0.7398957915831664
Rotterdam,Kaohsiung,13,-0.0031,0.8758,0.9788710625787485
Rotterdam,Kaohsiung,14,0.0029,0.884,0.9796734013747136
Rotterdam,Kobe,1,0.0275,0.1616,0.6267661115133961
Rotterdam,Kobe,2,0.0095,0.6289,0.915680437756498
Rotterdam,Kobe,3,0.0095,0.63,0.9158847199564981
Rotterdam,Kobe,4,0.0154,0.4325,0.8329467969598262
Rotterdam,Kobe,5,0.0334,0.0896,0.5070978723404256
Rotterdam,Kobe,6,0.1052,0.0,0.0
Rotterdam,Kobe,7,0.0999,0.0,0.0
Rotterdam,Kobe,8,0.0584,0.003,0.0774757281553398
Rotterdam,Kobe,9,0.0162,0.4092,0.8225461393596986
Rotterdam,Kobe,10,0.0102,0.6048,0.9071147448548068
Rotterdam,Kobe,11,0.0222,0.2593,0.7226170770036668
Rotterdam,Kobe,12,-0.02,0.31,0.7681971176197118
Rotterdam,Kobe,13,0.0589,0.0028,0.07374257425742574
Rotterdam,Kobe,14,-0.0136,0.4891,0.8647431040212694
Rotterdam,Mizushima,1,0.0827,0.0,0.0
Rotterdam,Mizushima,2,-0.047,0.0166,0.2393279132791328
Rotterdam,Mizushima,3,-0.0038,0.846,0.9757170056252704
Rotterdam,Mizushima,4,0.0023,0.9055,0.9833939393939395
Rotterdam,Mizushima,5,0.0394,0.0452,0.4001064891846921
Rotterdam,Mizushima,6,0.0702,0.0003,0.012372093023255813
Rotterdam,Mizushima,7,0.0956,0.0,0.0
Rotterdam,Mizushima,8,0.059,0.0027,0.07254545454545455
Rotterdam,Mizushima,9,0.0093,0.6381,0.9164693822497976
Rotterdam,Mizushima,10,-0.0032,0.8709,0.9782913851351351
Rotterdam,Mizushima,11,-0.0281,0.1538,0.6138154538634658
Rotterdam,Mizushima,12,0.003,0.8805,0.9796734013747136
Rotterdam,Mizushima,13,-0.0029,0.8841,0.9796734013747136
Rotterdam,Mizushima,14,-0.0029,0.883,0.9796734013747136
Rotterdam,Nagoya,1,0.0542,0.0057,0.11799221789883269
Rotterdam,Nagoya,2,0.037,0.0597,0.44670042194092835
Rotterdam,Nagoya,3,0.0251,0.201,0.6737996219281663
Rotterdam,Nagoya,4,0.031,0.1145,0.5468043087971275
Rotterdam,Nagoya,5,0.031,0.1149,0.5477170993733214
Rotterdam,Nagoya,6,0.0487,0.0132,0.21674074074074073
Rotterdam,Nagoya,7,0.0552,0.005,0.10725806451612903
Rotterdam,Nagoya,8,0.0736,0.0002,0.008512
Rotterdam,Nagoya,9,0.0438,0.0259,0.3048407079646017
Rotterdam,Nagoya,10,0.0081,0.6809,0.930151569277877
Rotterdam,Nagoya,11,0.02,0.3104,0.7681971176197118
Rotterdam,Nagoya,12,-0.0158,0.4233,0.8290349650349651
Rotterdam,Nagoya,13,0.0204,0.3001,0.7597111638954869
Rotterdam,Nagoya,14,0.0144,0.4644,0.8528397260273972
Rotterdam,Ningbo,1,0.0238,0.2251,0.6878414704192992
Rotterdam,Ningbo,2,-0.0114,0.5603,0.8914723049434187
Rotterdam,Ningbo,3,-0.0115,0.5593,0.8914723049434187
Rotterdam,Ningbo,4,0.0002,0.9901,0.9962927382753403
Rotterdam,Ningbo,5,0.0178,0.3642,0.7939812168231931
Rotterdam,Ningbo,6,0.0354,0.0715,0.480722891566265
Rotterdam,Ningbo,7,0.0359,0.0675,0.4732772667542707
Rotterdam,Ningbo,8,-0.0344,0.08,0.48584474885844753
Rotterdam,Ningbo,9,-0.0108,0.5821,0.8983962866260515
Rotterdam,Ningbo,10,0.0128,0.5164,0.8802460749759692
Rotterdam,Ningbo,11,-0.0109,0.5801,0.8983482298316889
Rotterdam,Ningbo,12,0.0127,0.5185,0.8804990427568604
Rotterdam,Ningbo,13,-0.0046,0.815,0.9670165526373868
Rotterdam,Ningbo,14,0.0072,0.7143,0.9356494337764648
Rotterdam,Port Klang,1,0.0078,0.6895,0.9301939393939394
Rotterdam,Port Klang,2,-0.0218,0.2665,0.7281869542886492
Rotterdam,Port Klang,3,-0.0041,0.8359,0.9737085514834205
Rotterdam,Port Klang,4,0.0018,0.9257,0.9874707520891364
Rotterdam,Port Klang,5,0.0022,0.9107,0.9836818181818182
Rotterdam,Port Klang,6,0.02,0.3088,0.7681971176197118
Rotterdam,Port Klang,7,0.0026,0.8953,0.9816653632434656
Rotterdam,Port Klang,8,0.003,0.8787,0.9796734013747136
Rotterdam,Port Klang,9,-0.0389,0.0481,0.4096230031948882
Rotterdam,Port Klang,10,-0.003,0.8775,0.9795006294586655
Rotterdam,Port Klang,11,0.0089,0.6513,0.9183082209886334
Rotterdam,Port Klang,12,-0.0091,0.645,0.9173098666666666
Rotterdam,Port Klang,13,-0.0027,0.8913,0.9813153973509934
Rotterdam,Port Klang,14,0.0093,0.6378,0.9164693822497976
Rotterdam,Qingdao,1,0.019,0.3327,0.7820972043010752
Rotterdam,Qingdao,2,-0.0039,0.8423,0.9754105354810624
Rotterdam,Qingdao,3,-0.0039,0.8411,0.9746573731213243
Rotterdam,Qingdao,4,-0.0097,0.6218,0.9136138996138996
Rotterdam,Qingdao,5,0.0189,0.3361,0.7820972043010752
Rotterdam,Qingdao,6,0.0303,0.1228,0.5617334479793638
Rotterdam,Qingdao,7,0.0079,0.689,0.9301939393939394
Rotterdam,Qingdao,8,0.0083,0.6724,0.9267450980392158
Rotterdam,Qingdao,9,-0.009,0.6477,0.917866382752196
Rotterdam,Qingdao,10,0.0029,0.8834,0.9796734013747136
Rotterdam,Qingdao,11,-0.0029,0.8822,0.9796734013747136
Rotterdam,Qingdao,12,-0.0203,0.3033,0.7625500945179585
Rotterdam,Qingdao,13,-0.0315,0.1099,0.5368628884826325
Rotterdam,Qingdao,14,-0.0199,0.3116,0.7685266573945294
Rotterdam,Sakai-Semboku,1,0.0177,0.3667,0.7943175895765473
Rotterdam,Sakai-Semboku,2,-0.0001,0.9966,0.998476836158192
Rotterdam,Sakai-Semboku,3,-0.0184,0.3503,0.7899940652818991
Rotterdam,Sakai-Semboku,4,0.0059,0.7625,0.9508907641819033
Rotterdam,Sakai-Semboku,5,0.012,0.5419,0.8870475606014114
Rotterdam,Sakai-Semboku,6,0.0789,0.0001,0.004470588235294118
Rotterdam,Sakai-Semboku,7,0.0551,0.0051,0.10852800000000001
Rotterdam,Sakai-Semboku,8,0.0067,0.733,0.9406878919440425
Rotterdam,Sakai-Semboku,9,0.0006,0.977,0.994122947689958
Rotterdam,Sakai-Semboku,10,0.0311,0.1138,0.5454077407740775
Rotterdam,Sakai-Semboku,11,0.0005,0.9793,0.9942777565814575
Rotterdam,Sakai-Semboku,12,-0.024,0.2232,0.6871666666666666
Rotterdam,Sakai-Semboku,13,0.0193,0.3275,0.7799177101967799
Rotterdam,Sakai-Semboku,14,0.0131,0.5053,0.8730256410256412
Rotterdam,Shanghai (Pudong),1,0.0109,0.5802,0.8983482298316889
Rotterdam,Shanghai (Pudong),2,0.0108,0.5813,0.8983482298316889
Rotterdam,Shanghai (Pudong),3,-0.0005,0.9797,0.9942777565814575
Rotterdam,Shanghai (Pudong),4,0.0055,0.7792,0.9540866773675762
Rotterdam,Shanghai (Pudong),5,0.0055,0.7804,0.9540866773675762
Rotterdam,Shanghai (Pudong),6,0.0451,0.0217,0.27684412470023984
Rotterdam,Shanghai (Pudong),7,0.04,0.042,0.3839175257731959
Rotterdam,Shanghai (Pudong),8,0.0063,0.7471,0.9446126810733793
Rotterdam,Shanghai (Pudong),9,-0.0507,0.01,0.18095238095238095
Rotterdam,Shanghai (Pudong),10,-0.0279,0.1562,0.6215287958115183
Rotterdam,Shanghai (Pudong),11,0.0063,0.7507,0.9457077906701397
Rotterdam,Shanghai (Pudong),12,0.0005,0.9787,0.994122947689958
Rotterdam,Shanghai (Pudong),13,0.0124,0.5293,0.8859414910349166
Rotterdam,Shanghai (Pudong),14,-0.0048,0.8081,0.9654372333258479
Rotterdam,Singapore,1,0.0214,0.2769,0.7391409934771701
Rotterdam,Singapore,2,0.0353,0.0723,0.480722891566265
Rotterdam,Singapore,3,0.0004,0.985,0.9962927382753403
Rotterdam,Singapore,4,-0.0136,0.4884,0.8641462765957446
Rotterdam,Singapore,5,0.0003,0.987,0.9962927382753403
Rotterdam,Singapore,6,0.0073,0.7113,0.9347117806865892
Rotterdam,Singapore,7,0.0286,0.1453,0.5964475308641976
Rotterdam,Singapore,8,0.008,0.6844,0.930151569277877
Rotterdam,Singapore,9,-0.0061,0.7578,0.9491861614497529
Rotterdam,Singapore,10,0.0009,0.9623,0.9908012350443843
Rotterdam,Singapore,11,0.0079,0.6872,0.9301939393939394
Rotterdam,Singapore,12,-0.0202,0.3053,0.7643275294117647
Rotterdam,Singapore,13,0.0364,0.0643,0.46370270270270275
Rotterdam,Singapore,14,0.0364,0.0645,0.46370270270270275
Rotterdam,Tianjin Xin Gang,1,0.0112,0.5671,0.894182572614108
Rotterdam,Tianjin Xin Gang,2,-0.0063,0.7476,0.9446126810733793
Rotterdam,Tianjin Xin Gang,3,-0.0064,0.7465,0.9446126810733793
Rotterdam,Tianjin Xin Gang,4,-0.0239,0.2235,0.6876923076923077
Rotterdam,Tianjin Xin Gang,5,0.0053,0.7883,0.9552010931450694
Rotterdam,Tianjin Xin Gang,6,0.0462,0.0188,0.25514285714285717
Rotterdam,Tianjin Xin Gang,7,0.0409,0.0377,0.36719565217391303
Rotterdam,Tianjin Xin Gang,8,0.0238,0.2273,0.6921785918717802
Rotterdam,Tianjin Xin Gang,9,0.0002,0.9918,0.9970476190476191
Rotterdam,Tianjin Xin Gang,10,-0.0233,0.2355,0.6982685236768802
Rotterdam,Tianjin Xin Gang,11,-0.0351,0.0742,0.480722891566265
Rotterdam,Tianjin Xin Gang,12,-0.0172,0.3829,0.8080238000793336
Rotterdam,Tianjin Xin Gang,13,-0.0286,0.1459,0.5975273287143957
Rotterdam,Tianjin Xin Gang,14,0.0127,0.5186,0.8804990427568604
Rotterdam,Ulsan,1,0.018,0.3583,0.7939812168231931
Rotterdam,Ulsan,2,0.0105,0.5935,0.9027142449329147
Rotterdam,Ulsan,3,0.0029,0.8816,0.9796734013747136
Rotterdam,Ulsan,4,0.0255,0.1941,0.6644878048780487
Rotterdam,Ulsan,5,0.0255,0.1946,0.6644878048780487
Rotterdam,Ulsan,6,0.0481,0.0144,0.2255555555555556
Rotterdam,Ulsan,7,0.041,0.0371,0.36719565217391303
Rotterdam,Ulsan,8,0.0793,0.0001,0.004470588235294118
Rotterdam,Ulsan,9,0.0262,0.1826,0.6562051282051281
Rotterdam,Ulsan,10,0.0414,0.0355,0.3637866666666667
Rotterdam,Ulsan,11,-0.0193,0.3266,0.7799177101967799
Rotterdam,Ulsan,12,0.0186,0.3455,0.7855064047822374
Rotterdam,Ulsan,13,0.0113,0.5648,0.8924074844074843
Rotterdam,Ulsan,14,0.0113,0.5657,0.8932989017512615
Rotterdam,Yokohama,1,0.0463,0.0183,0.25091752577319587
Rotterdam,Yokohama,2,0.0054,0.7847,0.9541238291066941
Rotterdam,Yokohama,3,-0.0064,0.7465,0.9446126810733793
Rotterdam,Yokohama,4,0.0112,0.5703,0.8965709219858156
Rotterdam,Yokohama,5,0.0345,0.0791,0.48579199999999995
Rotterdam,Yokohama,6,0.0696,0.0004,0.016121212121212123
Rotterdam,Yokohama,7,0.0585,0.0029,0.07562745098039216
Rotterdam,Yokohama,8,0.059,0.0027,0.07254545454545455
Rotterdam,Yokohama,9,0.0178,0.3645,0.7939812168231931
Rotterdam,Yokohama,10,-0.0057,0.7718,0.9537947050627033
Rotterdam,Yokohama,11,0.0119,0.5454,0.8875888650963598
Rotterdam,Yokohama,12,-0.0058,0.7696,0.9527748837209302
Rotterdam,Yokohama,13,-0.0054,0.7853,0.9541740123315825
Rotterdam,Yokohama,14,-0.0054,0.7842,0.9541238291066941
Sakai-Semboku,Antwerp,1,0.09,0.0,0.0
Sakai-Semboku,Antwerp,2,0.019,0.3327,0.7820972043010752
Sakai-Semboku,Antwerp,3,-0.0165,0.4025,0.8204214559386974
Sakai-Semboku,Antwerp,4,-0.0224,0.2546,0.72118043135192
Sakai-Semboku,Antwerp,5,0.0012,0.9506,0.9908012350443843
Sakai-Semboku,Antwerp,6,-0.0106,0.5888,0.9003782696177063
Sakai-Semboku,Antwerp,7,0.0371,0.0589,0.4444652482269504
Sakai-Semboku,Antwerp,8,0.0371,0.0592,0.44495909732016925
Sakai-Semboku,Antwerp,9,-0.004,0.839,0.9737085514834205
Sakai-Semboku,Antwerp,10,-0.0219,0.2668,0.7284266124936516
Sakai-Semboku,Antwerp,11,-0.0159,0.4181,0.824314190440904
Sakai-Semboku,Antwerp,12,-0.016,0.4173,0.8240668151447661
Sakai-Semboku,Antwerp,13,-0.0156,0.4275,0.8308502732240438
Sakai-Semboku,Antwerp,14,-0.0335,0.0887,0.5052291220556745
Sakai-Semboku,Busan,1,0.0187,0.3416,0.7820972043010752
Sakai-Semboku,Busan,2,-0.0179,0.3614,0.7939812168231931
Sakai-Semboku,Busan,3,-0.0058,0.7692,0.9527748837209302
Sakai-Semboku,Busan,4,-0.0058,0.7682,0.9527748837209302
Sakai-Semboku,Busan,5,-0.0119,0.5443,0.8874816176470588
Sakai-Semboku,Busan,6,-0.012,0.5434,0.8870475606014114
Sakai-Semboku,Busan,7,0.019,0.3349,0.7820972043010752
Sakai-Semboku,Busan,8,-0.0116,0.5543,0.8905635159542445
Sakai-Semboku,Busan,9,-0.0178,0.3663,0.7943175895765473
Sakai-Semboku,Busan,10,0.0067,0.7353,0.940837656099904
Sakai-Semboku,Busan,11,0.0127,0.5174,0.8802583946274384
Sakai-Semboku,Busan,12,-0.0117,0.5507,0.8905635159542445
Sakai-Semboku,Busan,13,-0.0057,0.7738,0.9540866773675762
Sakai-Semboku,Busan,14,0.0065,0.7398,0.9424655172413793
Sakai-Semboku,Chiba,1,0.1371,0.0,0.0
Sakai-Semboku,Chiba,2,0.0198,0.3137,0.7688794848206072
Sakai-Semboku,Chiba,3,0.003,0.8782,0.9796734013747136
Sakai-Semboku,Chiba,4,0.003,0.8794,0.9796734013747136
Sakai-Semboku,Chiba,5,-0.0417,0.0337,0.3557222222222222
Sakai-Semboku,Chiba,6,-0.0027,0.8922,0.9816653632434656
Sakai-Semboku,Chiba,7,0.0369,0.0603,0.447883495145631
Sakai-Semboku,Chiba,8,-0.0079,0.6885,0.9301939393939394
Sakai-Semboku,Chiba,9,-0.0359,0.0679,0.47405249343832023
Sakai-Semboku,Chiba,10,-0.0303,0.123,0.5621390557939915
Sakai-Semboku,Chiba,11,-0.0024,0.9037,0.9833939393939395
Sakai-Semboku,Chiba,12,-0.0304,0.1223,0.5617334479793638
Sakai-Semboku,Chiba,13,-0.0192,0.3284,0.7802983474765521
Sakai-Semboku,Chiba,14,0.0311,0.1139,0.5454077407740775
Sakai-Semboku,Guangzhou (Nansha),1,0.0688,0.0005,0.019558823529411764
Sakai-Semboku,Guangzhou (Nansha),2,-0.0278,0.1565,0.6217923823749067
Sakai-Semboku,Guangzhou (Nansha),3,-0.0336,0.0877,0.502221743810549
Sakai-Semboku,Guangzhou (Nansha),4,0.0005,0.9785,0.994122947689958
Sakai-Semboku,Guangzhou (Nansha),5,-0.0109,0.5802,0.8983482298316889
Sakai-Semboku,Guangzhou (Nansha),6,-0.0162,0.4091,0.8225461393596986
Sakai-Semboku,Guangzhou (Nansha),7,-0.0159,0.4198,0.8256325323475046
Sakai-Semboku,Guangzhou (Nansha),8,0.0412,0.0359,0.3637866666666667
Sakai-Semboku,Guangzhou (Nansha),9,-0.0102,0.6037,0.9069991527817001
Sakai-Semboku,Guangzhou (Nansha),10,-0.056,0.0044,0.10003418803418804
Sakai-Semboku,Guangzhou (Nansha),11,-0.0274,0.1636,0.6284129963898917
Sakai-Semboku,Guangzhou (Nansha),12,-0.0389,0.0482,0.4096230031948882
Sakai-Semboku,Guangzhou (Nansha),13,-0.0161,0.415,0.8231541325390915
Sakai-Semboku,Guangzhou (Nansha),14,0.0068,0.7307,0.9396480541455161
Sakai-Semboku,Gwangyang (Kwangyang),1,0.0216,0.2712,0.7294155712841254
Sakai-Semboku,Gwangyang (Kwangyang),2,-0.0186,0.3441,0.7855064047822374
Sakai-Semboku,Gwangyang (Kwangyang),3,-0.0119,0.5442,0.8874816176470588
Sakai-Semboku,Gwangyang (Kwangyang),4,-0.032,0.1031,0.5268895292987512
Sakai-Semboku,Gwangyang (Kwangyang),5,-0.0183,0.353,0.7930574324324323
Sakai-Semboku,Gwangyang (Kwangyang),6,-0.0317,0.1066,0.5335014111006585
Sakai-Semboku,Gwangyang (Kwangyang),7,0.0022,0.9104,0.9836818181818182
Sakai-Semboku,Gwangyang (Kwangyang),8,0.0094,0.6318,0.9158847199564981
Sakai-Semboku,Gwangyang (Kwangyang),9,0.0026,0.8932,0.9816653632434656
Sakai-Semboku,Gwangyang (Kwangyang),10,0.0026,0.8942,0.9816653632434656
Sakai-Semboku,Gwangyang (Kwangyang),11,-0.0042,0.8322,0.97111296336916
Sakai-Semboku,Gwangyang (Kwangyang),12,0.0026,0.8963,0.9816653632434656
Sakai-Semboku,Gwangyang (Kwangyang),13,-0.0313,0.1123,0.541646418857661
Sakai-Semboku,Gwangyang (Kwangyang),14,-0.0042,0.8293,0.9698562321389317
Sakai-Semboku,Hong Kong,1,-0.0069,0.7243,0.9387171643602816
Sakai-Semboku,Hong Kong,2,-0.0259,0.1877,0.6586833773087072
Sakai-Semboku,Hong Kong,3,-0.0448,0.0225,0.2816470588235294
Sakai-Semboku,Hong Kong,4,-0.0007,0.9714,0.9929644572526417
Sakai-Semboku,Hong Kong,5,0.0182,0.3547,0.7938594867480018
Sakai-Semboku,Hong Kong,6,-0.0134,0.4964,0.8701311367380561
Sakai-Semboku,Hong Kong,7,-0.013,0.507,0.874591439688716
Sakai-Semboku,Hong Kong,8,0.0122,0.5343,0.8868865468071915
Sakai-Semboku,Hong Kong,9,-0.0068,0.7305,0.9396179883945842
Sakai-Semboku,Hong Kong,10,-0.0068,0.7295,0.9394674412975067
Sakai-Semboku,Hong Kong,11,0.0248,0.2077,0.6803743119266055
Sakai-Semboku,Hong Kong,12,-0.0132,0.503,0.8730256410256412
Sakai-Semboku,Hong Kong,13,-0.0006,0.9773,0.994122947689958
Sakai-Semboku,Hong Kong,14,-0.0196,0.3204,0.7750272727272728
Sakai-Semboku,Kaohsiung,1,-0.0073,0.709,0.9341282495667246
Sakai-Semboku,Kaohsiung,2,-0.0132,0.5027,0.8730256410256412
Sakai-Semboku,Kaohsiung,3,-0.0132,0.5018,0.8730256410256412
Sakai-Semboku,Kaohsiung,4,0.0158,0.4212,0.8270538745387453
Sakai-Semboku,Kaohsiung,5,0.0158,0.4222,0.8281002580169554
Sakai-Semboku,Kaohsiung,6,-0.0249,0.2052,0.6776312849162012
Sakai-Semboku,Kaohsiung,7,0.0045,0.8174,0.9670165526373868
Sakai-Semboku,Kaohsiung,8,-0.0479,0.0148,0.22560458452722065
Sakai-Semboku,Kaohsiung,9,-0.0013,0.9457,0.9908012350443843
Sakai-Semboku,Kaohsiung,10,0.0278,0.1585,0.62223598820059
Sakai-Semboku,Kaohsiung,11,-0.0014,0.9433,0.9908012350443843
Sakai-Semboku,Kaohsiung,12,-0.0306,0.1206,0.5588780487804877
Sakai-Semboku,Kaohsiung,13,-0.0131,0.5056,0.8730256410256412
Sakai-Semboku,Kaohsiung,14,-0.0248,0.2081,0.6803743119266055
Sakai-Semboku,Kobe,1,0.2054,0.0,0.0
Sakai-Semboku,Kobe,2,0.0822,0.0,0.0
Sakai-Semboku,Kobe,3,0.047,0.0168,0.23961394101876674
Sakai-Semboku,Kobe,4,0.0176,0.3704,0.7961729292929293
Sakai-Semboku,Kobe,5,-0.0176,0.3702,0.7961729292929293
Sakai-Semboku,Kobe,6,-0.0118,0.5491,0.8905635159542445
Sakai-Semboku,Kobe,7,0.065,0.0009,0.031920000000000004
Sakai-Semboku,Kobe,8,0.0062,0.7528,0.9470078032631829
Sakai-Semboku,Kobe,9,-0.0409,0.0376,0.36719565217391303
Sakai-Semboku,Kobe,10,-0.0468,0.0174,0.24424274406332452
Sakai-Semboku,Kobe,11,-0.0233,0.2365,0.6993774319066147
Sakai-Semboku,Kobe,12,-0.041,0.0373,0.36719565217391303
Sakai-Semboku,Kobe,13,-0.0116,0.5559,0.8905635159542445
Sakai-Semboku,Kobe,14,0.0295,0.1335,0.5762974939369443
Sakai-Semboku,Mizushima,1,0.1322,0.0,0.0
Sakai-Semboku,Mizushima,2,0.0112,0.5691,0.8954782608695653
Sakai-Semboku,Mizushima,3,-0.0251,0.2009,0.6737996219281663
Sakai-Semboku,Mizushima,4,-0.0373,0.0579,0.4439657631954351
Sakai-Semboku,Mizushima,5,-0.0433,0.0274,0.31688695652173915
Sakai-Semboku,Mizushima,6,-0.0373,0.0576,0.4439657631954351
Sakai-Semboku,Mizushima,7,0.06,0.0023,0.0644
Sakai-Semboku,Mizushima,8,0.0175,0.3731,0.7981069561720949
Sakai-Semboku,Mizushima,9,-0.0371,0.0593,0.44495909732016925
Sakai-Semboku,Mizushima,10,-0.025,0.204,0.6761869158878504
Sakai-Semboku,Mizushima,11,-0.0311,0.1141,0.5458741007194244
Sakai-Semboku,Mizushima,12,-0.0069,0.7277,0.9387400581959263
Sakai-Semboku,Mizushima,13,-0.0069,0.7266,0.9387171643602816
Sakai-Semboku,Mizushima,14,0.0234,0.2344,0.69825
Sakai-Semboku,Nagoya,1,0.1942,0.0,0.0
Sakai-Semboku,Nagoya,2,0.1197,0.0,0.0
Sakai-Semboku,Nagoya,3,0.056,0.0044,0.10003418803418804
Sakai-Semboku,Nagoya,4,0.0038,0.8476,0.9757170056252704
Sakai-Semboku,Nagoya,5,-0.0136,0.488,0.8641237936772046
Sakai-Semboku,Nagoya,6,0.0037,0.85,0.9765967184801382
Sakai-Semboku,Nagoya,7,0.0157,0.4234,0.8290349650349651
Sakai-Semboku,Nagoya,8,-0.0017,0.9307,0.9874707520891364
Sakai-Semboku,Nagoya,9,-0.0192,0.3299,0.7817674832962138
Sakai-Semboku,Nagoya,10,-0.0134,0.4962,0.8701311367380561
Sakai-Semboku,Nagoya,11,-0.025,0.2032,0.6754606741573034
Sakai-Semboku,Nagoya,12,-0.0193,0.3278,0.7799177101967799
Sakai-Semboku,Nagoya,13,-0.0077,0.6968,0.9308338745940545
Sakai-Semboku,Nagoya,14,-0.0019,0.9235,0.9874707520891364
Sakai-Semboku,Ningbo,1,-0.0031,0.8739,0.9784640605296342
Sakai-Semboku,Ningbo,2,-0.0031,0.8728,0.9784640605296342
Sakai-Semboku,Ningbo,3,0.0198,0.3129,0.7688794848206072
Sakai-Semboku,Ningbo,4,-0.0147,0.4542,0.84784
Sakai-Semboku,Ningbo,5,-0.0032,0.8692,0.9780122543841115
Sakai-Semboku,Ningbo,6,-0.0148,0.4525,0.8461511423550088
Sakai-Semboku,Ningbo,7,0.0029,0.883,0.9796734013747136
Sakai-Semboku,Ningbo,8,0.0202,0.3052,0.7643275294117647
Sakai-Semboku,Ningbo,9,0.0028,0.8855,0.9803146067415731
Sakai-Semboku,Ningbo,10,-0.026,0.1857,0.6580646864686469
Sakai-Semboku,Ningbo,11,-0.0261,0.1853,0.6580646864686469
Sakai-Semboku,Ningbo,12,-0.0146,0.4595,0.8516447230929989
Sakai-Semboku,Ningbo,13,-0.0261,0.1844,0.6577843268586737
Sakai-Semboku,Ningbo,14,-0.0319,0.1049,0.5294762808349146
Sakai-Semboku,Port Klang,1,0.0217,0.2692,0.7284266124936516
Sakai-Semboku,Port Klang,2,0.0043,0.8287,0.9696978227402683
Sakai-Semboku,Port Klang,3,0.0042,0.8299,0.9701313996923753
Sakai-Semboku,Port Klang,4,0.0042,0.8311,0.9706810098792535
Sakai-Semboku,Port Klang,5,0.0395,0.0444,0.398327150084317
Sakai-Semboku,Port Klang,6,0.022,0.2628,0.7255298391281785
Sakai-Semboku,Port Klang,7,-0.0009,0.9644,0.9908012350443843
Sakai-Semboku,Port Klang,8,-0.0243,0.2175,0.6856189349112426
Sakai-Semboku,Port Klang,9,-0.0126,0.5215,0.8832792104425341
Sakai-Semboku,Port Klang,10,-0.0185,0.3476,0.7872422307364837
Sakai-Semboku,Port Klang,11,-0.0185,0.347,0.7862180579216353
Sakai-Semboku,Port Klang,12,-0.0419,0.0333,0.35431200000000007
Sakai-Semboku,Port Klang,13,-0.0478,0.0152,0.2303817663817664
Sakai-Semboku,Port Klang,14,-0.0128,0.5169,0.8802583946274384
Sakai-Semboku,Qingdao,1,-0.0017,0.9296,0.9874707520891364
Sakai-Semboku,Qingdao,2,-0.0298,0.1291,0.5707870753935378
Sakai-Semboku,Qingdao,3,-0.0411,0.0366,0.366
Sakai-Semboku,Qingdao,4,-0.0299,0.1285,0.5701584653878232
Sakai-Semboku,Qingdao,5,-0.0187,0.3418,0.7820972043010752
Sakai-Semboku,Qingdao,6,-0.0131,0.5049,0.8730256410256412
Sakai-Semboku,Qingdao,7,-0.0184,0.3507,0.790342082980525
Sakai-Semboku,Qingdao,8,0.0379,0.0542,0.43294894894894886
Sakai-Semboku,Qingdao,9,0.0041,0.8358,0.9737085514834205
Sakai-Semboku,Qingdao,10,-0.0068,0.7288,0.938793220338983
Sakai-Semboku,Qingdao,11,0.0157,0.4253,0.8299355783308932
Sakai-Semboku,Qingdao,12,0.0157,0.4262,0.8299355783308932
Sakai-Semboku,Qingdao,13,-0.0013,0.9482,0.9908012350443843
Sakai-Semboku,Qingdao,14,0.0212,0.2808,0.7422641509433964
Sakai-Semboku,Rotterdam,1,0.0723,0.0002,0.008512
Sakai-Semboku,Rotterdam,2,0.0359,0.0676,0.4732772667542707
Sakai-Semboku,Rotterdam,3,-0.0066,0.7377,0.9413681938114656
Sakai-Semboku,Rotterdam,4,-0.0187,0.3403,0.7820972043010752
Sakai-Semboku,Rotterdam,5,-0.0066,0.7356,0.940837656099904
Sakai-Semboku,Rotterdam,6,-0.0127,0.5173,0.8802583946274384
Sakai-Semboku,Rotterdam,7,0.018,0.3596,0.7939812168231931
Sakai-Semboku,Rotterdam,8,0.0058,0.7671,0.9525356976201586
Sakai-Semboku,Rotterdam,9,0.0058,0.7682,0.9527748837209302
Sakai-Semboku,Rotterdam,10,-0.0186,0.3457,0.7855064047822374
Sakai-Semboku,Rotterdam,11,-0.0125,0.5253,0.8843658227848101
Sakai-Semboku,Rotterdam,12,-0.0065,0.7432,0.9445248868778282
Sakai-Semboku,Rotterdam,13,-0.0369,0.0609,0.4487368421052632
Sakai-Semboku,Rotterdam,14,-0.0004,0.9828,0.9956520746098211
Sakai-Semboku,Shanghai (Pudong),1,-0.004,0.8374,0.9737085514834205
Sakai-Semboku,Shanghai (Pudong),2,-0.0373,0.0577,0.4439657631954351
Sakai-Semboku,Shanghai (Pudong),3,0.007,0.7226,0.9387171643602816
Sakai-Semboku,Shanghai (Pudong),4,0.0018,0.9271,0.9874707520891364
Sakai-Semboku,Shanghai (Pudong),5,-0.0038,0.8475,0.9757170056252704
Sakai-Semboku,Shanghai (Pudong),6,-0.0038,0.8463,0.9757170056252704
Sakai-Semboku,Shanghai (Pudong),7,0.0244,0.2145,0.6854433234421364
Sakai-Semboku,Shanghai (Pudong),8,0.0188,0.3388,0.7820972043010752
Sakai-Semboku,Shanghai (Pudong),9,-0.009,0.6464,0.9173098666666666
Sakai-Semboku,Shanghai (Pudong),10,-0.0313,0.1115,0.5382758620689655
Sakai-Semboku,Shanghai (Pudong),11,-0.0369,0.0607,0.447883495145631
Sakai-Semboku,Shanghai (Pudong),12,-0.0369,0.0605,0.447883495145631
Sakai-Semboku,Shanghai (Pudong),13,0.0187,0.3432,0.7842886597938145
Sakai-Semboku,Shanghai (Pudong),14,-0.0036,0.8541,0.9780122543841115
Sakai-Semboku,Singapore,1,0.0318,0.1058,0.532
Sakai-Semboku,Singapore,2,-0.0298,0.1295,0.5707870753935378
Sakai-Semboku,Singapore,3,0.0249,0.2055,0.6777805331680099
Sakai-Semboku,Singapore,4,-0.0025,0.8991,0.9820615258408532
Sakai-Semboku,Singapore,5,-0.0094,0.6343,0.916166078697422
Sakai-Semboku,Singapore,6,-0.0025,0.8972,0.9817161661867544
Sakai-Semboku,Singapore,7,0.0183,0.3509,0.790342082980525
Sakai-Semboku,Singapore,8,0.0115,0.5599,0.8914723049434187
Sakai-Semboku,Singapore,9,-0.016,0.4168,0.8236909361069837
Sakai-Semboku,Singapore,10,-0.0023,0.9073,0.9833939393939395
Sakai-Semboku,Singapore,11,0.0114,0.5627,0.8914723049434187
Sakai-Semboku,Singapore,12,0.0388,0.0487,0.41124444444444447
Sakai-Semboku,Singapore,13,-0.0161,0.4142,0.8231541325390915
Sakai-Semboku,Singapore,14,-0.0024,0.9034,0.9833939393939395
Sakai-Semboku,Tianjin Xin Gang,1,0.0305,0.1211,0.5602191304347826
Sakai-Semboku,Tianjin Xin Gang,2,-0.0097,0.6231,0.913696802646086
Sakai-Semboku,Tianjin Xin Gang,3,-0.0211,0.2821,0.7435879148093115
Sakai-Semboku,Tianjin Xin Gang,4,0.0075,0.7044,0.931033043478261
Sakai-Semboku,Tianjin Xin Gang,5,0.0074,0.7056,0.931693224125093
Sakai-Semboku,Tianjin Xin Gang,6,-0.027,0.1704,0.6370541110330288
Sakai-Semboku,Tianjin Xin Gang,7,-0.0209,0.2883,0.7500498290180754
Sakai-Semboku,Tianjin Xin Gang,8,0.0078,0.692,0.9301939393939394
Sakai-Semboku,Tianjin Xin Gang,9,0.0135,0.4925,0.8675827814569536
Sakai-Semboku,Tianjin Xin Gang,10,0.0077,0.6944,0.930632134774956
Sakai-Semboku,Tianjin Xin Gang,11,-0.0038,0.8477,0.9757170056252704
Sakai-Semboku,Tianjin Xin Gang,12,-0.0149,0.4482,0.8439138722202613
Sakai-Semboku,Tianjin Xin Gang,13,0.0196,0.3202,0.7750272727272728
Sakai-Semboku,Tianjin Xin Gang,14,0.0253,0.1989,0.669203539823009
Sakai-Semboku,Ulsan,1,0.0151,0.4428,0.8398203208556151
Sakai-Semboku,Ulsan,2,-0.0071,0.7182,0.9370973277764157
Sakai-Semboku,Ulsan,3,-0.0071,0.7174,0.9370973277764157
Sakai-Semboku,Ulsan,4,-0.0145,0.4601,0.852274373259053
Sakai-Semboku,Ulsan,5,0.0076,0.6989,0.9308338745940545
Sakai-Semboku,Ulsan,6,0.0076,0.6998,0.9308338745940545
Sakai-Semboku,Ulsan,7,0.0523,0.0078,0.15034782608695652
Sakai-Semboku,Ulsan,8,0.0301,0.1261,0.5674367622259696
Sakai-Semboku,Ulsan,9,0.0153,0.4379,0.8355911047345768
Sakai-Semboku,Ulsan,10,-0.0218,0.2686,0.7284266124936516
Sakai-Semboku,Ulsan,11,-0.007,0.7225,0.9387171643602816
Sakai-Semboku,Ulsan,12,-0.0144,0.464,0.8528397260273972
Sakai-Semboku,Ulsan,13,0.0004,0.9851,0.9962927382753403
Sakai-Semboku,Ulsan,14,-0.0145,0.4628,0.8528397260273972
Sakai-Semboku,Yokohama,1,0.1679,0.0,0.0
Sakai-Semboku,Yokohama,2,0.0877,0.0,0.0
Sakai-Semboku,Yokohama,3,0.059,0.0027,0.07254545454545455
Sakai-Semboku,Yokohama,4,0.0132,0.5024,0.8730256410256412
Sakai-Semboku,Yokohama,5,-0.0212,0.2809,0.7422641509433964
Sakai-Semboku,Yokohama,6,-0.0041,0.8367,0.9737085514834205
Sakai-Semboku,Yokohama,7,-0.0037,0.8524,0.9777607242940289
Sakai-Semboku,Yokohama,8,0.0308,0.1179,0.5540688437775816
Sakai-Semboku,Yokohama,9,-0.0382,0.0523,0.4222094081942337
Sakai-Semboku,Yokohama,10,-0.021,0.2865,0.7492920962199312
Sakai-Semboku,Yokohama,11,-0.0267,0.1741,0.6449944289693593
Sakai-Semboku,Yokohama,12,-0.0153,0.4372,0.8348542713567839
Sakai-Semboku,Yokohama,13,-0.0383,0.0517,0.4199145038167939
Sakai-Semboku,Yokohama,14,0.0191,0.3322,0.7820972043010752
Shanghai (Pudong),Antwerp,1,-0.038,0.0533,0.42784337349397594
Shanghai (Pudong),Antwerp,2,0.0116,0.5556,0.8905635159542445
Shanghai (Pudong),Antwerp,3,0.0391,0.0466,0.4037346278317152
Shanghai (Pudong),Antwerp,4,0.006,0.7597,0.949625
Shanghai (Pudong),Antwerp,5,-0.0271,0.1685,0.6351620665251237
Shanghai (Pudong),Antwerp,6,-0.0271,0.1681,0.6346997870830375
Shanghai (Pudong),Antwerp,7,-0.0051,0.7954,0.9569262777023971
Shanghai (Pudong),Antwerp,8,-0.0547,0.0054,0.11354940711462451
Shanghai (Pudong),Antwerp,9,0.0063,0.7481,0.9446693567529076
Shanghai (Pudong),Antwerp,10,0.0449,0.0223,0.2816470588235294
Shanghai (Pudong),Antwerp,11,0.0173,0.3794,0.8046791550418494
Shanghai (Pudong),Antwerp,12,-0.0048,0.8065,0.9650872302158273
Shanghai (Pudong),Antwerp,13,0.0067,0.7351,0.940837656099904
Shanghai (Pudong),Antwerp,14,-0.01,0.6123,0.9106413407821229
Shanghai (Pudong),Busan,1,0.1085,0.0,0.0
Shanghai (Pudong),Busan,2,0.0346,0.0786,0.48579199999999995
Shanghai (Pudong),Busan,3,0.0061,0.756,0.9481188118811881
Shanghai (Pudong),Busan,4,0.0061,0.7572,0.9491762488218661
Shanghai (Pudong),Busan,5,0.0345,0.0795,0.48579199999999995
Shanghai (Pudong),Busan,6,-0.0281,0.1531,0.6128607975921746
Shanghai (Pudong),Busan,7,0.006,0.7609,0.9504550363935196
Shanghai (Pudong),Busan,8,-0.0111,0.5727,0.8971625441696113
Shanghai (Pudong),Busan,9,-0.0225,0.2528,0.71996573875803
Shanghai (Pudong),Busan,10,-0.0112,0.5707,0.8965939893930465
Shanghai (Pudong),Busan,11,0.0343,0.0814,0.4887674943566591
Shanghai (Pudong),Busan,12,0.0001,0.994,0.997675594115428
Shanghai (Pudong),Busan,13,0.0001,0.9953,0.998476836158192
Shanghai (Pudong),Busan,14,0.0001,0.9965,0.998476836158192
Shanghai (Pudong),Chiba,1,0.0372,0.0579,0.4439657631954351
Shanghai (Pudong),Chiba,2,0.0372,0.0582,0.4439657631954351
Shanghai (Pudong),Chiba,3,0.032,0.1037,0.5284329501915709
Shanghai (Pudong),Chiba,4,0.0267,0.1738,0.6443317073170732
Shanghai (Pudong),Chiba,5,0.0267,0.1744,0.6454982626824184
Shanghai (Pudong),Chiba,6,0.0371,0.0593,0.44495909732016925
Shanghai (Pudong),Chiba,7,0.0006,0.9754,0.9939088471849865
Shanghai (Pudong),Chiba,8,0.0162,0.4105,0.8225461393596986
Shanghai (Pudong),Chiba,9,0.0162,0.4116,0.8227441860465116
Shanghai (Pudong),Chiba,10,0.0161,0.4126,0.8230153615586361
Shanghai (Pudong),Chiba,11,0.0161,0.4137,0.8231541325390915
Shanghai (Pudong),Chiba,12,0.0213,0.2801,0.7419930313588851
Shanghai (Pudong),Chiba,13,0.0421,0.0326,0.3503676767676767
Shanghai (Pudong),Chiba,14,0.042,0.0328,0.3510985915492958
Shanghai (Pudong),Guangzhou (Nansha),1,0.0785,0.0001,0.004470588235294118
Shanghai (Pudong),Guangzhou (Nansha),2,0.0625,0.0014,0.04407100591715976
Shanghai (Pudong),Guangzhou (Nansha),3,0.036,0.0669,0.4707777777777778
Shanghai (Pudong),Guangzhou (Nansha),4,-0.0064,0.7439,0.9445248868778282
Shanghai (Pudong),Guangzhou (Nansha),5,0.0147,0.4534,0.8469410112359551
Shanghai (Pudong),Guangzhou (Nansha),6,-0.0167,0.3959,0.8171916214119473
Shanghai (Pudong),Guangzhou (Nansha),7,0.0045,0.8183,0.9670165526373868
Shanghai (Pudong),Guangzhou (Nansha),8,-0.0115,0.5605,0.8914723049434187
Shanghai (Pudong),Guangzhou (Nansha),9,-0.0221,0.2611,0.7249749478079333
Shanghai (Pudong),Guangzhou (Nansha),10,-0.0275,0.1629,0.6270824891461649
Shanghai (Pudong),Guangzhou (Nansha),11,-0.0062,0.7513,0.9459176526265972
Shanghai (Pudong),Guangzhou (Nansha),12,-0.0275,0.162,0.6267661115133961
Shanghai (Pudong),Guangzhou (Nansha),13,-0.0169,0.3899,0.8140769230769231
Shanghai (Pudong),Guangzhou (Nansha),14,0.0149,0.4489,0.8439138722202613
Shanghai (Pudong),Gwangyang (Kwangyang),1,0.0912,0.0,0.0
Shanghai (Pudong),Gwangyang (Kwangyang),2,0.0475,0.0157,0.23366850828729285
Shanghai (Pudong),Gwangyang (Kwangyang),3,0.0162,0.4091,0.8225461393596986
Shanghai (Pudong),Gwangyang (Kwangyang),4,0.0037,0.8503,0.9765967184801382
Shanghai (Pudong),Gwangyang (Kwangyang),5,0.0042,0.8306,0.9705231715352515
Shanghai (Pudong),Gwangyang (Kwangyang),6,-0.0146,0.4575,0.8498639693058947
Shanghai (Pudong),Gwangyang (Kwangyang),7,-0.0272,0.1672,0.63175
Shanghai (Pudong),Gwangyang (Kwangyang),8,-0.0456,0.0203,0.2640488997555012
Shanghai (Pudong),Gwangyang (Kwangyang),9,-0.0142,0.4695,0.8533447215579091
Shanghai (Pudong),Gwangyang (Kwangyang),10,-0.0143,0.4688,0.8529466484268127
Shanghai (Pudong),Gwangyang (Kwangyang),11,0.0046,0.8164,0.9670165526373868
Shanghai (Pudong),Gwangyang (Kwangyang),12,0.0045,0.8175,0.9670165526373868
Shanghai (Pudong),Gwangyang (Kwangyang),13,-0.0206,0.2948,0.7550967741935484
Shanghai (Pudong),Gwangyang (Kwangyang),14,0.0233,0.2358,0.6984721603563475
Shanghai (Pudong),Hong Kong,1,0.0356,0.0696,0.4771546391752577
Shanghai (Pudong),Hong Kong,2,0.0415,0.0347,0.3594873786407767
Shanghai (Pudong),Hong Kong,3,0.0415,0.0348,0.3594873786407767
Shanghai (Pudong),Hong Kong,4,-0.0232,0.237,0.6996892341842397
Shanghai (Pudong),Hong Kong,5,0.0002,0.99,0.9962927382753403
Shanghai (Pudong),Hong Kong,6,0.012,0.5425,0.8870475606014114
Shanghai (Pudong),Hong Kong,7,0.0002,0.9924,0.997374386097469
Shanghai (Pudong),Hong Kong,8,-0.0351,0.0741,0.480722891566265
Shanghai (Pudong),Hong Kong,9,-0.0293,0.1367,0.5812907348242812
Shanghai (Pudong),Hong Kong,10,-0.0293,0.1364,0.5812907348242812
Shanghai (Pudong),Hong Kong,11,-0.0117,0.5525,0.8905635159542445
Shanghai (Pudong),Hong Kong,12,0.0118,0.5489,0.8905635159542445
Shanghai (Pudong),Hong Kong,13,0.0471,0.0168,0.23961394101876674
Shanghai (Pudong),Hong Kong,14,0.0588,0.0028,0.07374257425742574
Shanghai (Pudong),Kaohsiung,1,0.0354,0.0715,0.480722891566265
Shanghai (Pudong),Kaohsiung,2,0.03,0.1274,0.5684140233722872
Shanghai (Pudong),Kaohsiung,3,0.0245,0.2124,0.6818455971049457
Shanghai (Pudong),Kaohsiung,4,0.0136,0.4875,0.8639240506329113
Shanghai (Pudong),Kaohsiung,5,-0.0405,0.0392,0.371360568383659
Shanghai (Pudong),Kaohsiung,6,0.0461,0.0191,0.25594962216624684
Shanghai (Pudong),Kaohsiung,7,0.019,0.3349,0.7820972043010752
Shanghai (Pudong),Kaohsiung,8,-0.0027,0.89,0.9811023622047245
Shanghai (Pudong),Kaohsiung,9,0.0081,0.6816,0.930151569277877
Shanghai (Pudong),Kaohsiung,10,-0.0028,0.8874,0.980906036092097
Shanghai (Pudong),Kaohsiung,11,0.0405,0.0396,0.37183802816901407
Shanghai (Pudong),Kaohsiung,12,-0.0083,0.6746,0.9267450980392158
Shanghai (Pudong),Kaohsiung,13,-0.0137,0.4861,0.8637448229792919
Shanghai (Pudong),Kaohsiung,14,0.0242,0.2199,0.6867016317016318
Shanghai (Pudong),Kobe,1,0.0211,0.2822,0.7435879148093115
Shanghai (Pudong),Kobe,2,0.0211,0.283,0.7440118518518519
Shanghai (Pudong),Kobe,3,0.0375,0.0566,0.44346391752577313
Shanghai (Pudong),Kobe,4,0.0156,0.4285,0.8308502732240438
Shanghai (Pudong),Kobe,5,0.0265,0.1782,0.6514360027378508
Shanghai (Pudong),Kobe,6,0.0374,0.0573,0.4439657631954351
Shanghai (Pudong),Kobe,7,0.0264,0.1794,0.6523636363636364
Shanghai (Pudong),Kobe,8,-0.001,0.9609,0.9908012350443843
Shanghai (Pudong),Kobe,9,0.0154,0.4336,0.8331465703971119
Shanghai (Pudong),Kobe,10,0.0044,0.8215,0.9670165526373868
Shanghai (Pudong),Kobe,11,0.0044,0.8228,0.9670165526373868
Shanghai (Pudong),Kobe,12,-0.0066,0.739,0.9417992814371258
Shanghai (Pudong),Kobe,13,0.0481,0.0145,0.2255555555555556
Shanghai (Pudong),Kobe,14,0.0317,0.108,0.5364705882352941
Shanghai (Pudong),Mizushima,1,0.0611,0.0018,0.0529060773480663
Shanghai (Pudong),Mizushima,2,0.0385,0.0498,0.41285847589424574
Shanghai (Pudong),Mizushima,3,0.0554,0.0048,0.10596747967479674
Shanghai (Pudong),Mizushima,4,0.0159,0.4178,0.824314190440904
Shanghai (Pudong),Mizushima,5,0.0272,0.1669,0.63175
Shanghai (Pudong),Mizushima,6,0.0553,0.0049,0.10596747967479674
Shanghai (Pudong),Mizushima,7,0.0215,0.2749,0.7362858580775038
Shanghai (Pudong),Mizushima,8,0.0384,0.0511,0.41759139784946236
Shanghai (Pudong),Mizushima,9,0.0383,0.0513,0.41858282208588954
Shanghai (Pudong),Mizushima,10,0.0157,0.4237,0.8293171449595291
Shanghai (Pudong),Mizushima,11,0.0326,0.0973,0.5140377358490567
Shanghai (Pudong),Mizushima,12,0.0157,0.4257,0.8299355783308932
Shanghai (Pudong),Mizushima,13,0.0439,0.0259,0.3048407079646017
Shanghai (Pudong),Mizushima,14,0.0607,0.002,0.05689839572192513
Shanghai (Pudong),Nagoya,1,0.029,0.1404,0.587669551534225
Shanghai (Pudong),Nagoya,2,0.0672,0.0006,0.0228
Shanghai (Pudong),Nagoya,3,0.0402,0.0407,0.3778778359511344
Shanghai (Pudong),Nagoya,4,0.024,0.2225,0.6869994196169472
Shanghai (Pudong),Nagoya,5,0.0401,0.0411,0.3802643478260869
Shanghai (Pudong),Nagoya,6,0.0239,0.2239,0.6878414704192992
Shanghai (Pudong),Nagoya,7,-0.0139,0.479,0.8575682582380633
Shanghai (Pudong),Nagoya,8,0.0076,0.6975,0.9308338745940545
Shanghai (Pudong),Nagoya,9,0.0292,0.1375,0.5833333333333334
Shanghai (Pudong),Nagoya,10,0.0076,0.7001,0.9308338745940545
Shanghai (Pudong),Nagoya,11,-0.0033,0.8687,0.9780122543841115
Shanghai (Pudong),Nagoya,12,0.0129,0.5117,0.8789938650306749
Shanghai (Pudong),Nagoya,13,0.0129,0.5129,0.8790756356614097
Shanghai (Pudong),Nagoya,14,0.0237,0.2296,0.6959954415954416
Shanghai (Pudong),Ningbo,1,0.1352,0.0,0.0
Shanghai (Pudong),Ningbo,2,0.0386,0.0492,0.4115471698113208
Shanghai (Pudong),Ningbo,3,-0.0043,0.8276,0.9696978227402683
Shanghai (Pudong),Ningbo,4,0.001,0.9575,0.9908012350443843
Shanghai (Pudong),Ningbo,5,0.001,0.9588,0.9908012350443843
Shanghai (Pudong),Ningbo,6,-0.0258,0.189,0.6609802890932982
Shanghai (Pudong),Ningbo,7,-0.0151,0.4415,0.8388500000000001
Shanghai (Pudong),Ningbo,8,-0.0152,0.4406,0.8377383845604003
Shanghai (Pudong),Ningbo,9,-0.0206,0.2959,0.7557717026378897
Shanghai (Pudong),Ningbo,10,-0.0313,0.1114,0.5382758620689655
Shanghai (Pudong),Ningbo,11,0.0008,0.9669,0.9916923076923077
Shanghai (Pudong),Ningbo,12,0.0008,0.9682,0.9921718027734978
Shanghai (Pudong),Ningbo,13,-0.0422,0.0322,0.34888798370672097
Shanghai (Pudong),Ningbo,14,-0.0154,0.4351,0.8334028776978416
Shanghai (Pudong),Port Klang,1,0.0354,0.0715,0.480722891566265
Shanghai (Pudong),Port Klang,2,-0.0188,0.3395,0.7820972043010752
Shanghai (Pudong),Port Klang,3,0.0353,0.0721,0.480722891566265
Shanghai (Pudong),Port Klang,4,-0.0188,0.338,0.7820972043010752
Shanghai (Pudong),Port Klang,5,0.0141,0.4735,0.8553159144893112
Shanghai (Pudong),Port Klang,6,0.0249,0.2051,0.6776312849162012
Shanghai (Pudong),Port Klang,7,-0.024,0.2231,0.6871666666666666
Shanghai (Pudong),Port Klang,8,0.0357,0.0695,0.4771546391752577
Shanghai (Pudong),Port Klang,9,0.0302,0.1242,0.5645714285714286
Shanghai (Pudong),Port Klang,10,-0.0186,0.3437,0.7850940317732933
Shanghai (Pudong),Port Klang,11,0.0139,0.4801,0.8583123950285523
Shanghai (Pudong),Port Klang,12,0.0139,0.4812,0.8589453203622945
Shanghai (Pudong),Port Klang,13,-0.0079,0.6892,0.9301939393939394
Shanghai (Pudong),Port Klang,14,-0.0025,0.8998,0.9820615258408532
Shanghai (Pudong),Qingdao,1,0.0801,0.0,0.0
Shanghai (Pudong),Qingdao,2,0.0539,0.006,0.12324324324324325
Shanghai (Pudong),Qingdao,3,0.0068,0.7284,0.938793220338983
Shanghai (Pudong),Qingdao,4,-0.0559,0.0044,0.10003418803418804
Shanghai (Pudong),Qingdao,5,-0.0142,0.4716,0.8544242424242424
Shanghai (Pudong),Qingdao,6,-0.0037,0.8495,0.9763102181896739
Shanghai (Pudong),Qingdao,7,0.0067,0.7337,0.940837656099904
Shanghai (Pudong),Qingdao,8,0.0067,0.735,0.940837656099904
Shanghai (Pudong),Qingdao,9,-0.0352,0.0735,0.480722891566265
Shanghai (Pudong),Qingdao,10,-0.0244,0.2148,0.6854433234421364
Shanghai (Pudong),Qingdao,11,0.007,0.7221,0.9387171643602816
Shanghai (Pudong),Qingdao,12,-0.014,0.4771,0.8566223422207223
Shanghai (Pudong),Qingdao,13,-0.014,0.4761,0.8566223422207223
Shanghai (Pudong),Qingdao,14,0.0017,0.9329,0.9874707520891364
Shanghai (Pudong),Rotterdam,1,0.0052,0.7907,0.9555938209904588
Shanghai (Pudong),Rotterdam,2,0.0221,0.2598,0.7231527196652721
Shanghai (Pudong),Rotterdam,3,0.0108,0.5824,0.8985986078886312
Shanghai (Pudong),Rotterdam,4,-0.0231,0.239,0.7028634604754007
Shanghai (Pudong),Rotterdam,5,-0.0006,0.9772,0.994122947689958
Shanghai (Pudong),Rotterdam,6,-0.0119,0.5451,0.8875888650963598
Shanghai (Pudong),Rotterdam,7,0.0107,0.587,0.8996946125036013
Shanghai (Pudong),Rotterdam,8,-0.0007,0.9735,0.9936722947045281
Shanghai (Pudong),Rotterdam,9,-0.012,0.5422,0.8870475606014114
Shanghai (Pudong),Rotterdam,10,0.0106,0.5904,0.9017881136950905
Shanghai (Pudong),Rotterdam,11,0.0049,0.8031,0.9633578354002255
Shanghai (Pudong),Rotterdam,12,-0.0291,0.14,0.5873380614657211
Shanghai (Pudong),Rotterdam,13,-0.0008,0.9673,0.9917201772981308
Shanghai (Pudong),Rotterdam,14,0.0048,0.8069,0.9650872302158273
Shanghai (Pudong),Sakai-Semboku,1,0.0181,0.3566,0.7939812168231931
Shanghai (Pudong),Sakai-Semboku,2,0.0352,0.0729,0.480722891566265
Shanghai (Pudong),Sakai-Semboku,3,0.0185,0.3453,0.7855064047822374
Shanghai (Pudong),Sakai-Semboku,4,0.013,0.5096,0.8765185903653412
Shanghai (Pudong),Sakai-Semboku,5,0.0351,0.0739,0.480722891566265
Shanghai (Pudong),Sakai-Semboku,6,0.0351,0.0742,0.480722891566265
Shanghai (Pudong),Sakai-Semboku,7,0.0018,0.9283,0.9874707520891364
Shanghai (Pudong),Sakai-Semboku,8,-0.0094,0.6341,0.916166078697422
Shanghai (Pudong),Sakai-Semboku,9,-0.026,0.1855,0.6580646864686469
Shanghai (Pudong),Sakai-Semboku,10,0.0128,0.5162,0.8802460749759692
Shanghai (Pudong),Sakai-Semboku,11,-0.0206,0.2962,0.7557717026378897
Shanghai (Pudong),Sakai-Semboku,12,0.0072,0.716,0.9368224299065421
Shanghai (Pudong),Sakai-Semboku,13,0.0571,0.0037,0.08906787330316741
Shanghai (Pudong),Sakai-Semboku,14,0.0626,0.0015,0.0463953488372093
Shanghai (Pudong),Singapore,1,-0.0185,0.3463,0.7858626865671642
Shanghai (Pudong),Singapore,2,-0.0185,0.3457,0.7855064047822374
Shanghai (Pudong),Singapore,3,-0.0058,0.7674,0.9525356976201586
Shanghai (Pudong),Singapore,4,0.0005,0.9784,0.994122947689958
Shanghai (Pudong),Singapore,5,0.0132,0.5004,0.8730256410256412
Shanghai (Pudong),Singapore,6,0.0132,0.5013,0.8730256410256412
Shanghai (Pudong),Singapore,7,0.0196,0.3198,0.7750272727272728
Shanghai (Pudong),Singapore,8,-0.0059,0.7624,0.9508907641819033
Shanghai (Pudong),Singapore,9,0.0386,0.0495,0.41285847589424574
Shanghai (Pudong),Singapore,10,0.0131,0.5051,0.8730256410256412
Shanghai (Pudong),Singapore,11,0.0195,0.3228,0.7763544303797467
Shanghai (Pudong),Singapore,12,-0.0124,0.5278,0.8859414910349166
Shanghai (Pudong),Singapore,13,0.0385,0.0503,0.41487751937984496
Shanghai (Pudong),Singapore,14,0.0194,0.325,0.7787350427350428
Shanghai (Pudong),Tianjin Xin Gang,1,0.043,0.0287,0.3255522388059702
Shanghai (Pudong),Tianjin Xin Gang,2,0.0429,0.0288,0.32599148936170214
Shanghai (Pudong),Tianjin Xin Gang,3,0.0536,0.0064,0.12896969696969698
Shanghai (Pudong),Tianjin Xin Gang,4,-0.0052,0.7928,0.9558415213946118
Shanghai (Pudong),Tianjin Xin Gang,5,-0.0372,0.0583,0.4439657631954351
Shanghai (Pudong),Tianjin Xin Gang,6,-0.0212,0.2801,0.7419930313588851
Shanghai (Pudong),Tianjin Xin Gang,7,0.0534,0.0065,0.12999999999999998
Shanghai (Pudong),Tianjin Xin Gang,8,0.0481,0.0145,0.2255555555555556
Shanghai (Pudong),Tianjin Xin Gang,9,0.0267,0.1748,0.645788888888889
Shanghai (Pudong),Tianjin Xin Gang,10,-0.0107,0.5867,0.8994939481268012
Shanghai (Pudong),Tianjin Xin Gang,11,-0.0107,0.5856,0.8994939481268012
Shanghai (Pudong),Tianjin Xin Gang,12,-0.0478,0.0151,0.22952000000000003
Shanghai (Pudong),Tianjin Xin Gang,13,0.0003,0.9873,0.9962927382753403
Shanghai (Pudong),Tianjin Xin Gang,14,-0.0265,0.1788,0.6514360027378508
Shanghai (Pudong),Ulsan,1,0.0669,0.0007,0.025861111111111112
Shanghai (Pudong),Ulsan,2,0.0325,0.0983,0.5152275862068966
Shanghai (Pudong),Ulsan,3,0.0187,0.3416,0.7820972043010752
Shanghai (Pudong),Ulsan,4,0.0118,0.5488,0.8905635159542445
Shanghai (Pudong),Ulsan,5,0.0393,0.0456,0.40164238410596026
Shanghai (Pudong),Ulsan,6,0.0461,0.0189,0.2558473282442748
Shanghai (Pudong),Ulsan,7,-0.0021,0.917,0.9862800565770863
Shanghai (Pudong),Ulsan,8,0.0186,0.3452,0.7855064047822374
Shanghai (Pudong),Ulsan,9,0.0048,0.808,0.9654372333258479
Shanghai (Pudong),Ulsan,10,0.0116,0.5543,0.8905635159542445
Shanghai (Pudong),Ulsan,11,0.0254,0.1973,0.669203539823009
Shanghai (Pudong),Ulsan,12,-0.0159,0.4182,0.824314190440904
Shanghai (Pudong),Ulsan,13,0.0116,0.557,0.890824165915239
Shanghai (Pudong),Ulsan,14,-0.0091,0.6438,0.9173098666666666
Shanghai (Pudong),Yokohama,1,0.0483,0.0139,0.22273493975903613
Shanghai (Pudong),Yokohama,2,0.0323,0.1006,0.5211217137293087
Shanghai (Pudong),Yokohama,3,0.0482,0.0141,0.22391641791044775
Shanghai (Pudong),Yokohama,4,0.0535,0.0064,0.12896969696969698
Shanghai (Pudong),Yokohama,5,0.0642,0.0011,0.036575
Shanghai (Pudong),Yokohama,6,0.0481,0.0143,0.2255555555555556
Shanghai (Pudong),Yokohama,7,0.0054,0.7832,0.9541238291066941
Shanghai (Pudong),Yokohama,8,0.0054,0.7846,0.9541238291066941
Shanghai (Pudong),Yokohama,9,0.0107,0.5872,0.899741935483871
Shanghai (Pudong),Yokohama,10,0.016,0.4166,0.8236016350798959
Shanghai (Pudong),Yokohama,11,-0.0054,0.784,0.9541238291066941
Shanghai (Pudong),Yokohama,12,-0.0001,0.9963,0.998476836158192
Shanghai (Pudong),Yokohama,13,0.0372,0.0585,0.4439657631954351
Shanghai (Pudong),Yokohama,14,0.0372,0.0588,0.4444652482269504
Singapore,Antwerp,1,0.0309,0.1157,0.5495280498664292
Singapore,Antwerp,2,0.0309,0.116,0.5495280498664292
Singapore,Antwerp,3,-0.0168,0.3937,0.8163127187864644
Singapore,Antwerp,4,-0.0236,0.2301,0.696134090909091
Singapore,Antwerp,5,0.0104,0.597,0.9037189189189189
Singapore,Antwerp,6,-0.01,0.6098,0.9094858424446314
Singapore,Antwerp,7,0.0648,0.001,0.034102564102564105
Singapore,Antwerp,8,-0.0033,0.8675,0.9780122543841115
Singapore,Antwerp,9,-0.0166,0.3987,0.818697996918336
Singapore,Antwerp,10,-0.0507,0.0099,0.17975426621160412
Singapore,Antwerp,11,-0.0371,0.0593,0.44495909732016925
Singapore,Antwerp,12,-0.0099,0.6165,0.9121056435918822
Singapore,Antwerp,13,-0.0164,0.4051,0.8219420289855073
Singapore,Antwerp,14,-0.0164,0.4045,0.8219420289855073
Singapore,Busan,1,0.0222,0.2584,0.7220000000000001
Singapore,Busan,2,-0.0129,0.5109,0.8781867528271406
Singapore,Busan,3,0.0011,0.9555,0.9908012350443843
Singapore,Busan,4,0.0011,0.9565,0.9908012350443843
Singapore,Busan,5,-0.013,0.5088,0.8762758174166396
Singapore,Busan,6,0.0291,0.1388,0.5855796986518637
Singapore,Busan,7,0.0221,0.262,0.7253541017653167
Singapore,Busan,8,0.0291,0.1396,0.5870924901185771
Singapore,Busan,9,-0.0061,0.7578,0.9491861614497529
Singapore,Busan,10,0.022,0.2638,0.7267819782496115
Singapore,Busan,11,-0.0131,0.5045,0.8730256410256412
Singapore,Busan,12,-0.0061,0.7552,0.9481188118811881
Singapore,Busan,13,0.0219,0.2656,0.7281869542886492
Singapore,Busan,14,-0.0062,0.7534,0.9475385342789597
Singapore,Chiba,1,0.0277,0.1592,0.6232111846946284
Singapore,Chiba,2,0.0341,0.083,0.49281250000000004
Singapore,Chiba,3,-0.0045,0.8175,0.9670165526373868
Singapore,Chiba,4,-0.011,0.5761,0.8983482298316889
Singapore,Chiba,5,-0.0367,0.0617,0.4515048143053645
Singapore,Chiba,6,0.0082,0.6752,0.9267450980392158
Singapore,Chiba,7,0.0082,0.6762,0.9273998453209591
Singapore,Chiba,8,0.0082,0.6772,0.928053580628542
Singapore,Chiba,9,-0.0111,0.5718,0.8965939893930465
Singapore,Chiba,10,0.021,0.2861,0.7492920962199312
Singapore,Chiba,11,-0.0047,0.8094,0.9659277864992151
Singapore,Chiba,12,-0.0305,0.1214,0.5606071118820468
Singapore,Chiba,13,0.0016,0.9342,0.9876677265500796
Singapore,Chiba,14,0.008,0.6835,0.930151569277877
Singapore,Guangzhou (Nansha),1,-0.0019,0.9247,0.9874707520891364
Singapore,Guangzhou (Nansha),2,0.0047,0.8125,0.9670165526373868
Singapore,Guangzhou (Nansha),3,-0.0085,0.6671,0.9237668488160292
Singapore,Guangzhou (Nansha),4,-0.0019,0.9216,0.9874707520891364
Singapore,Guangzhou (Nansha),5,-0.0085,0.6653,0.9235397860683537
Singapore,Guangzhou (Nansha),6,-0.0148,0.4525,0.8461511423550088
Singapore,Guangzhou (Nansha),7,0.0705,0.0003,0.012372093023255813
Singapore,Guangzhou (Nansha),8,0.0442,0.0245,0.29555555555555557
Singapore,Guangzhou (Nansha),9,-0.0083,0.6735,0.9267450980392158
Singapore,Guangzhou (Nansha),10,0.0114,0.5636,0.8923105294467577
Singapore,Guangzhou (Nansha),11,0.0179,0.3631,0.7939812168231931
Singapore,Guangzhou (Nansha),12,-0.0346,0.0786,0.48579199999999995
Singapore,Guangzhou (Nansha),13,-0.0346,0.0785,0.48579199999999995
Singapore,Guangzhou (Nansha),14,0.0441,0.0252,0.2999194630872483
Singapore,Gwangyang (Kwangyang),1,0.0136,0.4886,0.8641462765957446
Singapore,Gwangyang (Kwangyang),2,-0.0172,0.38,0.8054183266932271
Singapore,Gwangyang (Kwangyang),3,-0.0019,0.9249,0.9874707520891364
Singapore,Gwangyang (Kwangyang),4,-0.025,0.2034,0.6754606741573034
Singapore,Gwangyang (Kwangyang),5,-0.0015,0.9391,0.9893240942387647
Singapore,Gwangyang (Kwangyang),6,-0.0247,0.2085,0.6803743119266055
Singapore,Gwangyang (Kwangyang),7,0.0294,0.135,0.5787268331990331
Singapore,Gwangyang (Kwangyang),8,0.0376,0.0556,0.440822652757079
Singapore,Gwangyang (Kwangyang),9,-0.009,0.6491,0.9183082209886334
Singapore,Gwangyang (Kwangyang),10,0.0143,0.4671,0.8528397260273972
Singapore,Gwangyang (Kwangyang),11,0.0143,0.4679,0.8528397260273972
Singapore,Gwangyang (Kwangyang),12,-0.0323,0.1007,0.5211322957198443
Singapore,Gwangyang (Kwangyang),13,-0.009,0.6462,0.9173098666666666
Singapore,Gwangyang (Kwangyang),14,0.022,0.2642,0.7271033057851239
Singapore,Hong Kong,1,-0.0088,0.6529,0.9183082209886334
Singapore,Hong Kong,2,-0.0089,0.6521,0.9183082209886334
Singapore,Hong Kong,3,0.0056,0.7741,0.9540866773675762
Singapore,Hong Kong,4,0.0056,0.775,0.9540866773675762
Singapore,Hong Kong,5,0.0129,0.5131,0.8790756356614097
Singapore,Hong Kong,6,-0.0017,0.9316,0.9874707520891364
Singapore,Hong Kong,7,0.0346,0.0785,0.48579199999999995
Singapore,Hong Kong,8,0.0273,0.165,0.6315107913669065
Singapore,Hong Kong,9,-0.009,0.6466,0.9173098666666666
Singapore,Hong Kong,10,0.0055,0.7806,0.9540866773675762
Singapore,Hong Kong,11,0.0055,0.7816,0.9540866773675762
Singapore,Hong Kong,12,-0.0236,0.2303,0.696134090909091
Singapore,Hong Kong,13,0.0054,0.7835,0.9541238291066941
Singapore,Hong Kong,14,0.0417,0.0342,0.3591780821917809
Singapore,Kaohsiung,1,-0.0055,0.7806,0.9540866773675762
Singapore,Kaohsiung,2,0.048,0.0146,0.22560458452722065
Singapore,Kaohsiung,3,0.0413,0.0357,0.3637866666666667
Singapore,Kaohsiung,4,0.0479,0.0147,0.22560458452722065
Singapore,Kaohsiung,5,-0.0123,0.5329,0.8868865468071915
Singapore,Kaohsiung,6,0.0145,0.4622,0.8528397260273972
Singapore,Kaohsiung,7,0.0278,0.1574,0.6221158989598813
Singapore,Kaohsiung,8,0.0345,0.0797,0.48579199999999995
Singapore,Kaohsiung,9,0.0278,0.1583,0.62223598820059
Singapore,Kaohsiung,10,-0.0057,0.772,0.9537947050627033
Singapore,Kaohsiung,11,-0.0124,0.5282,0.8859414910349166
Singapore,Kaohsiung,12,-0.0058,0.7701,0.9527748837209302
Singapore,Kaohsiung,13,0.0076,0.6998,0.9308338745940545
Singapore,Kaohsiung,14,0.0477,0.0154,0.23143502824858755
Singapore,Kobe,1,-0.0176,0.3694,0.7959530174159579
Singapore,Kobe,2,0.0026,0.895,0.9816653632434656
Singapore,Kobe,3,-0.0177,0.3682,0.7953000406008932
Singapore,Kobe,4,-0.0177,0.3676,0.7949723577235772
Singapore,Kobe,5,-0.0245,0.2129,0.682717299578059
Singapore,Kobe,6,0.0363,0.0652,0.46621505376344086
Singapore,Kobe,7,0.0295,0.1339,0.5762974939369443
Singapore,Kobe,8,-0.0178,0.3652,0.7939812168231931
Singapore,Kobe,9,0.0092,0.6412,0.9166747246843943
Singapore,Kobe,10,0.0091,0.6421,0.9172216854535694
Singapore,Kobe,11,-0.0179,0.3634,0.7939812168231931
Singapore,Kobe,12,-0.0179,0.3628,0.7939812168231931
Singapore,Kobe,13,0.0563,0.0042,0.09714782608695652
Singapore,Kobe,14,0.0293,0.1367,0.5812907348242812
Singapore,Mizushima,1,-0.0069,0.7252,0.9387171643602816
Singapore,Mizushima,2,-0.0209,0.2885,0.7500498290180754
Singapore,Mizushima,3,-0.0348,0.0765,0.48392390011890607
Singapore,Mizushima,4,-0.0348,0.0763,0.4832333333333334
Singapore,Mizushima,5,-0.007,0.7217,0.9387171643602816
Singapore,Mizushima,6,-0.021,0.2866,0.7492920962199312
Singapore,Mizushima,7,0.0904,0.0,0.0
Singapore,Mizushima,8,0.0208,0.2909,0.7536451142440447
Singapore,Mizushima,9,0.0068,0.7286,0.938793220338983
Singapore,Mizushima,10,-0.0002,0.9934,0.997675594115428
Singapore,Mizushima,11,-0.042,0.0329,0.3514618473895582
Singapore,Mizushima,12,0.0068,0.7316,0.9400251147065927
Singapore,Mizushima,13,0.0137,0.4868,0.8638345563709139
Singapore,Mizushima,14,0.0346,0.0792,0.48579199999999995
Singapore,Nagoya,1,-0.0061,0.7549,0.9481188118811881
Singapore,Nagoya,2,0.0075,0.7024,0.9309337319382163
Singapore,Nagoya,3,0.0075,0.7034,0.931033043478261
Singapore,Nagoya,4,-0.0326,0.0976,0.5140910891089109
Singapore,Nagoya,5,-0.0259,0.1874,0.6580646864686469
Singapore,Nagoya,6,0.0074,0.7064,0.9322867774745721
Singapore,Nagoya,7,0.0007,0.9711,0.9929644572526417
Singapore,Nagoya,8,-0.0127,0.5201,0.8819196940726577
Singapore,Nagoya,9,0.0207,0.2934,0.754286265060241
Singapore,Nagoya,10,0.0407,0.0388,0.3712517985611511
Singapore,Nagoya,11,-0.0261,0.1853,0.6580646864686469
Singapore,Nagoya,12,0.0006,0.9763,0.994122947689958
Singapore,Nagoya,13,0.0139,0.4803,0.8583123950285523
Singapore,Nagoya,14,-0.0195,0.3226,0.7762243328810493
Singapore,Ningbo,1,0.0197,0.3161,0.7708273018781494
Singapore,Ningbo,2,-0.0068,0.7287,0.938793220338983
Singapore,Ningbo,3,0.0064,0.7446,0.9445248868778282
Singapore,Ningbo,4,-0.0002,0.99,0.9962927382753403
Singapore,Ningbo,5,0.0196,0.3189,0.7743258785942493
Singapore,Ningbo,6,0.0063,0.7477,0.9446126810733793
Singapore,Ningbo,7,0.0394,0.045,0.399
Singapore,Ningbo,8,0.0129,0.5121,0.8790756356614097
Singapore,Ningbo,9,0.0394,0.0454,0.4005439469320066
Singapore,Ningbo,10,0.0195,0.3225,0.7762243328810493
Singapore,Ningbo,11,0.0128,0.5148,0.8794913294797689
Singapore,Ningbo,12,0.0062,0.7539,0.9479432758213188
Singapore,Ningbo,13,-0.0005,0.9807,0.994445587955022
Singapore,Ningbo,14,0.0061,0.756,0.9481188118811881
Singapore,Port Klang,1,-0.0122,0.536,0.8868865468071915
Singapore,Port Klang,2,0.0012,0.9519,0.9908012350443843
Singapore,Port Klang,3,0.0012,0.9529,0.9908012350443843
Singapore,Port Klang,4,0.0346,0.0786,0.48579199999999995
Singapore,Port Klang,5,0.0082,0.6781,0.9288084449021629
Singapore,Port Klang,6,0.0081,0.679,0.9295625321667524
Singapore,Port Klang,7,0.0416,0.0343,0.3591780821917809
Singapore,Port Klang,8,0.0349,0.076,0.4824821002386635
Singapore,Port Klang,9,0.0014,0.945,0.9908012350443843
Singapore,Port Klang,10,-0.0054,0.785,0.9541238291066941
Singapore,Port Klang,11,0.008,0.684,0.930151569277877
Singapore,Port Klang,12,-0.0054,0.7831,0.9541238291066941
Singapore,Port Klang,13,-0.0054,0.7821,0.9540866773675762
Singapore,Port Klang,14,0.0012,0.9501,0.9908012350443843
Singapore,Qingdao,1,0.0155,0.4291,0.8310807272727273
Singapore,Qingdao,2,-0.0168,0.3933,0.8163127187864644
Singapore,Qingdao,3,-0.0039,0.8432,0.9756033057851239
Singapore,Qingdao,4,0.0219,0.2649,0.7275518843572536
Singapore,Qingdao,5,-0.0104,0.5969,0.9037189189189189
Singapore,Qingdao,6,0.0025,0.8992,0.9820615258408532
Singapore,Qingdao,7,0.0283,0.1503,0.6089254185692542
Singapore,Qingdao,8,0.0154,0.4352,0.8334028776978416
Singapore,Qingdao,9,0.0024,0.9025,0.983067158067158
Singapore,Qingdao,10,-0.0037,0.849,0.9761573373676248
Singapore,Qingdao,11,0.0351,0.0748,0.480722891566265
Singapore,Qingdao,12,-0.0103,0.6018,0.9060860215053763
Singapore,Qingdao,13,-0.0103,0.601,0.9060130348540663
Singapore,Qingdao,14,0.0609,0.002,0.05689839572192513
Singapore,Rotterdam,1,-0.0066,0.7383,0.9417992814371258
Singapore,Rotterdam,2,0.0213,0.2775,0.7398957915831664
Singapore,Rotterdam,3,-0.0345,0.0788,0.48579199999999995
Singapore,Rotterdam,4,0.0003,0.986,0.9962927382753403
Singapore,Rotterdam,5,-0.0486,0.0135,0.2196330275229358
Singapore,Rotterdam,6,0.0282,0.1511,0.6104126984126984
Singapore,Rotterdam,7,0.0282,0.1516,0.6104126984126984
Singapore,Rotterdam,8,0.0212,0.2813,0.7423194444444444
Singapore,Rotterdam,9,0.0002,0.9909,0.9967078842881453
Singapore,Rotterdam,10,-0.0138,0.4843,0.8611216577540106
Singapore,Rotterdam,11,-0.0278,0.1585,0.62223598820059
Singapore,Rotterdam,12,-0.0487,0.0133,0.21771076923076924
Singapore,Rotterdam,13,-0.0278,0.1579,0.62223598820059
Singapore,Rotterdam,14,0.0769,0.0001,0.004470588235294118
Singapore,Sakai-Semboku,1,-0.0024,0.9021,0.9828326848249028
Singapore,Sakai-Semboku,2,0.0322,0.1015,0.5232364341085272
Singapore,Sakai-Semboku,3,-0.0295,0.1328,0.5757557003257329
Singapore,Sakai-Semboku,4,-0.0227,0.248,0.7151710739341608
Singapore,Sakai-Semboku,5,-0.0022,0.9122,0.9840705596107056
Singapore,Sakai-Semboku,6,0.0047,0.8126,0.9670165526373868
Singapore,Sakai-Semboku,7,0.0115,0.559,0.8914723049434187
Singapore,Sakai-Semboku,8,0.0046,0.8146,0.9670165526373868
Singapore,Sakai-Semboku,9,-0.0091,0.6429,0.9173098666666666
Singapore,Sakai-Semboku,10,-0.0023,0.9073,0.9833939393939395
Singapore,Sakai-Semboku,11,-0.016,0.4155,0.8231541325390915
Singapore,Sakai-Semboku,12,-0.0298,0.1305,0.5718125000000001
Singapore,Sakai-Semboku,13,0.0113,0.5645,0.8924074844074843
Singapore,Sakai-Semboku,14,0.0387,0.0491,0.4115471698113208
Singapore,Shanghai (Pudong),1,-0.0185,0.3463,0.7858626865671642
Singapore,Shanghai (Pudong),2,-0.0122,0.5361,0.8868865468071915
Singapore,Shanghai (Pudong),3,0.0069,0.7244,0.9387171643602816
Singapore,Shanghai (Pudong),4,0.0328,0.0952,0.5084979919678715
Singapore,Shanghai (Pudong),5,0.0072,0.7134,0.9354912496918906
Singapore,Shanghai (Pudong),6,0.0327,0.0959,0.5106986986986987
Singapore,Shanghai (Pudong),7,0.0008,0.9683,0.9921718027734978
Singapore,Shanghai (Pudong),8,0.0391,0.0469,0.4037346278317152
Singapore,Shanghai (Pudong),9,0.0007,0.9705,0.9929644572526417
Singapore,Shanghai (Pudong),10,0.0263,0.1822,0.6558213802435724
Singapore,Shanghai (Pudong),11,-0.0057,0.7717,0.9537947050627033
Singapore,Shanghai (Pudong),12,0.0134,0.4954,0.869986798679868
Singapore,Shanghai (Pudong),13,-0.0058,0.7697,0.9527748837209302
Singapore,Shanghai (Pudong),14,-0.0058,0.7687,0.9527748837209302
Singapore,Tianjin Xin Gang,1,-0.0272,0.166,0.63175
Singapore,Tianjin Xin Gang,2,-0.0206,0.2934,0.754286265060241
Singapore,Tianjin Xin Gang,3,-0.0207,0.2929,0.754286265060241
Singapore,Tianjin Xin Gang,4,-0.0075,0.7022,0.9309337319382163
Singapore,Tianjin Xin Gang,5,-0.001,0.9614,0.9908012350443843
Singapore,Tianjin Xin Gang,6,0.0386,0.0498,0.41285847589424574
Singapore,Tianjin Xin Gang,7,0.0188,0.3399,0.7820972043010752
Singapore,Tianjin Xin Gang,8,0.0253,0.1977,0.669203539823009
Singapore,Tianjin Xin Gang,9,0.0187,0.3414,0.7820972043010752
Singapore,Tianjin Xin Gang,10,-0.0143,0.4685,0.8529466484268127
Singapore,Tianjin Xin Gang,11,-0.0143,0.4678,0.8528397260273972
Singapore,Tianjin Xin Gang,12,0.0256,0.1928,0.6644878048780487
Singapore,Tianjin Xin Gang,13,-0.0273,0.1663,0.63175
Singapore,Tianjin Xin Gang,14,0.0058,0.7698,0.9527748837209302
Singapore,Ulsan,1,0.0179,0.3617,0.7939812168231931
Singapore,Ulsan,2,-0.0161,0.4129,0.8230153615586361
Singapore,Ulsan,3,-0.0076,0.6985,0.9308338745940545
Singapore,Ulsan,4,0.0179,0.3635,0.7939812168231931
Singapore,Ulsan,5,0.0093,0.6346,0.916166078697422
Singapore,Ulsan,6,0.0178,0.3647,0.7939812168231931
Singapore,Ulsan,7,0.0093,0.6361,0.9164693822497976
Singapore,Ulsan,8,0.0348,0.077,0.4853554502369668
Singapore,Ulsan,9,0.0008,0.9688,0.9924043126684635
Singapore,Ulsan,10,-0.0077,0.6938,0.930632134774956
Singapore,Ulsan,11,0.0092,0.6392,0.9166747246843943
Singapore,Ulsan,12,-0.0078,0.6924,0.9301939393939394
Singapore,Ulsan,13,-0.0163,0.4076,0.8225461393596986
Singapore,Ulsan,14,0.0007,0.9728,0.9933389635316698
Singapore,Yokohama,1,0.0123,0.5302,0.8859442181134439
Singapore,Yokohama,2,-0.0009,0.9645,0.9908012350443843
Singapore,Yokohama,3,-0.0009,0.9635,0.9908012350443843
Singapore,Yokohama,4,-0.0207,0.2923,0.754286265060241
Singapore,Yokohama,5,-0.0471,0.0166,0.2393279132791328
Singapore,Yokohama,6,-0.0076,0.7003,0.9308338745940545
Singapore,Yokohama,7,0.0188,0.3399,0.7820972043010752
Singapore,Yokohama,8,0.0122,0.5367,0.8868865468071915
Singapore,Yokohama,9,0.0319,0.1049,0.5294762808349146
Singapore,Yokohama,10,0.0055,0.7795,0.9540866773675762
Singapore,Yokohama,11,-0.0077,0.6957,0.930632134774956
Singapore,Yokohama,12,-0.0341,0.0832,0.4928997772828508
Singapore,Yokohama,13,0.0318,0.1062,0.5330018832391714
Singapore,Yokohama,14,0.0252,0.201,0.6737996219281663
Tianjin Xin Gang,Antwerp,1,0.0294,0.134,0.5762974939369443
Tianjin Xin Gang,Antwerp,2,0.0123,0.5308,0.8859442181134439
Tianjin Xin Gang,Antwerp,3,0.0009,0.9638,0.9908012350443843
Tianjin Xin Gang,Antwerp,4,0.0009,0.965,0.9908012350443843
Tianjin Xin Gang,Antwerp,5,0.0008,0.9663,0.991650462962963
Tianjin Xin Gang,Antwerp,6,0.0065,0.7411,0.9434438860971524
Tianjin Xin Gang,Antwerp,7,-0.0217,0.2706,0.7285384615384616
Tianjin Xin Gang,Antwerp,8,0.0126,0.5229,0.8832921027592768
Tianjin Xin Gang,Antwerp,9,0.0302,0.125,0.5649957519116398
Tianjin Xin Gang,Antwerp,10,0.0072,0.7128,0.9349349112426035
Tianjin Xin Gang,Antwerp,11,-0.0042,0.8296,0.9699938461538462
Tianjin Xin Gang,Antwerp,12,0.0244,0.2159,0.6854433234421364
Tianjin Xin Gang,Antwerp,13,0.0019,0.9245,0.9874707520891364
Tianjin Xin Gang,Antwerp,14,-0.0039,0.8428,0.9755648389904265
Tianjin Xin Gang,Busan,1,0.0592,0.0026,0.07093333333333333
Tianjin Xin Gang,Busan,2,0.0474,0.0157,0.23366850828729285
Tianjin Xin Gang,Busan,3,0.0474,0.0158,0.23366850828729285
Tianjin Xin Gang,Busan,4,0.0062,0.7514,0.9459176526265972
Tianjin Xin Gang,Busan,5,0.0003,0.987,0.9962927382753403
Tianjin Xin Gang,Busan,6,-0.0173,0.3777,0.8029948062325211
Tianjin Xin Gang,Busan,7,-0.0111,0.5713,0.8965939893930465
Tianjin Xin Gang,Busan,8,-0.0053,0.7888,0.9554681238615664
Tianjin Xin Gang,Busan,9,0.0065,0.7417,0.9439818181818183
Tianjin Xin Gang,Busan,10,0.0241,0.22,0.6867016317016318
Tianjin Xin Gang,Busan,11,-0.0289,0.1415,0.5899529780564263
Tianjin Xin Gang,Busan,12,0.0064,0.7452,0.9445248868778282
Tianjin Xin Gang,Busan,13,-0.0172,0.3822,0.8079222222222222
Tianjin Xin Gang,Busan,14,0.0063,0.7475,0.9446126810733793
Tianjin Xin Gang,Chiba,1,0.0127,0.5191,0.8808969696969697
Tianjin Xin Gang,Chiba,2,0.0234,0.2337,0.69825
Tianjin Xin Gang,Chiba,3,0.0234,0.2344,0.69825
Tianjin Xin Gang,Chiba,4,0.0287,0.1439,0.5948313908313908
Tianjin Xin Gang,Chiba,5,0.0395,0.0447,0.3983316582914573
Tianjin Xin Gang,Chiba,6,-0.009,0.6462,0.9173098666666666
Tianjin Xin Gang,Chiba,7,0.0075,0.7015,0.9309337319382163
Tianjin Xin Gang,Chiba,8,-0.0087,0.6589,0.9195801047120419
Tianjin Xin Gang,Chiba,9,-0.0033,0.866,0.9780122543841115
Tianjin Xin Gang,Chiba,10,-0.0034,0.8648,0.9780122543841115
Tianjin Xin Gang,Chiba,11,-0.025,0.2045,0.6770006222775358
Tianjin Xin Gang,Chiba,12,-0.0088,0.6543,0.9184369393139842
Tianjin Xin Gang,Chiba,13,-0.0196,0.3185,0.774193607305936
Tianjin Xin Gang,Chiba,14,0.0127,0.5187,0.8804990427568604
Tianjin Xin Gang,Guangzhou (Nansha),1,0.0217,0.2695,0.7284266124936516
Tianjin Xin Gang,Guangzhou (Nansha),2,0.0271,0.1671,0.63175
Tianjin Xin Gang,Guangzhou (Nansha),3,0.0052,0.7918,0.955837531200363
Tianjin Xin Gang,Guangzhou (Nansha),4,0.0052,0.7931,0.9558415213946118
Tianjin Xin Gang,Guangzhou (Nansha),5,-0.0168,0.3928,0.8163127187864644
Tianjin Xin Gang,Guangzhou (Nansha),6,-0.0055,0.7809,0.9540866773675762
Tianjin Xin Gang,Guangzhou (Nansha),7,0.072,0.0002,0.008512
Tianjin Xin Gang,Guangzhou (Nansha),8,0.0334,0.0892,0.5070978723404256
Tianjin Xin Gang,Guangzhou (Nansha),9,0.0114,0.5635,0.8923105294467577
Tianjin Xin Gang,Guangzhou (Nansha),10,-0.0272,0.1666,0.63175
Tianjin Xin Gang,Guangzhou (Nansha),11,0.0003,0.9883,0.9962927382753403
Tianjin Xin Gang,Guangzhou (Nansha),12,-0.0053,0.7896,0.9555938209904588
Tianjin Xin Gang,Guangzhou (Nansha),13,-0.0053,0.7884,0.9552010931450694
Tianjin Xin Gang,Guangzhou (Nansha),14,0.0167,0.396,0.8171916214119473
Tianjin Xin Gang,Gwangyang (Kwangyang),1,0.0479,0.0147,0.22560458452722065
Tianjin Xin Gang,Gwangyang (Kwangyang),2,0.022,0.2621,0.7253541017653167
Tianjin Xin Gang,Gwangyang (Kwangyang),3,0.0091,0.6434,0.9173098666666666
Tianjin Xin Gang,Gwangyang (Kwangyang),4,-0.0103,0.6005,0.9060130348540663
Tianjin Xin Gang,Gwangyang (Kwangyang),5,-0.0293,0.1361,0.5811011235955056
Tianjin Xin Gang,Gwangyang (Kwangyang),6,-0.0228,0.2452,0.7124325505188421
Tianjin Xin Gang,Gwangyang (Kwangyang),7,-0.0096,0.6257,0.9144846153846155
Tianjin Xin Gang,Gwangyang (Kwangyang),8,-0.0157,0.4255,0.8299355783308932
Tianjin Xin Gang,Gwangyang (Kwangyang),9,-0.0353,0.0731,0.480722891566265
Tianjin Xin Gang,Gwangyang (Kwangyang),10,0.0234,0.2351,0.69825
Tianjin Xin Gang,Gwangyang (Kwangyang),11,0.0038,0.8473,0.9757170056252704
Tianjin Xin Gang,Gwangyang (Kwangyang),12,-0.0223,0.2573,0.72118043135192
Tianjin Xin Gang,Gwangyang (Kwangyang),13,0.0037,0.8494,0.9763102181896739
Tianjin Xin Gang,Gwangyang (Kwangyang),14,0.0037,0.8505,0.9766155838549536
Tianjin Xin Gang,Hong Kong,1,0.006,0.7613,0.950731455399061
Tianjin Xin Gang,Hong Kong,2,0.0242,0.2184,0.6857028301886792
Tianjin Xin Gang,Hong Kong,3,0.0181,0.3577,0.7939812168231931
Tianjin Xin Gang,Hong Kong,4,0.012,0.5427,0.8870475606014114
Tianjin Xin Gang,Hong Kong,5,0.018,0.3594,0.7939812168231931
Tianjin Xin Gang,Hong Kong,6,0.018,0.3602,0.7939812168231931
Tianjin Xin Gang,Hong Kong,7,0.0428,0.0296,0.33082352941176474
Tianjin Xin Gang,Hong Kong,8,0.0305,0.1204,0.5584376634699215
Tianjin Xin Gang,Hong Kong,9,0.0061,0.7553,0.9481188118811881
Tianjin Xin Gang,Hong Kong,10,0.0,0.9997,0.9997
Tianjin Xin Gang,Hong Kong,11,0.0183,0.3533,0.7933963697762769
Tianjin Xin Gang,Hong Kong,12,0.0243,0.2163,0.6854433234421364
Tianjin Xin Gang,Hong Kong,13,0.0121,0.5383,0.8869409217445099
Tianjin Xin Gang,Hong Kong,14,0.0243,0.2175,0.6856189349112426
Tianjin Xin Gang,Kaohsiung,1,-0.03,0.1265,0.5674367622259696
Tianjin Xin Gang,Kaohsiung,2,0.0427,0.0296,0.33082352941176474
Tianjin Xin Gang,Kaohsiung,3,0.0259,0.1874,0.6580646864686469
Tianjin Xin Gang,Kaohsiung,4,0.0203,0.3023,0.7614753787878789
Tianjin Xin Gang,Kaohsiung,5,-0.0077,0.6935,0.930632134774956
Tianjin Xin Gang,Kaohsiung,6,0.0034,0.862,0.9780122543841115
Tianjin Xin Gang,Kaohsiung,7,0.015,0.4447,0.840726368159204
Tianjin Xin Gang,Kaohsiung,8,0.0094,0.6332,0.9158847199564981
Tianjin Xin Gang,Kaohsiung,9,-0.0075,0.7038,0.931033043478261
Tianjin Xin Gang,Kaohsiung,10,0.0037,0.8503,0.9765967184801382
Tianjin Xin Gang,Kaohsiung,11,-0.0132,0.5039,0.8730256410256412
Tianjin Xin Gang,Kaohsiung,12,-0.0076,0.7004,0.9308338745940545
Tianjin Xin Gang,Kaohsiung,13,0.0373,0.0581,0.4439657631954351
Tianjin Xin Gang,Kaohsiung,14,-0.002,0.9182,0.986342822531799
Tianjin Xin Gang,Kobe,1,-0.0003,0.9864,0.9962927382753403
Tianjin Xin Gang,Kobe,2,0.0109,0.5777,0.8983482298316889
Tianjin Xin Gang,Kobe,3,0.0166,0.3993,0.818697996918336
Tianjin Xin Gang,Kobe,4,0.0222,0.259,0.7224381551362683
Tianjin Xin Gang,Kobe,5,0.0109,0.5811,0.8983482298316889
Tianjin Xin Gang,Kobe,6,0.0165,0.4022,0.8204214559386974
Tianjin Xin Gang,Kobe,7,0.0169,0.3905,0.8144686520376175
Tianjin Xin Gang,Kobe,8,-0.0001,0.9941,0.997675594115428
Tianjin Xin Gang,Kobe,9,-0.0058,0.7665,0.9525297827610371
Tianjin Xin Gang,Kobe,10,0.0225,0.2536,0.7202155816435432
Tianjin Xin Gang,Kobe,11,-0.0172,0.381,0.8062529832935561
Tianjin Xin Gang,Kobe,12,0.0054,0.7838,0.9541238291066941
Tianjin Xin Gang,Kobe,13,0.0337,0.0868,0.5008416485900218
Tianjin Xin Gang,Kobe,14,-0.006,0.7607,0.9504283701268201
Tianjin Xin Gang,Mizushima,1,-0.0242,0.2178,0.6856189349112426
Tianjin Xin Gang,Mizushima,2,-0.0009,0.9627,0.9908012350443843
Tianjin Xin Gang,Mizushima,3,0.0107,0.5856,0.8994939481268012
Tianjin Xin Gang,Mizushima,4,0.0282,0.1516,0.6104126984126984
Tianjin Xin Gang,Mizushima,5,-0.0243,0.2158,0.6854433234421364
Tianjin Xin Gang,Mizushima,6,-0.001,0.958,0.9908012350443843
Tianjin Xin Gang,Mizushima,7,0.0461,0.0191,0.25594962216624684
Tianjin Xin Gang,Mizushima,8,-0.0182,0.3537,0.793624630957402
Tianjin Xin Gang,Mizushima,9,-0.0241,0.2202,0.6867016317016318
Tianjin Xin Gang,Mizushima,10,-0.0066,0.7369,0.9410539956803455
Tianjin Xin Gang,Mizushima,11,-0.0242,0.2193,0.6867016317016318
Tianjin Xin Gang,Mizushima,12,-0.0184,0.3509,0.790342082980525
Tianjin Xin Gang,Mizushima,13,-0.0125,0.524,0.883855421686747
Tianjin Xin Gang,Mizushima,14,0.0284,0.15,0.6089254185692542
Tianjin Xin Gang,Nagoya,1,-0.0084,0.6679,0.9241165149544863
Tianjin Xin Gang,Nagoya,2,-0.0192,0.3278,0.7799177101967799
Tianjin Xin Gang,Nagoya,3,0.0254,0.1958,0.6668732394366197
Tianjin Xin Gang,Nagoya,4,0.0645,0.001,0.034102564102564105
Tianjin Xin Gang,Nagoya,5,0.0142,0.4705,0.8534128878281623
Tianjin Xin Gang,Nagoya,6,0.0142,0.4715,0.8544242424242424
Tianjin Xin Gang,Nagoya,7,0.009,0.6482,0.917866382752196
Tianjin Xin Gang,Nagoya,8,-0.0023,0.9088,0.9833939393939395
Tianjin Xin Gang,Nagoya,9,-0.0079,0.6886,0.9301939393939394
Tianjin Xin Gang,Nagoya,10,-0.0079,0.6875,0.9301939393939394
Tianjin Xin Gang,Nagoya,11,0.0257,0.1925,0.6644878048780487
Tianjin Xin Gang,Nagoya,12,0.0032,0.8701,0.9780122543841115
Tianjin Xin Gang,Nagoya,13,-0.0248,0.2076,0.6803743119266055
Tianjin Xin Gang,Nagoya,14,-0.008,0.683,0.930151569277877
Tianjin Xin Gang,Ningbo,1,0.085,0.0,0.0
Tianjin Xin Gang,Ningbo,2,-0.0093,0.6375,0.9164693822497976
Tianjin Xin Gang,Ningbo,3,-0.0204,0.2997,0.7596017151024298
Tianjin Xin Gang,Ningbo,4,-0.0149,0.4494,0.8439138722202613
Tianjin Xin Gang,Ningbo,5,-0.0149,0.4485,0.8439138722202613
Tianjin Xin Gang,Ningbo,6,-0.0205,0.2977,0.7578586437440307
Tianjin Xin Gang,Ningbo,7,-0.0257,0.1913,0.6637861799217731
Tianjin Xin Gang,Ningbo,8,-0.0091,0.6453,0.9173098666666666
Tianjin Xin Gang,Ningbo,9,-0.0091,0.6442,0.9173098666666666
Tianjin Xin Gang,Ningbo,10,-0.0202,0.3038,0.7629768758848514
Tianjin Xin Gang,Ningbo,11,-0.0258,0.1894,0.6610754098360655
Tianjin Xin Gang,Ningbo,12,-0.0092,0.6409,0.9166747246843943
Tianjin Xin Gang,Ningbo,13,0.0186,0.3452,0.7855064047822374
Tianjin Xin Gang,Ningbo,14,-0.0259,0.188,0.658866930171278
Tianjin Xin Gang,Port Klang,1,0.0092,0.6406,0.9166747246843943
Tianjin Xin Gang,Port Klang,2,0.0035,0.8569,0.9780122543841115
Tianjin Xin Gang,Port Klang,3,-0.0357,0.0694,0.4771546391752577
Tianjin Xin Gang,Port Klang,4,-0.0021,0.9142,0.9855205673758864
Tianjin Xin Gang,Port Klang,5,0.0039,0.8435,0.9757170056252704
Tianjin Xin Gang,Port Klang,6,0.0039,0.8447,0.9757170056252704
Tianjin Xin Gang,Port Klang,7,0.0099,0.6159,0.9119365432785973
Tianjin Xin Gang,Port Klang,8,0.0323,0.1001,0.520074074074074
Tianjin Xin Gang,Port Klang,9,0.0042,0.8318,0.9710721966205836
Tianjin Xin Gang,Port Klang,10,-0.0071,0.7181,0.9370973277764157
Tianjin Xin Gang,Port Klang,11,0.021,0.286,0.7492920962199312
Tianjin Xin Gang,Port Klang,12,0.021,0.2868,0.7492920962199312
Tianjin Xin Gang,Port Klang,13,0.0153,0.4369,0.8348542713567839
Tianjin Xin Gang,Port Klang,14,0.004,0.8381,0.9737085514834205
Tianjin Xin Gang,Qingdao,1,0.0946,0.0,0.0
Tianjin Xin Gang,Qingdao,2,0.0514,0.0089,0.16671830985915492
Tianjin Xin Gang,Qingdao,3,0.0297,0.1307,0.5718125000000001
Tianjin Xin Gang,Qingdao,4,-0.0298,0.1293,0.5707870753935378
Tianjin Xin Gang,Qingdao,5,-0.019,0.333,0.7820972043010752
Tianjin Xin Gang,Qingdao,6,-0.0028,0.8851,0.9803146067415731
Tianjin Xin Gang,Qingdao,7,0.0301,0.1262,0.5674367622259696
Tianjin Xin Gang,Qingdao,8,0.0084,0.671,0.9261711618257261
Tianjin Xin Gang,Qingdao,9,-0.0025,0.8982,0.9820615258408532
Tianjin Xin Gang,Qingdao,10,0.0033,0.8673,0.9780122543841115
Tianjin Xin Gang,Qingdao,11,-0.0293,0.136,0.5811011235955056
Tianjin Xin Gang,Qingdao,12,0.0032,0.8699,0.9780122543841115
Tianjin Xin Gang,Qingdao,13,0.0141,0.4753,0.8562803928208601
Tianjin Xin Gang,Qingdao,14,-0.0077,0.6955,0.930632134774956
Tianjin Xin Gang,Rotterdam,1,-0.0121,0.5366,0.8868865468071915
Tianjin Xin Gang,Rotterdam,2,-0.0005,0.9806,0.994445587955022
Tianjin Xin Gang,Rotterdam,3,0.0053,0.7859,0.9542742413871776
Tianjin Xin Gang,Rotterdam,4,-0.0064,0.7454,0.9445248868778282
Tianjin Xin Gang,Rotterdam,5,-0.0064,0.7443,0.9445248868778282
Tianjin Xin Gang,Rotterdam,6,0.0286,0.1452,0.5964475308641976
Tianjin Xin Gang,Rotterdam,7,0.0056,0.7749,0.9540866773675762
Tianjin Xin Gang,Rotterdam,8,0.0115,0.5603,0.8914723049434187
Tianjin Xin Gang,Rotterdam,9,0.0056,0.7772,0.9540866773675762
Tianjin Xin Gang,Rotterdam,10,-0.0003,0.9868,0.9962927382753403
Tianjin Xin Gang,Rotterdam,11,-0.0297,0.1317,0.5737254901960784
Tianjin Xin Gang,Rotterdam,12,0.0055,0.7808,0.9540866773675762
Tianjin Xin Gang,Rotterdam,13,-0.0004,0.9833,0.9956520746098211
Tianjin Xin Gang,Rotterdam,14,0.023,0.2427,0.7102112211221122
Tianjin Xin Gang,Sakai-Semboku,1,-0.0096,0.6241,0.9141325997248968
Tianjin Xin Gang,Sakai-Semboku,2,-0.0207,0.2914,0.7536451142440447
Tianjin Xin Gang,Sakai-Semboku,3,0.0022,0.9108,0.9836818181818182
Tianjin Xin Gang,Sakai-Semboku,4,0.0137,0.4873,0.8639240506329113
Tianjin Xin Gang,Sakai-Semboku,5,0.0308,0.1166,0.5504099378881988
Tianjin Xin Gang,Sakai-Semboku,6,-0.0209,0.289,0.7503562713518789
Tianjin Xin Gang,Sakai-Semboku,7,0.0025,0.8994,0.9820615258408532
Tianjin Xin Gang,Sakai-Semboku,8,-0.0206,0.2959,0.7557717026378897
Tianjin Xin Gang,Sakai-Semboku,9,-0.0263,0.1805,0.6534347826086956
Tianjin Xin Gang,Sakai-Semboku,10,-0.0034,0.8645,0.9780122543841115
Tianjin Xin Gang,Sakai-Semboku,11,-0.0322,0.1022,0.5253178743961352
Tianjin Xin Gang,Sakai-Semboku,12,-0.0149,0.4482,0.8439138722202613
Tianjin Xin Gang,Sakai-Semboku,13,0.0196,0.3202,0.7750272727272728
Tianjin Xin Gang,Sakai-Semboku,14,0.0253,0.1989,0.669203539823009
Tianjin Xin Gang,Shanghai (Pudong),1,0.0056,0.7753,0.9540866773675762
Tianjin Xin Gang,Shanghai (Pudong),2,-0.0318,0.1058,0.532
Tianjin Xin Gang,Shanghai (Pudong),3,-0.0105,0.5943,0.9027142449329147
Tianjin Xin Gang,Shanghai (Pudong),4,-0.0369,0.0607,0.447883495145631
Tianjin Xin Gang,Shanghai (Pudong),5,-0.0155,0.4305,0.8311776649746194
Tianjin Xin Gang,Shanghai (Pudong),6,-0.0262,0.1822,0.6558213802435724
Tianjin Xin Gang,Shanghai (Pudong),7,-0.0205,0.2966,0.7559597701149425
Tianjin Xin Gang,Shanghai (Pudong),8,-0.0581,0.0031,0.07967149758454106
Tianjin Xin Gang,Shanghai (Pudong),9,-0.0474,0.0159,0.23366850828729285
Tianjin Xin Gang,Shanghai (Pudong),10,-0.0206,0.2945,0.7546917148362235
Tianjin Xin Gang,Shanghai (Pudong),11,-0.0207,0.2938,0.754286265060241
Tianjin Xin Gang,Shanghai (Pudong),12,-0.0153,0.436,0.8340596907587199
Tianjin Xin Gang,Shanghai (Pudong),13,0.0222,0.2602,0.7232309299895506
Tianjin Xin Gang,Shanghai (Pudong),14,0.0168,0.3944,0.8163127187864644
Tianjin Xin Gang,Singapore,1,0.0057,0.7701,0.9527748837209302
Tianjin Xin Gang,Singapore,2,-0.0272,0.1657,0.63175
Tianjin Xin Gang,Singapore,3,-0.0009,0.9635,0.9908012350443843
Tianjin Xin Gang,Singapore,4,-0.0141,0.473,0.8553159144893112
Tianjin Xin Gang,Singapore,5,0.0254,0.1961,0.6674676903390915
Tianjin Xin Gang,Singapore,6,0.0056,0.7753,0.9540866773675762
Tianjin Xin Gang,Singapore,7,0.0258,0.1902,0.6623921568627451
Tianjin Xin Gang,Singapore,8,-0.0337,0.0864,0.500739934711643
Tianjin Xin Gang,Singapore,9,0.0125,0.5253,0.8843658227848101
Tianjin Xin Gang,Singapore,10,-0.0206,0.2961,0.7557717026378897
Tianjin Xin Gang,Singapore,11,-0.0008,0.9689,0.9924043126684635
Tianjin Xin Gang,Singapore,12,0.0058,0.7678,0.9527748837209302
Tianjin Xin Gang,Singapore,13,-0.0008,0.9668,0.9916923076923077
Tianjin Xin Gang,Singapore,14,-0.0075,0.7051,0.9316275142786193
Tianjin Xin Gang,Ulsan,1,0.0383,0.0511,0.41759139784946236
Tianjin Xin Gang,Ulsan,2,0.0241,0.2209,0.6867016317016318
Tianjin Xin Gang,Ulsan,3,0.0311,0.113,0.5425631768953069
Tianjin Xin Gang,Ulsan,4,-0.0116,0.5558,0.8905635159542445
Tianjin Xin Gang,Ulsan,5,-0.0116,0.5551,0.8905635159542445
Tianjin Xin Gang,Ulsan,6,-0.0045,0.8186,0.9670165526373868
Tianjin Xin Gang,Ulsan,7,-0.0328,0.0957,0.510655967903711
Tianjin Xin Gang,Ulsan,8,-0.0043,0.8288,0.9696978227402683
Tianjin Xin Gang,Ulsan,9,-0.0043,0.8279,0.9696978227402683
Tianjin Xin Gang,Ulsan,10,0.0385,0.0503,0.41487751937984496
Tianjin Xin Gang,Ulsan,11,-0.0186,0.3448,0.7855064047822374
Tianjin Xin Gang,Ulsan,12,0.0028,0.8875,0.980906036092097
Tianjin Xin Gang,Ulsan,13,-0.0258,0.1905,0.6623921568627451
Tianjin Xin Gang,Ulsan,14,-0.0329,0.0944,0.5084979919678715
Tianjin Xin Gang,Yokohama,1,-0.0321,0.1023,0.5253243243243243
Tianjin Xin Gang,Yokohama,2,0.0175,0.3719,0.7973580048270313
Tianjin Xin Gang,Yokohama,3,-0.0046,0.8164,0.9670165526373868
Tianjin Xin Gang,Yokohama,4,0.012,0.5428,0.8870475606014114
Tianjin Xin Gang,Yokohama,5,-0.0212,0.2812,0.7423194444444444
Tianjin Xin Gang,Yokohama,6,0.0009,0.9651,0.9908012350443843
Tianjin Xin Gang,Yokohama,7,0.0123,0.5312,0.8859442181134439
Tianjin Xin Gang,Yokohama,8,-0.0098,0.6167,0.9121056435918822
Tianjin Xin Gang,Yokohama,9,0.0123,0.5334,0.8868865468071915
Tianjin Xin Gang,Yokohama,10,0.0012,0.9531,0.9908012350443843
Tianjin Xin Gang,Yokohama,11,-0.0044,0.8228,0.9670165526373868
Tianjin Xin Gang,Yokohama,12,-0.0155,0.4308,0.8311776649746194
Tianjin Xin Gang,Yokohama,13,-0.01,0.6113,0.9104468085106383
Tianjin Xin Gang,Yokohama,14,-0.0377,0.0555,0.4406865671641791
Ulsan,Antwerp,1,-0.0003,0.9864,0.9962927382753403
Ulsan,Antwerp,2,0.029,0.1396,0.5870924901185771
Ulsan,Antwerp,3,-0.0151,0.4432,0.8398405693950177
Ulsan,Antwerp,4,0.0143,0.4673,0.8528397260273972
Ulsan,Antwerp,5,-0.0225,0.2532,0.7202155816435432
Ulsan,Antwerp,6,-0.0078,0.6919,0.9301939393939394
Ulsan,Antwerp,7,0.0069,0.7267,0.9387171643602816
Ulsan,Antwerp,8,0.0069,0.7276,0.9387400581959263
Ulsan,Antwerp,9,-0.0076,0.7009,0.9309337319382163
Ulsan,Antwerp,10,-0.0223,0.2569,0.72118043135192
Ulsan,Antwerp,11,-0.0297,0.1313,0.5734262295081968
Ulsan,Antwerp,12,0.0145,0.4624,0.8528397260273972
Ulsan,Antwerp,13,0.0222,0.2597,0.7231527196652721
Ulsan,Antwerp,14,-0.0148,0.4539,0.8475773955773955
Ulsan,Busan,1,0.087,0.0,0.0
Ulsan,Busan,2,0.0036,0.8534,0.977835020460909
Ulsan,Busan,3,-0.004,0.8399,0.9739032258064516
Ulsan,Busan,4,-0.0116,0.5561,0.8905635159542445
Ulsan,Busan,5,-0.004,0.8382,0.9737085514834205
Ulsan,Busan,6,-0.0192,0.329,0.7810263275323517
Ulsan,Busan,7,0.0035,0.8579,0.9780122543841115
Ulsan,Busan,8,-0.0117,0.5534,0.8905635159542445
Ulsan,Busan,9,-0.0268,0.1724,0.64218410041841
Ulsan,Busan,10,-0.0193,0.3271,0.7799177101967799
Ulsan,Busan,11,0.0034,0.8615,0.9780122543841115
Ulsan,Busan,12,-0.0118,0.5506,0.8905635159542445
Ulsan,Busan,13,-0.0345,0.0796,0.48579199999999995
Ulsan,Busan,14,-0.0118,0.5493,0.8905635159542445
Ulsan,Chiba,1,0.0756,0.0001,0.004470588235294118
Ulsan,Chiba,2,0.0409,0.0372,0.36719565217391303
Ulsan,Chiba,3,0.027,0.1692,0.6361441696113075
Ulsan,Chiba,4,0.0201,0.3077,0.7672262295081966
Ulsan,Chiba,5,0.0339,0.0845,0.49672928176795583
Ulsan,Chiba,6,-0.0008,0.9667,0.9916923076923077
Ulsan,Chiba,7,0.02,0.3097,0.7681971176197118
Ulsan,Chiba,8,-0.0078,0.6913,0.9301939393939394
Ulsan,Chiba,9,0.006,0.7586,0.9493653258056929
Ulsan,Chiba,10,-0.0148,0.452,0.8459978895532887
Ulsan,Chiba,11,-0.0287,0.1446,0.5958729666924865
Ulsan,Chiba,12,-0.0218,0.2683,0.7284266124936516
Ulsan,Chiba,13,-0.0218,0.2678,0.7284266124936516
Ulsan,Chiba,14,-0.001,0.9588,0.9908012350443843
Ulsan,Guangzhou (Nansha),1,0.0018,0.928,0.9874707520891364
Ulsan,Guangzhou (Nansha),2,-0.0195,0.3222,0.7762046174739701
Ulsan,Guangzhou (Nansha),3,-0.0336,0.0872,0.5009762419006479
Ulsan,Guangzhou (Nansha),4,-0.0336,0.087,0.5009090909090909
Ulsan,Guangzhou (Nansha),5,-0.0266,0.1762,0.6496077616077616
Ulsan,Guangzhou (Nansha),6,0.0091,0.6452,0.9173098666666666
Ulsan,Guangzhou (Nansha),7,0.0303,0.1236,0.5634550128534704
Ulsan,Guangzhou (Nansha),8,-0.0122,0.5336,0.8868865468071915
Ulsan,Guangzhou (Nansha),9,0.009,0.648,0.917866382752196
Ulsan,Guangzhou (Nansha),10,0.016,0.4149,0.8231541325390915
Ulsan,Guangzhou (Nansha),11,-0.0052,0.7904,0.9555938209904588
Ulsan,Guangzhou (Nansha),12,-0.0194,0.3237,0.7767631935047361
Ulsan,Guangzhou (Nansha),13,-0.0265,0.1777,0.6514360027378508
Ulsan,Guangzhou (Nansha),14,-0.0124,0.5293,0.8859414910349166
Ulsan,Gwangyang (Kwangyang),1,0.0819,0.0,0.0
Ulsan,Gwangyang (Kwangyang),2,0.0153,0.4351,0.8334028776978416
Ulsan,Gwangyang (Kwangyang),3,-0.0097,0.6233,0.9137382198952879
Ulsan,Gwangyang (Kwangyang),4,-0.0263,0.1805,0.6534347826086956
Ulsan,Gwangyang (Kwangyang),5,-0.0261,0.1849,0.6580646864686469
Ulsan,Gwangyang (Kwangyang),6,-0.0344,0.0799,0.48579199999999995
Ulsan,Gwangyang (Kwangyang),7,-0.0094,0.6328,0.9158847199564981
Ulsan,Gwangyang (Kwangyang),8,0.0244,0.214,0.6850060168471721
Ulsan,Gwangyang (Kwangyang),9,-0.0342,0.0817,0.4894639639639639
Ulsan,Gwangyang (Kwangyang),10,-0.0175,0.3738,0.7989618320610687
Ulsan,Gwangyang (Kwangyang),11,-0.0091,0.6424,0.9172216854535694
Ulsan,Gwangyang (Kwangyang),12,0.0076,0.6994,0.9308338745940545
Ulsan,Gwangyang (Kwangyang),13,-0.0176,0.3724,0.7973580048270313
Ulsan,Gwangyang (Kwangyang),14,0.0159,0.4182,0.824314190440904
Ulsan,Hong Kong,1,-0.0313,0.1112,0.5382758620689655
Ulsan,Hong Kong,2,0.0236,0.2302,0.696134090909091
Ulsan,Hong Kong,3,0.0,0.9986,0.9993513920240783
Ulsan,Hong Kong,4,-0.0078,0.6904,0.9301939393939394
Ulsan,Hong Kong,5,-0.0079,0.6897,0.9301939393939394
Ulsan,Hong Kong,6,0.0157,0.4261,0.8299355783308932
Ulsan,Hong Kong,7,0.047,0.0168,0.23961394101876674
Ulsan,Hong Kong,8,0.0391,0.0466,0.4037346278317152
Ulsan,Hong Kong,9,0.0234,0.2337,0.69825
Ulsan,Hong Kong,10,0.0077,0.6946,0.930632134774956
Ulsan,Hong Kong,11,0.0312,0.1125,0.5421104072398191
Ulsan,Hong Kong,12,0.0312,0.1128,0.5425631768953069
Ulsan,Hong Kong,13,0.0077,0.6972,0.9308338745940545
Ulsan,Hong Kong,14,0.0233,0.2362,0.6988787541713014
Ulsan,Kaohsiung,1,0.0335,0.0877,0.502221743810549
Ulsan,Kaohsiung,2,-0.0098,0.6183,0.9122525616172805
Ulsan,Kaohsiung,3,-0.0026,0.8949,0.9816653632434656
Ulsan,Kaohsiung,4,-0.0026,0.894,0.9816653632434656
Ulsan,Kaohsiung,5,-0.0243,0.2164,0.6854433234421364
Ulsan,Kaohsiung,6,-0.0027,0.8921,0.9816653632434656
Ulsan,Kaohsiung,7,-0.0099,0.6144,0.9116397099832684
Ulsan,Kaohsiung,8,0.0045,0.8188,0.9670165526373868
Ulsan,Kaohsiung,9,0.0117,0.552,0.8905635159542445
Ulsan,Kaohsiung,10,0.0261,0.1844,0.6577843268586737
Ulsan,Kaohsiung,11,0.0044,0.8217,0.9670165526373868
Ulsan,Kaohsiung,12,-0.0245,0.2139,0.6850060168471721
Ulsan,Kaohsiung,13,0.0044,0.8236,0.9670165526373868
Ulsan,Kaohsiung,14,-0.0101,0.609,0.9094425126191812
Ulsan,Kobe,1,0.0497,0.0113,0.19774999999999998
Ulsan,Kobe,2,0.0278,0.1564,0.6217923823749067
Ulsan,Kobe,3,0.0132,0.5005,0.8730256410256412
Ulsan,Kobe,4,0.0132,0.5013,0.8730256410256412
Ulsan,Kobe,5,-0.0014,0.9438,0.9908012350443843
Ulsan,Kobe,6,0.035,0.0747,0.480722891566265
Ulsan,Kobe,7,-0.016,0.4156,0.8231541325390915
Ulsan,Kobe,8,-0.0015,0.9411,0.9898481613285884
Ulsan,Kobe,9,-0.0088,0.6559,0.9186799999999999
Ulsan,Kobe,10,-0.0088,0.6551,0.9186670179135933
Ulsan,Kobe,11,-0.0161,0.4132,0.8231541325390915
Ulsan,Kobe,12,-0.0234,0.2341,0.69825
Ulsan,Kobe,13,-0.0234,0.2337,0.69825
Ulsan,Kobe,14,-0.0162,0.4114,0.8227441860465116
Ulsan,Mizushima,1,0.1455,0.0,0.0
Ulsan,Mizushima,2,0.0552,0.0049,0.10596747967479674
Ulsan,Mizushima,3,0.0176,0.3698,0.7960631067961166
Ulsan,Mizushima,4,0.0326,0.0967,0.5129052841475573
Ulsan,Mizushima,5,0.0101,0.6088,0.9094425126191812
Ulsan,Mizushima,6,0.0326,0.0973,0.5140377358490567
Ulsan,Mizushima,7,0.0025,0.8989,0.9820615258408532
Ulsan,Mizushima,8,0.0401,0.0416,0.38157241379310347
Ulsan,Mizushima,9,-0.0126,0.5225,0.8832921027592768
Ulsan,Mizushima,10,-0.0201,0.3064,0.7657802816901408
Ulsan,Mizushima,11,-0.0352,0.0738,0.480722891566265
Ulsan,Mizushima,12,-0.0277,0.1595,0.6239264705882354
Ulsan,Mizushima,13,0.0099,0.6156,0.9119365432785973
Ulsan,Mizushima,14,-0.0052,0.7927,0.9558415213946118
Ulsan,Nagoya,1,0.1692,0.0,0.0
Ulsan,Nagoya,2,0.0763,0.0001,0.004470588235294118
Ulsan,Nagoya,3,0.0331,0.0921,0.5084979919678715
Ulsan,Nagoya,4,0.0403,0.0404,0.3757482517482517
Ulsan,Nagoya,5,0.0331,0.0926,0.5084979919678715
Ulsan,Nagoya,6,0.033,0.0929,0.5084979919678715
Ulsan,Nagoya,7,-0.003,0.8787,0.9796734013747136
Ulsan,Nagoya,8,0.033,0.0935,0.5084979919678715
Ulsan,Nagoya,9,0.0114,0.5638,0.8923105294467577
Ulsan,Nagoya,10,-0.0319,0.1052,0.5304872037914692
Ulsan,Nagoya,11,-0.0391,0.0469,0.4037346278317152
Ulsan,Nagoya,12,-0.0247,0.2091,0.6803743119266055
Ulsan,Nagoya,13,-0.0103,0.5993,0.9060130348540663
Ulsan,Nagoya,14,-0.0032,0.8723,0.9784640605296342
Ulsan,Ningbo,1,-0.0109,0.5779,0.8983482298316889
Ulsan,Ningbo,2,-0.0038,0.8464,0.9757170056252704
Ulsan,Ningbo,3,-0.011,0.5764,0.8983482298316889
Ulsan,Ningbo,4,0.0033,0.8668,0.9780122543841115
Ulsan,Ningbo,5,-0.0182,0.3552,0.7939812168231931
Ulsan,Ningbo,6,-0.0039,0.8427,0.9755648389904265
Ulsan,Ningbo,7,0.0032,0.8697,0.9780122543841115
Ulsan,Ningbo,8,0.0104,0.5987,0.9053678226264924
Ulsan,Ningbo,9,0.0103,0.5996,0.9060130348540663
Ulsan,Ningbo,10,0.0389,0.0479,0.4096230031948882
Ulsan,Ningbo,11,0.0103,0.6014,0.9060860215053763
Ulsan,Ningbo,12,0.0031,0.8746,0.9784640605296342
Ulsan,Ningbo,13,-0.0327,0.097,0.5134726368159204
Ulsan,Ningbo,14,-0.0112,0.5681,0.8948561278863233
Ulsan,Port Klang,1,-0.0098,0.619,0.9122525616172805
Ulsan,Port Klang,2,-0.0026,0.8958,0.9816653632434656
Ulsan,Port Klang,3,0.0263,0.1811,0.6536309362279511
Ulsan,Port Klang,4,-0.0026,0.894,0.9816653632434656
Ulsan,Port Klang,5,-0.0168,0.3927,0.8163127187864644
Ulsan,Port Klang,6,0.0121,0.5377,0.8868865468071915
Ulsan,Port Klang,7,-0.0024,0.9038,0.9833939393939395
Ulsan,Port Klang,8,-0.0096,0.6242,0.9141325997248968
Ulsan,Port Klang,9,-0.0314,0.1108,0.5373345487693709
Ulsan,Port Klang,10,0.012,0.5411,0.8870475606014114
Ulsan,Port Klang,11,-0.0097,0.6218,0.9136138996138996
Ulsan,Port Klang,12,0.0047,0.8096,0.9659277864992151
Ulsan,Port Klang,13,-0.0315,0.1099,0.5368628884826325
Ulsan,Port Klang,14,0.0119,0.5445,0.8874816176470588
Ulsan,Qingdao,1,0.0069,0.7261,0.9387171643602816
Ulsan,Qingdao,2,-0.0141,0.4744,0.855669376693767
Ulsan,Qingdao,3,0.0138,0.4824,0.8600428954423591
Ulsan,Qingdao,4,-0.0071,0.7167,0.9370469402801672
Ulsan,Qingdao,5,-0.0002,0.9925,0.997374386097469
Ulsan,Qingdao,6,-0.0281,0.153,0.6128607975921746
Ulsan,Qingdao,7,-0.0072,0.7141,0.9356494337764648
Ulsan,Qingdao,8,-0.0142,0.4703,0.8534128878281623
Ulsan,Qingdao,9,-0.0073,0.7123,0.9349349112426035
Ulsan,Qingdao,10,-0.007,0.7225,0.9387171643602816
Ulsan,Qingdao,11,-0.007,0.7216,0.9387171643602816
Ulsan,Qingdao,12,0.0139,0.4793,0.8575682582380633
Ulsan,Qingdao,13,0.0069,0.7254,0.9387171643602816
Ulsan,Qingdao,14,0.0069,0.7264,0.9387171643602816
Ulsan,Rotterdam,1,0.003,0.8798,0.9796734013747136
Ulsan,Rotterdam,2,0.018,0.3589,0.7939812168231931
Ulsan,Rotterdam,3,0.0105,0.5944,0.9027142449329147
Ulsan,Rotterdam,4,-0.0122,0.5358,0.8868865468071915
Ulsan,Rotterdam,5,0.0255,0.1946,0.6644878048780487
Ulsan,Rotterdam,6,-0.0122,0.5344,0.8868865468071915
Ulsan,Rotterdam,7,0.0179,0.3623,0.7939812168231931
Ulsan,Rotterdam,8,0.0028,0.8862,0.9805707154742096
Ulsan,Rotterdam,9,0.0028,0.8871,0.980906036092097
Ulsan,Rotterdam,10,-0.0048,0.8086,0.9658176919622811
Ulsan,Rotterdam,11,0.0027,0.8889,0.980906036092097
Ulsan,Rotterdam,12,0.0253,0.1979,0.669203539823009
Ulsan,Rotterdam,13,-0.0124,0.5297,0.8859442181134439
Ulsan,Rotterdam,14,0.0404,0.0402,0.37454290718038524
Ulsan,Sakai-Semboku,1,0.0963,0.0,0.0
Ulsan,Sakai-Semboku,2,0.045,0.0219,0.2780620525059666
Ulsan,Sakai-Semboku,3,0.0154,0.4334,0.8331465703971119
Ulsan,Sakai-Semboku,4,0.008,0.685,0.930151569277877
Ulsan,Sakai-Semboku,5,0.0376,0.056,0.4414970414201183
Ulsan,Sakai-Semboku,6,-0.0069,0.7266,0.9387171643602816
Ulsan,Sakai-Semboku,7,-0.0217,0.2698,0.7285384615384616
Ulsan,Sakai-Semboku,8,-0.0069,0.725,0.9387171643602816
Ulsan,Sakai-Semboku,9,-0.0292,0.1384,0.5852845786963434
Ulsan,Sakai-Semboku,10,-0.0218,0.2686,0.7284266124936516
Ulsan,Sakai-Semboku,11,-0.0144,0.4647,0.8528397260273972
Ulsan,Sakai-Semboku,12,0.0078,0.6923,0.9301939393939394
Ulsan,Sakai-Semboku,13,0.0004,0.9851,0.9962927382753403
Ulsan,Sakai-Semboku,14,0.0003,0.9861,0.9962927382753403
Ulsan,Shanghai (Pudong),1,0.0119,0.5461,0.8883472944053806
Ulsan,Shanghai (Pudong),2,-0.0088,0.654,0.9183985220374768
Ulsan,Shanghai (Pudong),3,-0.0226,0.2503,0.7164838709677419
Ulsan,Shanghai (Pudong),4,0.0052,0.7907,0.9555938209904588
Ulsan,Shanghai (Pudong),5,-0.0293,0.1363,0.5812907348242812
Ulsan,Shanghai (Pudong),6,-0.0155,0.43,0.8311776649746194
Ulsan,Shanghai (Pudong),7,-0.0086,0.6602,0.9195801047120419
Ulsan,Shanghai (Pudong),8,-0.0156,0.4287,0.8308502732240438
Ulsan,Shanghai (Pudong),9,-0.0087,0.6585,0.9195801047120419
Ulsan,Shanghai (Pudong),10,0.012,0.5431,0.8870475606014114
Ulsan,Shanghai (Pudong),11,-0.0087,0.6568,0.9189852941176472
Ulsan,Shanghai (Pudong),12,-0.0157,0.4261,0.8299355783308932
Ulsan,Shanghai (Pudong),13,-0.0226,0.2512,0.7173290391841115
Ulsan,Shanghai (Pudong),14,-0.0433,0.0278,0.3201212121212121
Ulsan,Singapore,1,-0.0416,0.0343,0.3591780821917809
Ulsan,Singapore,2,-0.0161,0.4129,0.8230153615586361
Ulsan,Singapore,3,0.0094,0.6331,0.9158847199564981
Ulsan,Singapore,4,-0.0076,0.6979,0.9308338745940545
Ulsan,Singapore,5,0.0093,0.6346,0.916166078697422
Ulsan,Singapore,6,0.0263,0.1807,0.6534347826086956
Ulsan,Singapore,7,0.0093,0.6361,0.9164693822497976
Ulsan,Singapore,8,-0.0162,0.41,0.8225461393596986
Ulsan,Singapore,9,0.0178,0.3666,0.7943175895765473
Ulsan,Singapore,10,0.0177,0.3672,0.7947534580960132
Ulsan,Singapore,11,-0.0078,0.6931,0.930632134774956
Ulsan,Singapore,12,-0.0078,0.6924,0.9301939393939394
Ulsan,Singapore,13,-0.0078,0.6918,0.9301939393939394
Ulsan,Singapore,14,0.0092,0.6415,0.9166747246843943
Ulsan,Tianjin Xin Gang,1,-0.0115,0.5581,0.8910840336134456
Ulsan,Tianjin Xin Gang,2,0.0241,0.2209,0.6867016317016318
Ulsan,Tianjin Xin Gang,3,0.0311,0.113,0.5425631768953069
Ulsan,Tianjin Xin Gang,4,-0.0045,0.8204,0.9670165526373868
Ulsan,Tianjin Xin Gang,5,-0.0187,0.341,0.7820972043010752
Ulsan,Tianjin Xin Gang,6,0.0026,0.8945,0.9816653632434656
Ulsan,Tianjin Xin Gang,7,-0.0401,0.0413,0.38079029462738306
Ulsan,Tianjin Xin Gang,8,-0.0046,0.8168,0.9670165526373868
Ulsan,Tianjin Xin Gang,9,0.0168,0.394,0.8163127187864644
Ulsan,Tianjin Xin Gang,10,-0.0046,0.815,0.9670165526373868
Ulsan,Tianjin Xin Gang,11,0.0096,0.6255,0.9144846153846155
Ulsan,Tianjin Xin Gang,12,0.0099,0.6144,0.9116397099832684
Ulsan,Tianjin Xin Gang,13,0.0456,0.0206,0.26664720194647207
Ulsan,Tianjin Xin Gang,14,-0.0044,0.8233,0.9670165526373868
Ulsan,Yokohama,1,0.0739,0.0002,0.008512
Ulsan,Yokohama,2,0.0454,0.0208,0.26858252427184465
Ulsan,Yokohama,3,-0.0044,0.8213,0.9670165526373868
Ulsan,Yokohama,4,0.0098,0.6192,0.9122525616172805
Ulsan,Yokohama,5,0.0097,0.6201,0.9128201438848921
Ulsan,Yokohama,6,-0.0116,0.5544,0.8905635159542445
Ulsan,Yokohama,7,0.0026,0.8955,0.9816653632434656
Ulsan,Yokohama,8,0.0026,0.8965,0.9816653632434656
Ulsan,Yokohama,9,-0.0188,0.3389,0.7820972043010752
Ulsan,Yokohama,10,-0.0331,0.0928,0.5084979919678715
Ulsan,Yokohama,11,-0.026,0.1868,0.6580646864686469
Ulsan,Yokohama,12,-0.0118,0.5499,0.8905635159542445
Ulsan,Yokohama,13,-0.026,0.1861,0.6580646864686469
Ulsan,Yokohama,14,-0.0047,0.8113,0.9670165526373868
Yokohama,Antwerp,1,0.0522,0.0078,0.15034782608695652
Yokohama,Antwerp,2,0.018,0.3593,0.7939812168231931
Yokohama,Antwerp,3,-0.0162,0.4099,0.8225461393596986
Yokohama,Antwerp,4,-0.0162,0.409,0.8225461393596986
Yokohama,Antwerp,5,-0.0106,0.5911,0.9018216231717808
Yokohama,Antwerp,6,-0.0049,0.8034,0.9634711711711712
Yokohama,Antwerp,7,0.052,0.0081,0.1539
Yokohama,Antwerp,8,0.0235,0.2316,0.6980804532577903
Yokohama,Antwerp,9,0.0126,0.523,0.8832921027592768
Yokohama,Antwerp,10,-0.0332,0.0919,0.5084979919678715
Yokohama,Antwerp,11,-0.0332,0.0917,0.5084979919678715
Yokohama,Antwerp,12,-0.0446,0.0233,0.28561290322580646
Yokohama,Antwerp,13,-0.0043,0.8284,0.9696978227402683
Yokohama,Antwerp,14,0.0072,0.7163,0.9369845094664373
Yokohama,Busan,1,-0.0054,0.7818,0.9540866773675762
Yokohama,Busan,2,-0.0231,0.2396,0.7041435670900056
Yokohama,Busan,3,-0.0114,0.5626,0.8914723049434187
Yokohama,Busan,4,-0.0232,0.2386,0.7023694690265486
Yokohama,Busan,5,-0.0232,0.2381,0.7013798449612403
Yokohama,Busan,6,-0.0056,0.7763,0.9540866773675762
Yokohama,Busan,7,-0.035,0.075,0.480722891566265
Yokohama,Busan,8,-0.0527,0.0074,0.14473529411764707
Yokohama,Busan,9,-0.0233,0.236,0.6986755703951029
Yokohama,Busan,10,-0.0116,0.556,0.8905635159542445
Yokohama,Busan,11,0.006,0.7596,0.949625
Yokohama,Busan,12,-0.0352,0.074,0.480722891566265
Yokohama,Busan,13,0.0001,0.9966,0.998476836158192
Yokohama,Busan,14,-0.0058,0.7674,0.9525356976201586
Yokohama,Chiba,1,0.1257,0.0,0.0
Yokohama,Chiba,2,0.0503,0.0104,0.18566442953020135
Yokohama,Chiba,3,0.0341,0.0823,0.490847533632287
Yokohama,Chiba,4,-0.0143,0.4655,0.8528397260273972
Yokohama,Chiba,5,-0.0359,0.0677,0.4732772667542707
Yokohama,Chiba,6,-0.0036,0.853,0.9777978883861237
Yokohama,Chiba,7,0.0232,0.2373,0.7001863560732113
Yokohama,Chiba,8,-0.0629,0.0014,0.04407100591715976
Yokohama,Chiba,9,-0.0522,0.0079,0.15117985611510792
Yokohama,Chiba,10,-0.0361,0.0667,0.4706153846153846
Yokohama,Chiba,11,-0.02,0.3105,0.7681971176197118
Yokohama,Chiba,12,-0.0146,0.458,0.8498639693058947
Yokohama,Chiba,13,0.0069,0.7262,0.9387171643602816
Yokohama,Chiba,14,0.0122,0.534,0.8868865468071915
Yokohama,Guangzhou (Nansha),1,0.0272,0.1666,0.63175
Yokohama,Guangzhou (Nansha),2,-0.0277,0.1591,0.6232111846946284
Yokohama,Guangzhou (Nansha),3,-0.0167,0.3944,0.8163127187864644
Yokohama,Guangzhou (Nansha),4,-0.0168,0.3936,0.8163127187864644
Yokohama,Guangzhou (Nansha),5,0.0051,0.7944,0.9563720298710114
Yokohama,Guangzhou (Nansha),6,0.0,0.999,0.9995636637201429
Yokohama,Guangzhou (Nansha),7,0.0275,0.1625,0.6267661115133961
Yokohama,Guangzhou (Nansha),8,0.0384,0.0507,0.4168840803709428
Yokohama,Guangzhou (Nansha),9,-0.0221,0.2624,0.7253541017653167
Yokohama,Guangzhou (Nansha),10,-0.0331,0.0928,0.5084979919678715
Yokohama,Guangzhou (Nansha),11,-0.0111,0.572,0.8965939893930465
Yokohama,Guangzhou (Nansha),12,-0.0276,0.1602,0.6248087591240875
Yokohama,Guangzhou (Nansha),13,-0.0167,0.3968,0.818065764023211
Yokohama,Guangzhou (Nansha),14,0.0327,0.0963,0.5112934131736527
Yokohama,Gwangyang (Kwangyang),1,0.035,0.075,0.480722891566265
Yokohama,Gwangyang (Kwangyang),2,-0.0232,0.2387,0.7023694690265486
Yokohama,Gwangyang (Kwangyang),3,-0.0296,0.1315,0.5734262295081968
Yokohama,Gwangyang (Kwangyang),4,-0.0232,0.2378,0.7008842105263158
Yokohama,Gwangyang (Kwangyang),5,-0.0228,0.2457,0.712804785209353
Yokohama,Gwangyang (Kwangyang),6,-0.0164,0.4051,0.8219420289855073
Yokohama,Gwangyang (Kwangyang),7,0.016,0.4161,0.8234228337671998
Yokohama,Gwangyang (Kwangyang),8,0.0165,0.4012,0.819970802919708
Yokohama,Gwangyang (Kwangyang),9,-0.0355,0.071,0.480722891566265
Yokohama,Gwangyang (Kwangyang),10,-0.0095,0.6279,0.915680437756498
Yokohama,Gwangyang (Kwangyang),11,0.0034,0.8615,0.9780122543841115
Yokohama,Gwangyang (Kwangyang),12,-0.0551,0.0051,0.10852800000000001
Yokohama,Gwangyang (Kwangyang),13,-0.0356,0.0704,0.4795492957746479
Yokohama,Gwangyang (Kwangyang),14,-0.0161,0.4123,0.8227441860465116
Yokohama,Hong Kong,1,-0.0184,0.3501,0.7898778625954199
Yokohama,Hong Kong,2,-0.0123,0.5312,0.8859442181134439
Yokohama,Hong Kong,3,-0.0184,0.3488,0.7879473460721869
Yokohama,Hong Kong,4,0.012,0.5427,0.8870475606014114
Yokohama,Hong Kong,5,0.0241,0.2202,0.6867016317016318
Yokohama,Hong Kong,6,-0.0003,0.9897,0.9962927382753403
Yokohama,Hong Kong,7,-0.0064,0.7463,0.9446126810733793
Yokohama,Hong Kong,8,0.024,0.2221,0.686870424171993
Yokohama,Hong Kong,9,-0.0186,0.3449,0.7855064047822374
Yokohama,Hong Kong,10,-0.0247,0.2095,0.6804425531914894
Yokohama,Hong Kong,11,-0.0126,0.5234,0.8832921027592768
Yokohama,Hong Kong,12,-0.0126,0.5225,0.8832921027592768
Yokohama,Hong Kong,13,0.0056,0.7749,0.9540866773675762
Yokohama,Hong Kong,14,-0.0066,0.7389,0.9417992814371258
Yokohama,Kaohsiung,1,-0.0356,0.0698,0.4772956298200514
Yokohama,Kaohsiung,2,-0.0245,0.2133,0.6835879518072289
Yokohama,Kaohsiung,3,0.0259,0.1874,0.6580646864686469
Yokohama,Kaohsiung,4,0.0091,0.6442,0.9173098666666666
Yokohama,Kaohsiung,5,0.0034,0.8607,0.9780122543841115
Yokohama,Kaohsiung,6,-0.0134,0.4963,0.8701311367380561
Yokohama,Kaohsiung,7,-0.0302,0.1245,0.5645714285714286
Yokohama,Kaohsiung,8,-0.0246,0.2103,0.6804425531914894
Yokohama,Kaohsiung,9,-0.0415,0.035,0.3608527131782946
Yokohama,Kaohsiung,10,-0.0079,0.6879,0.9301939393939394
Yokohama,Kaohsiung,11,0.0033,0.8683,0.9780122543841115
Yokohama,Kaohsiung,12,-0.0416,0.0347,0.3594873786407767
Yokohama,Kaohsiung,13,-0.0248,0.2078,0.6803743119266055
Yokohama,Kaohsiung,14,-0.0024,0.9018,0.9828160589922164
Yokohama,Kobe,1,0.1975,0.0,0.0
Yokohama,Kobe,2,0.1297,0.0,0.0
Yokohama,Kobe,3,0.0844,0.0,0.0
Yokohama,Kobe,4,0.0335,0.0883,0.5034898177920686
Yokohama,Kobe,5,0.0052,0.7916,0.955837531200363
Yokohama,Kobe,6,0.0391,0.0467,0.4037346278317152
Yokohama,Kobe,7,0.0447,0.0229,0.28389791183294666
Yokohama,Kobe,8,-0.0345,0.0796,0.48579199999999995
Yokohama,Kobe,9,-0.0571,0.0037,0.08906787330316741
Yokohama,Kobe,10,-0.0345,0.0791,0.48579199999999995
Yokohama,Kobe,11,-0.0289,0.1417,0.5903241973375097
Yokohama,Kobe,12,-0.029,0.1413,0.5899529780564263
Yokohama,Kobe,13,0.0163,0.4089,0.8225461393596986
Yokohama,Kobe,14,0.0389,0.0484,0.4100127388535032
Yokohama,Mizushima,1,0.1332,0.0,0.0
Yokohama,Mizushima,2,0.0224,0.2541,0.7204816196057537
Yokohama,Mizushima,3,-0.0009,0.9616,0.9908012350443843
Yokohama,Mizushima,4,-0.0126,0.5202,0.8819196940726577
Yokohama,Mizushima,5,-0.0477,0.0153,0.2305835694050991
Yokohama,Mizushima,6,-0.001,0.958,0.9908012350443843
Yokohama,Mizushima,7,0.0164,0.4035,0.8215154994259473
Yokohama,Mizushima,8,-0.0303,0.124,0.5645714285714286
Yokohama,Mizushima,9,-0.0361,0.0663,0.4697446808510638
Yokohama,Mizushima,10,-0.0303,0.1234,0.5630257289879931
Yokohama,Mizushima,11,-0.0303,0.1231,0.5621390557939915
Yokohama,Mizushima,12,-0.0012,0.9508,0.9908012350443843
Yokohama,Mizushima,13,0.0104,0.5967,0.9037189189189189
Yokohama,Mizushima,14,0.0337,0.0868,0.5008416485900218
Yokohama,Nagoya,1,0.2534,0.0,0.0
Yokohama,Nagoya,2,0.1372,0.0,0.0
Yokohama,Nagoya,3,0.0645,0.001,0.034102564102564105
Yokohama,Nagoya,4,0.0142,0.4694,0.8533447215579091
Yokohama,Nagoya,5,0.0142,0.4705,0.8534128878281623
Yokohama,Nagoya,6,-0.0026,0.8949,0.9816653632434656
Yokohama,Nagoya,7,0.0421,0.0324,0.349630831643002
Yokohama,Nagoya,8,-0.0418,0.0337,0.3557222222222222
Yokohama,Nagoya,9,-0.053,0.0071,0.13989629629629632
Yokohama,Nagoya,10,-0.0195,0.3221,0.7762046174739701
Yokohama,Nagoya,11,-0.0139,0.4792,0.8575682582380633
Yokohama,Nagoya,12,-0.014,0.4783,0.8575682582380633
Yokohama,Nagoya,13,0.0084,0.6713,0.9261711618257261
Yokohama,Nagoya,14,0.0418,0.0335,0.3550199203187251
Yokohama,Ningbo,1,-0.0148,0.4521,0.8459978895532887
Yokohama,Ningbo,2,-0.0204,0.3003,0.7597111638954869
Yokohama,Ningbo,3,-0.0037,0.8489,0.9761573373676248
Yokohama,Ningbo,4,-0.0315,0.1089,0.5368628884826325
Yokohama,Ningbo,5,0.0128,0.5141,0.8794913294797689
Yokohama,Ningbo,6,-0.0149,0.4477,0.8439138722202613
Yokohama,Ningbo,7,-0.0039,0.844,0.9757170056252704
Yokohama,Ningbo,8,0.0127,0.5174,0.8802583946274384
Yokohama,Ningbo,9,-0.0095,0.6299,0.9158847199564981
Yokohama,Ningbo,10,-0.004,0.8403,0.9741547178034431
Yokohama,Ningbo,11,0.0071,0.7185,0.9370973277764157
Yokohama,Ningbo,12,-0.0207,0.2937,0.754286265060241
Yokohama,Ningbo,13,-0.0263,0.1824,0.6560973630831644
Yokohama,Ningbo,14,-0.0207,0.2924,0.754286265060241
Yokohama,Port Klang,1,0.0092,0.6406,0.9166747246843943
Yokohama,Port Klang,2,-0.0189,0.3373,0.7820972043010752
Yokohama,Port Klang,3,-0.0077,0.6957,0.930632134774956
Yokohama,Port Klang,4,-0.0077,0.6946,0.930632134774956
Yokohama,Port Klang,5,0.0319,0.1041,0.5294666666666666
Yokohama,Port Klang,6,-0.0018,0.9286,0.9874707520891364
Yokohama,Port Klang,7,0.0038,0.846,0.9757170056252704
Yokohama,Port Klang,8,0.0094,0.6327,0.9158847199564981
Yokohama,Port Klang,9,-0.0243,0.2166,0.6854433234421364
Yokohama,Port Klang,10,-0.0243,0.2161,0.6854433234421364
Yokohama,Port Klang,11,-0.0244,0.2156,0.6854433234421364
Yokohama,Port Klang,12,-0.0132,0.5033,0.8730256410256412
Yokohama,Port Klang,13,-0.0188,0.3391,0.7820972043010752
Yokohama,Port Klang,14,-0.0189,0.3384,0.7820972043010752
Yokohama,Qingdao,1,-0.0189,0.336,0.7820972043010752
Yokohama,Qingdao,2,-0.046,0.0193,0.25669000000000003
Yokohama,Qingdao,3,-0.0352,0.0733,0.480722891566265
Yokohama,Qingdao,4,-0.0406,0.0387,0.37096216216216216
Yokohama,Qingdao,5,0.008,0.6839,0.930151569277877
Yokohama,Qingdao,6,0.008,0.6851,0.930151569277877
Yokohama,Qingdao,7,-0.0083,0.6737,0.9267450980392158
Yokohama,Qingdao,8,0.0187,0.3412,0.7820972043010752
Yokohama,Qingdao,9,-0.0192,0.3301,0.781893143365984
Yokohama,Qingdao,10,0.0245,0.2125,0.6818455971049457
Yokohama,Qingdao,11,0.0137,0.4877,0.863990675990676
Yokohama,Qingdao,12,-0.0189,0.3372,0.7820972043010752
Yokohama,Qingdao,13,-0.0081,0.6813,0.930151569277877
Yokohama,Qingdao,14,0.0136,0.491,0.866374792703151
Yokohama,Rotterdam,1,0.0873,0.0,0.0
Yokohama,Rotterdam,2,0.0112,0.5682,0.8948561278863233
Yokohama,Rotterdam,3,-0.0005,0.9794,0.9942777565814575
Yokohama,Rotterdam,4,-0.0064,0.7454,0.9445248868778282
Yokohama,Rotterdam,5,-0.0064,0.7443,0.9445248868778282
Yokohama,Rotterdam,6,0.0228,0.2464,0.712804785209353
Yokohama,Rotterdam,7,0.0579,0.0032,0.08106666666666668
Yokohama,Rotterdam,8,0.0227,0.2478,0.7151710739341608
Yokohama,Rotterdam,9,-0.0358,0.069,0.4767272727272727
Yokohama,Rotterdam,10,-0.0358,0.0688,0.4767272727272727
Yokohama,Rotterdam,11,-0.0358,0.0686,0.47643864229765004
Yokohama,Rotterdam,12,-0.03,0.1273,0.5684140233722872
Yokohama,Rotterdam,13,0.0109,0.5802,0.8983482298316889
Yokohama,Rotterdam,14,-0.0242,0.2186,0.6857028301886792
Yokohama,Sakai-Semboku,1,0.1392,0.0,0.0
Yokohama,Sakai-Semboku,2,0.0711,0.0003,0.012372093023255813
Yokohama,Sakai-Semboku,3,0.0309,0.1158,0.5495280498664292
Yokohama,Sakai-Semboku,4,0.0079,0.6873,0.9301939393939394
Yokohama,Sakai-Semboku,5,-0.0266,0.1767,0.6500995850622406
Yokohama,Sakai-Semboku,6,0.0251,0.2022,0.6744225705329153
Yokohama,Sakai-Semboku,7,0.0078,0.6908,0.9301939393939394
Yokohama,Sakai-Semboku,8,-0.0554,0.0049,0.10596747967479674
Yokohama,Sakai-Semboku,9,-0.0554,0.0048,0.10596747967479674
Yokohama,Sakai-Semboku,10,-0.021,0.2865,0.7492920962199312
Yokohama,Sakai-Semboku,11,-0.0382,0.052,0.42106544901065446
Yokohama,Sakai-Semboku,12,-0.0096,0.6275,0.9153550863723608
Yokohama,Sakai-Semboku,13,0.0019,0.9231,0.9874707520891364
Yokohama,Sakai-Semboku,14,0.0421,0.0326,0.3503676767676767
Yokohama,Shanghai (Pudong),1,0.0109,0.5775,0.8983482298316889
Yokohama,Shanghai (Pudong),2,0.0002,0.9903,0.9962927382753403
Yokohama,Shanghai (Pudong),3,0.0055,0.778,0.9540866773675762
Yokohama,Shanghai (Pudong),4,0.0113,0.5663,0.8937158113319491
Yokohama,Shanghai (Pudong),5,0.0166,0.3988,0.818697996918336
Yokohama,Shanghai (Pudong),6,0.0059,0.7657,0.9524255319148937
Yokohama,Shanghai (Pudong),7,0.0165,0.4008,0.819970802919708
Yokohama,Shanghai (Pudong),8,0.0165,0.4018,0.8201411584196394
Yokohama,Shanghai (Pudong),9,-0.0263,0.1808,0.6534347826086956
Yokohama,Shanghai (Pudong),10,-0.0103,0.6001,0.9060130348540663
Yokohama,Shanghai (Pudong),11,-0.005,0.7994,0.9602185594942425
Yokohama,Shanghai (Pudong),12,0.011,0.5759,0.8983482298316889
Yokohama,Shanghai (Pudong),13,0.0056,0.7749,0.9540866773675762
Yokohama,Shanghai (Pudong),14,-0.0051,0.7956,0.9569504860954103
Yokohama,Singapore,1,0.0453,0.0211,0.2711400966183575
Yokohama,Singapore,2,0.0255,0.1946,0.6644878048780487
Yokohama,Singapore,3,-0.0141,0.4737,0.8553159144893112
Yokohama,Singapore,4,0.0123,0.533,0.8868865468071915
Yokohama,Singapore,5,-0.001,0.9614,0.9908012350443843
Yokohama,Singapore,6,-0.0208,0.2913,0.7536451142440447
Yokohama,Singapore,7,-0.001,0.9593,0.9908012350443843
Yokohama,Singapore,8,0.0122,0.5367,0.8868865468071915
Yokohama,Singapore,9,-0.0208,0.2897,0.7518068292682928
Yokohama,Singapore,10,0.0055,0.7795,0.9540866773675762
Yokohama,Singapore,11,-0.0143,0.4678,0.8528397260273972
Yokohama,Singapore,12,0.0055,0.7816,0.9540866773675762
Yokohama,Singapore,13,-0.0078,0.6938,0.930632134774956
Yokohama,Singapore,14,0.012,0.5424,0.8870475606014114
Yokohama,Tianjin Xin Gang,1,0.0341,0.0822,0.490847533632287
Yokohama,Tianjin Xin Gang,2,-0.0101,0.609,0.9094425126191812
Yokohama,Tianjin Xin Gang,3,-0.0101,0.608,0.9094425126191812
Yokohama,Tianjin Xin Gang,4,-0.0046,0.8152,0.9670165526373868
Yokohama,Tianjin Xin Gang,5,0.0009,0.9638,0.9908012350443843
Yokohama,Tianjin Xin Gang,6,0.0119,0.545,0.8875888650963598
Yokohama,Tianjin Xin Gang,7,0.0119,0.5462,0.8883472944053806
Yokohama,Tianjin Xin Gang,8,-0.0102,0.6026,0.9065207803223071
Yokohama,Tianjin Xin Gang,9,-0.0103,0.6016,0.9060860215053763
Yokohama,Tianjin Xin Gang,10,0.0063,0.7506,0.9457077906701397
Yokohama,Tianjin Xin Gang,11,0.0007,0.9715,0.9929644572526417
Yokohama,Tianjin Xin Gang,12,-0.01,0.6124,0.9106413407821229
Yokohama,Tianjin Xin Gang,13,0.0011,0.957,0.9908012350443843
Yokohama,Tianjin Xin Gang,14,0.0121,0.539,0.8869409217445099
Yokohama,Ulsan,1,-0.0044,0.8232,0.9670165526373868
Yokohama,Ulsan,2,0.0027,0.8907,0.9811710144927536
Yokohama,Ulsan,3,-0.0258,0.1894,0.6610754098360655
Yokohama,Ulsan,4,-0.0116,0.5558,0.8905635159542445
Yokohama,Ulsan,5,-0.0045,0.8195,0.9670165526373868
Yokohama,Ulsan,6,0.024,0.2231,0.6871666666666666
Yokohama,Ulsan,7,0.0097,0.6219,0.9136138996138996
Yokohama,Ulsan,8,0.0026,0.8965,0.9816653632434656
Yokohama,Ulsan,9,0.0239,0.2247,0.6878414704192992
Yokohama,Ulsan,10,0.0096,0.6246,0.9141325997248968
Yokohama,Ulsan,11,-0.026,0.1868,0.6580646864686469
Yokohama,Ulsan,12,-0.0474,0.0161,0.2353076923076923
Yokohama,Ulsan,13,0.0024,0.9014,0.9826737704918033
Yokohama,Ulsan,14,0.0095,0.6283,0.915680437756498
