date,Antwerp,Busan,Chiba,Guangzhou (Nansha),Gwangyang (Kwangyang),Hong Kong,Kaohsiung,Kobe,Mizushima,Nagoya,Ningbo,Port Klang,Qingdao,Rotterdam,Sakai-Semboku,Shanghai (Pudong),Singapore,Tianjin Xin Gang,Ulsan,Yokohama
2019-01-01,49,59,18,19,5,54,34,13,8,18,48,32,23,81,18,107,134,33,39,17
2019-01-02,68,53,32,23,4,50,47,16,20,15,44,19,25,77,14,101,116,37,34,21
2019-01-03,75,51,31,25,4,61,42,10,28,40,53,33,33,98,21,109,116,27,42,18
2019-01-04,55,51,38,34,7,57,53,23,36,34,46,28,30,89,25,65,102,30,31,23
2019-01-05,59,52,29,22,2,53,43,19,31,34,51,12,38,92,31,145,127,26,38,36
2019-01-06,57,61,35,19,3,50,34,19,26,37,50,15,27,78,30,110,118,31,44,38
2019-01-07,71,68,52,29,3,59,44,28,45,48,53,43,39,107,30,126,153,26,57,46
2019-01-08,57,58,30,30,1,47,34,24,42,47,55,34,23,95,29,115,123,33,47,34
2019-01-09,47,58,33,25,9,49,37,26,36,51,56,34,29,99,37,103,117,29,40,40
2019-01-10,101,49,47,21,8,49,46,29,46,56,49,31,17,103,24,108,127,30,38,44
2019-01-11,65,63,45,24,5,54,47,29,33,57,49,36,34,108,37,130,117,29,44,40
2019-01-12,65,62,38,29,6,49,33,21,39,51,50,28,33,91,22,115,124,4,51,35
2019-01-13,54,67,30,18,5,57,41,24,33,38,59,34,22,84,22,115,108,34,42,33
2019-01-14,76,64,43,32,4,67,47,33,49,47,55,30,27,108,35,130,162,26,59,46
2019-01-15,47,46,33,15,3,60,45,28,42,44,50,33,29,89,18,113,125,29,26,41
2019-01-16,81,53,46,27,6,47,40,38,36,57,49,31,27,104,35,118,124,36,50,43
2019-01-17,59,49,28,18,2,48,46,36,40,61,55,12,35,99,36,112,117,23,37,42
2019-01-18,87,61,36,25,5,46,41,27,41,45,50,14,32,104,31,106,116,51,49,53
2019-01-19,72,64,45,24,7,55,38,25,30,52,47,16,34,85,19,103,107,29,48,34
2019-01-20,67,61,39,18,5,52,41,31,35,43,46,14,24,99,43,109,119,29,51,39
2019-01-21,59,49,47,28,1,67,39,30,41,47,47,12,25,115,29,118,145,26,41,51
2019-01-22,76,58,46,27,4,60,41,29,42,50,49,42,28,89,34,127,128,39,38,35
2019-01-23,80,61,38,26,6,41,45,32,35,53,60,41,35,108,29,107,134,33,35,40
2019-01-24,68,59,32,22,5,49,47,29,36,63,60,27,27,96,38,74,96,26,45,45
2019-01-25,62,48,48,20,13,54,48,35,40,55,50,26,32,108,32,141,111,34,37,53
2019-01-26,73,52,33,17,3,48,46,26,30,53,53,27,30,90,19,107,105,23,37,47
2019-01-27,47,70,34,24,5,47,39,25,29,53,43,40,27,77,30,118,111,28,50,38
2019-01-28,54,77,38,28,9,61,42,30,33,40,48,26,28,97,35,119,139,44,56,47
2019-01-29,71,57,36,22,9,56,45,27,10,48,52,36,18,104,27,94,129,35,52,44
2019-01-30,81,63,56,25,9,37,37,26,21,53,48,35,33,104,27,85,123,31,44,53
2019-01-31,62,53,30,18,8,49,47,33,16,54,36,18,28,118,27,91,118,28,38,45
2019-02-01,77,62,39,22,5,44,49,32,31,40,66,18,34,122,28,141,121,27,43,47
2019-02-02,51,55,39,22,8,44,29,18,17,53,68,12,26,85,26,117,110,26,37,21
2019-02-03,48,57,23,22,6,41,10,31,15,49,47,3,27,92,28,108,105,23,28,33
2019-02-04,60,47,58,14,4,39,8,31,37,45,43,20,25,95,34,68,150,11,40,47
2019-02-05,70,42,41,17,2,47,13,21,30,63,35,10,24,104,30,91,127,18,33,43
2019-02-06,73,61,34,18,4,31,64,34,19,48,41,9,14,95,34,93,120,25,48,42
2019-02-07,56,58,44,24,2,42,35,26,14,55,26,9,14,110,40,64,126,15,35,45
2019-02-08,69,61,41,12,6,53,41,32,20,57,52,19,19,104,32,91,131,19,41,46
2019-02-09,60,43,35,17,3,40,33,32,17,48,41,13,22,97,28,83,103,20,31,36
2019-02-10,71,66,36,12,9,34,20,32,21,40,45,17,17,77,25,82,103,21,46,25
2019-02-11,67,50,48,23,2,44,41,32,50,50,43,31,20,110,31,92,150,16,47,44
2019-02-12,63,58,39,22,3,37,32,12,21,46,41,22,29,110,31,98,140,25,40,44
2019-02-13,78,60,43,23,5,44,41,38,24,62,37,30,17,111,34,93,104,25,54,41
2019-02-14,62,53,36,19,6,40,43,29,41,63,28,33,18,98,35,89,128,24,48,46
2019-02-15,71,57,34,13,8,42,38,31,21,52,37,32,29,102,23,83,114,29,43,47
2019-02-16,79,49,42,19,15,47,34,16,28,24,40,27,35,110,25,123,117,26,48,33
2019-02-17,64,53,44,10,59,37,29,32,24,62,31,36,22,87,24,98,114,20,41,29
2019-02-18,64,54,55,23,6,49,34,34,47,55,38,31,20,108,37,106,146,31,49,48
2019-02-19,65,65,28,21,3,50,38,28,32,47,35,27,25,92,27,110,121,33,43,46
2019-02-20,79,65,35,21,9,43,39,33,36,51,50,32,25,109,28,114,128,30,43,33
2019-02-21,56,38,39,20,6,63,39,29,40,64,39,20,36,108,34,110,133,31,36,48
2019-02-22,72,55,42,25,9,43,44,35,51,59,45,30,34,94,25,109,114,34,45,42
2019-02-23,61,63,32,21,7,50,38,29,30,34,46,24,26,94,27,128,103,32,45,28
2019-02-24,49,56,37,15,4,52,37,35,36,59,45,25,29,98,40,94,128,27,47,42
2019-02-25,81,57,46,21,3,55,32,31,44,49,44,17,30,112,43,77,146,34,42,47
2019-02-26,77,59,47,21,11,53,53,25,41,72,50,25,28,108,26,155,106,28,45,60
2019-02-27,78,61,35,23,4,57,35,34,55,46,53,42,26,103,38,103,115,29,34,41
2019-02-28,63,52,39,28,8,40,38,34,36,57,36,27,29,101,33,102,132,39,41,52
2019-03-01,69,52,38,24,3,57,35,28,35,57,61,31,32,111,32,110,103,32,39,34
2019-03-02,62,49,38,26,5,41,41,19,23,42,41,19,35,80,27,117,113,26,38,35
2019-03-03,63,63,36,15,6,46,47,30,30,41,44,33,29,86,36,105,118,25,46,32
2019-03-04,72,53,31,31,6,62,47,28,36,42,45,33,21,105,24,110,157,27,42,45
2019-03-05,63,64,42,30,4,54,34,28,44,52,36,34,27,98,38,78,139,25,48,42
2019-03-06,60,67,30,18,5,46,47,28,35,60,49,35,30,106,22,121,107,29,33,39
2019-03-07,68,59,43,26,5,51,36,33,30,55,57,31,31,108,25,134,122,34,39,47
2019-03-08,74,55,53,19,43,53,38,30,34,43,46,34,30,107,24,107,114,36,35,55
2019-03-09,71,52,31,22,45,48,26,20,33,51,43,25,36,90,25,40,97,38,37,36
2019-03-10,44,54,20,10,36,51,44,24,20,43,38,27,26,69,27,141,110,28,25,40
2019-03-11,56,68,44,30,47,47,21,31,28,30,62,41,28,90,24,113,155,30,48,37
2019-03-12,79,50,41,24,40,60,7,29,38,50,58,28,26,91,30,125,120,27,44,40
2019-03-13,64,58,36,30,41,54,79,31,37,48,57,25,22,88,35,110,127,28,43,52
2019-03-14,67,61,53,31,35,52,47,30,30,68,47,31,35,110,21,119,120,35,46,54
2019-03-15,68,59,51,24,37,53,47,33,30,57,56,39,31,107,32,118,122,45,38,41
2019-03-16,63,50,31,24,37,42,41,19,28,47,59,27,26,77,26,103,107,32,52,33
2019-03-17,64,71,36,19,35,53,33,31,37,46,44,33,29,79,28,121,121,30,42,38
2019-03-18,75,71,40,31,64,53,38,30,42,50,57,40,31,103,32,131,141,29,47,46
2019-03-19,64,49,42,27,30,49,45,24,33,56,51,28,34,106,27,109,112,25,39,46
2019-03-20,62,44,31,26,0,49,38,43,45,52,27,34,21,98,30,91,113,30,30,42
2019-03-21,70,56,38,39,4,62,46,19,33,50,63,30,22,103,24,128,106,21,39,42
2019-03-22,75,61,42,23,5,44,48,31,39,58,55,37,31,101,43,97,122,40,49,49
2019-03-23,73,56,26,23,9,41,24,16,29,42,51,27,37,102,30,121,110,27,36,36
2019-03-24,75,65,40,19,5,55,41,36,40,54,47,24,26,83,29,107,136,29,49,42
2019-03-25,70,63,50,26,4,58,47,45,48,54,60,37,37,106,45,136,130,39,32,50
2019-03-26,76,58,44,29,6,44,33,27,40,58,42,28,28,112,35,124,124,37,31,46
2019-03-27,80,63,35,20,7,50,40,41,45,49,57,37,30,104,30,117,111,31,35,60
2019-03-28,65,57,44,35,1,45,48,33,39,56,61,25,30,105,16,118,121,30,47,57
2019-03-29,71,49,46,22,5,62,43,28,35,56,51,39,34,102,35,98,123,34,40,45
2019-03-30,61,54,35,28,3,47,30,26,38,44,52,33,22,97,20,96,98,26,40,39
2019-03-31,75,59,36,17,7,47,41,22,38,41,58,34,31,87,24,97,118,25,45,30
2019-04-01,65,61,43,28,5,53,44,33,42,49,51,39,31,109,32,98,154,39,40,46
2019-04-02,79,53,33,26,7,52,52,27,37,49,53,31,32,107,31,116,121,33,37,46
2019-04-03,70,58,25,29,7,63,41,38,42,46,60,24,26,109,27,117,120,31,33,49
2019-04-04,69,49,32,20,4,46,46,30,44,56,49,15,22,111,35,106,130,35,37,56
2019-04-05,68,59,41,25,11,50,40,26,42,49,53,56,36,105,21,133,117,39,54,41
2019-04-06,64,62,44,19,7,59,29,21,27,41,49,22,46,95,18,112,115,33,42,36
2019-04-07,56,50,18,20,7,43,37,30,28,56,54,10,3,88,32,98,112,24,46,37
2019-04-08,80,60,37,16,4,63,42,36,44,58,14,49,34,106,38,65,154,32,32,41
2019-04-09,65,41,39,30,5,50,39,28,35,58,26,22,21,104,34,107,107,31,21,45
2019-04-10,69,68,29,18,7,46,43,35,37,38,60,11,36,100,24,104,146,30,42,44
2019-04-11,67,68,32,23,8,53,44,30,27,63,59,10,33,128,25,114,132,24,57,47
2019-04-12,63,50,31,28,7,48,55,36,45,58,70,51,25,100,21,126,117,39,43,46
2019-04-13,69,72,33,24,6,44,38,20,37,42,58,22,36,90,19,108,107,27,38,29
2019-04-14,49,57,30,28,7,46,38,17,28,39,48,31,37,104,25,103,127,26,30,20
2019-04-15,77,58,42,31,3,66,40,25,56,48,57,40,22,99,40,106,145,32,49,41
2019-04-16,75,54,45,25,3,52,41,30,45,54,54,33,21,95,28,105,127,30,48,47
2019-04-17,62,58,46,26,3,47,41,33,43,54,41,36,28,93,31,139,118,34,40,54
2019-04-18,78,52,35,29,7,49,49,35,42,64,53,29,31,98,37,117,111,22,29,63
2019-04-19,60,57,49,29,7,52,38,33,47,59,55,21,35,102,25,96,108,38,54,42
2019-04-20,62,67,39,20,7,48,40,30,32,48,47,33,33,84,24,136,121,35,50,31
2019-04-21,48,52,32,14,2,45,37,29,33,53,28,33,9,88,36,107,97,30,35,32
2019-04-22,67,55,45,39,3,45,45,37,40,44,1,33,1,85,31,108,147,34,46,53
2019-04-23,58,56,35,23,5,65,46,35,41,57,52,27,23,104,27,60,138,19,50,47
2019-04-24,79,55,44,25,3,32,40,35,43,46,53,18,27,84,30,108,121,36,38,54
2019-04-25,64,67,31,29,6,50,44,35,47,61,43,9,17,98,33,146,108,31,40,53
2019-04-26,69,58,32,21,7,47,32,24,27,61,71,12,30,101,27,108,113,42,35,48
2019-04-27,65,70,31,26,8,45,46,31,31,37,59,14,36,101,23,126,128,35,61,33
2019-04-28,68,65,30,16,5,57,42,25,25,36,57,16,29,96,29,105,102,29,37,20
2019-04-29,67,58,36,20,4,46,39,20,23,35,55,20,22,100,24,114,146,37,47,38
2019-04-30,16,16,16,5,8,14,6,7,10,11,10,13,3,21,11,41,76,8,14,23
2019-05-01,103,74,15,20,4,51,51,17,27,45,12,14,5,163,11,77,145,28,56,24
2019-05-02,77,58,34,37,5,53,51,14,21,37,66,41,55,104,13,154,134,49,45,34
2019-05-03,65,56,22,22,13,48,41,16,26,25,59,38,29,94,19,113,110,37,45,18
2019-05-04,49,51,18,20,5,57,39,10,29,28,64,28,25,96,18,103,122,38,43,15
2019-05-05,64,60,26,22,4,52,40,12,24,23,49,38,28,90,17,113,120,24,37,28
2019-05-06,70,56,34,28,5,50,42,27,37,48,60,32,32,102,29,122,146,33,37,31
2019-05-07,64,52,43,24,5,58,33,20,40,41,58,35,28,98,26,112,121,28,51,35
2019-05-08,72,64,45,24,6,52,39,23,41,48,54,30,28,96,36,122,131,43,53,34
2019-05-09,81,54,41,26,8,57,42,25,32,47,51,25,22,103,35,111,108,15,36,50
2019-05-10,62,64,39,30,4,48,43,25,48,54,59,35,37,100,32,118,142,36,58,48
2019-05-11,58,58,29,22,8,45,34,25,38,39,53,28,23,94,22,129,107,33,49,38
2019-05-12,53,54,31,19,8,51,39,30,35,48,52,36,26,98,33,96,115,26,40,37
2019-05-13,71,61,47,30,5,69,40,28,51,57,58,39,23,104,37,99,139,39,50,55
2019-05-14,77,53,43,38,5,48,42,33,40,51,43,37,15,103,36,108,131,28,44,53
2019-05-15,86,59,33,27,5,51,39,44,30,49,55,33,31,92,32,95,121,37,41,36
2019-05-16,89,45,39,27,5,51,43,25,42,46,40,20,30,104,33,72,127,25,49,49
2019-05-17,69,61,30,35,10,49,44,28,46,64,7,39,31,106,26,12,134,36,29,48
2019-05-18,67,51,27,21,7,43,32,21,33,38,58,29,39,80,21,196,107,31,51,34
2019-05-19,63,62,23,15,7,51,37,23,22,22,49,33,19,79,25,113,103,11,13,34
2019-05-20,87,55,22,28,5,42,43,24,27,26,62,32,27,106,22,105,147,42,69,26
2019-05-21,67,43,21,31,5,57,31,33,27,31,55,24,30,89,17,142,123,40,46,25
2019-05-22,70,53,45,30,5,45,45,25,28,65,51,41,27,102,25,125,139,33,53,62
2019-05-23,77,54,43,27,7,54,45,30,21,72,47,23,30,107,28,126,124,30,35,63
2019-05-24,71,57,43,28,10,51,54,27,17,55,59,34,26,108,30,126,109,44,46,56
2019-05-25,57,56,38,18,6,47,37,24,18,60,40,24,26,81,25,103,114,39,54,34
2019-05-26,66,64,31,17,6,41,41,24,19,48,45,29,13,82,30,87,116,30,48,36
2019-05-27,64,49,32,34,6,61,36,31,21,57,70,33,27,111,27,119,160,31,26,48
2019-05-28,70,52,32,38,5,60,48,36,12,40,54,9,38,88,28,137,135,27,37,38
2019-05-29,79,58,54,22,8,48,38,38,60,59,50,64,37,108,35,97,113,32,38,53
2019-05-30,58,66,48,25,7,43,45,32,32,57,46,29,32,103,37,102,117,42,44,50
2019-05-31,60,58,39,23,9,51,44,33,44,57,56,33,18,86,29,118,112,35,47,35
2019-06-01,59,61,35,29,5,45,40,30,35,36,52,30,41,82,30,130,127,40,41,43
2019-06-02,70,62,34,21,7,44,39,34,26,51,44,31,26,77,38,118,118,23,44,38
2019-06-03,66,53,46,29,5,55,54,35,38,54,58,29,27,98,34,131,145,30,56,42
2019-06-04,61,46,32,23,5,55,39,28,30,59,49,13,28,75,26,119,131,38,44,38
2019-06-05,72,48,43,30,4,50,37,36,29,55,65,9,4,107,38,98,129,34,36,47
2019-06-06,56,53,35,27,4,56,43,26,36,58,36,11,34,99,24,81,126,23,38,56
2019-06-07,90,59,39,25,5,48,48,25,30,46,63,14,43,98,24,133,109,43,32,49
2019-06-08,58,59,18,20,8,52,38,20,27,35,44,10,28,69,15,119,131,23,53,28
2019-06-09,75,67,30,16,5,49,33,37,28,57,65,9,38,78,30,115,118,27,39,35
2019-06-10,78,63,50,26,5,54,40,37,37,57,54,20,38,98,38,123,151,42,46,38
2019-06-11,73,50,37,28,7,50,33,28,30,43,56,42,27,81,24,133,123,36,47,49
2019-06-12,82,56,28,25,2,53,37,29,30,50,53,34,25,107,31,116,139,30,44,45
2019-06-13,64,57,42,20,2,48,43,33,30,45,52,34,27,120,29,126,106,31,41,53
2019-06-14,59,52,34,38,10,47,49,23,28,53,50,26,36,111,33,117,120,39,41,51
2019-06-15,78,61,14,24,4,49,38,14,23,22,52,14,31,73,18,105,109,33,58,26
2019-06-16,58,71,16,23,3,43,36,28,30,39,47,14,26,85,30,109,120,22,24,31
2019-06-17,74,58,52,32,1,58,38,33,39,64,52,49,27,94,37,122,140,29,54,51
2019-06-18,61,53,37,24,10,55,37,30,44,54,52,8,33,95,34,112,126,32,43,53
2019-06-19,74,65,53,29,4,52,50,37,32,54,52,15,19,104,33,118,110,32,40,56
2019-06-20,73,51,33,25,8,43,38,27,40,59,48,34,31,108,23,119,128,36,45,41
2019-06-21,61,59,34,27,7,49,53,23,39,62,62,37,24,91,30,110,131,40,45,46
2019-06-22,57,68,24,22,6,51,39,22,36,43,48,30,38,93,26,114,116,37,42,39
2019-06-23,74,60,33,14,6,50,40,39,29,38,53,37,30,81,33,112,115,28,43,33
2019-06-24,66,54,40,41,8,71,38,29,39,54,61,34,26,107,34,121,152,31,37,56
2019-06-25,66,42,43,33,5,50,37,24,34,57,48,31,27,93,23,119,138,28,47,49
2019-06-26,75,62,37,21,3,47,44,44,37,49,37,36,29,100,30,115,118,40,44,55
2019-06-27,72,54,34,28,8,47,53,31,35,52,65,27,31,99,20,107,117,25,40,57
2019-06-28,69,59,28,29,13,52,49,30,30,41,59,35,25,106,21,88,112,38,37,35
2019-06-29,57,55,41,23,10,41,36,24,34,63,52,33,33,93,25,122,115,31,39,36
2019-06-30,66,62,23,16,3,43,38,23,31,25,44,37,32,91,26,103,116,34,38,36
2019-07-01,77,60,51,27,4,57,39,35,44,39,52,30,28,103,35,114,157,20,38,62
2019-07-02,59,48,37,26,4,57,40,29,40,68,61,30,34,91,21,124,125,38,41,37
2019-07-03,72,60,37,27,2,54,38,39,42,56,62,39,29,100,28,118,129,28,29,39
2019-07-04,68,52,32,29,11,42,39,30,37,39,53,26,30,92,31,115,112,31,53,51
2019-07-05,59,60,50,32,9,53,50,29,40,54,51,34,35,109,29,124,121,39,38,46
2019-07-06,60,55,21,24,13,48,40,17,37,40,54,9,28,84,20,115,104,30,41,32
2019-07-07,50,63,28,17,6,45,40,31,39,50,55,11,28,62,32,126,127,30,33,42
2019-07-08,65,49,52,33,1,75,50,34,48,52,62,51,25,133,38,116,140,34,36,41
2019-07-09,76,45,49,25,2,57,32,26,36,50,51,34,29,102,33,114,129,34,43,47
2019-07-10,80,57,31,23,7,54,36,33,50,57,47,33,27,104,28,122,135,33,37,44
2019-07-11,53,60,41,26,5,46,49,26,27,52,58,30,35,97,28,125,127,37,37,59
2019-07-12,73,61,37,31,8,51,45,26,42,56,55,37,29,100,25,107,118,40,48,38
2019-07-13,59,60,32,24,6,40,38,28,36,45,46,28,31,84,21,101,103,37,36,33
2019-07-14,60,69,32,16,6,44,32,19,28,38,44,35,30,104,23,119,116,28,36,30
2019-07-15,65,58,42,28,6,58,49,31,40,47,54,31,26,102,35,120,155,31,48,54
2019-07-16,68,59,41,30,7,51,41,27,46,56,48,31,32,92,35,94,119,29,35,48
2019-07-17,71,52,45,26,4,45,36,45,41,52,67,35,29,111,32,124,120,36,38,52
2019-07-18,72,61,33,37,4,54,32,26,52,51,43,29,30,103,22,98,122,29,34,46
2019-07-19,64,20,44,30,0,45,49,25,28,67,37,30,28,101,28,84,108,39,3,49
2019-07-20,62,12,25,23,1,43,30,19,27,38,51,29,34,92,27,135,116,33,0,32
2019-07-21,58,113,33,17,11,39,31,24,27,32,43,40,26,86,21,109,115,27,99,31
2019-07-22,66,89,37,26,5,55,38,31,46,48,66,35,27,93,37,124,138,20,89,48
2019-07-23,75,63,33,26,4,47,37,35,40,46,52,38,24,83,33,122,150,38,44,43
2019-07-24,62,50,41,23,10,42,50,34,38,60,53,34,30,92,36,117,126,30,32,50
2019-07-25,72,60,44,29,6,49,52,32,32,59,63,26,28,96,34,128,124,25,32,50
2019-07-26,73,48,25,33,2,46,40,34,46,56,56,37,34,90,26,120,129,44,70,48
2019-07-27,76,59,13,22,12,52,38,22,31,25,50,31,28,101,17,110,107,26,46,27
2019-07-28,50,51,46,29,4,46,45,32,40,62,40,12,29,84,31,113,124,32,42,40
2019-07-29,66,66,58,32,5,58,38,39,46,52,40,52,27,93,37,120,141,32,58,50
2019-07-30,71,61,48,23,5,52,45,29,37,54,53,26,31,87,22,126,126,33,47,55
2019-07-31,66,59,42,19,8,7,40,39,35,53,58,20,29,113,30,105,132,25,37,45
2019-08-01,63,59,39,20,3,41,44,30,32,57,55,37,23,102,26,116,103,29,57,41
2019-08-02,59,59,39,30,8,68,34,24,46,48,53,36,30,89,31,106,114,44,35,41
2019-08-03,53,46,31,38,7,61,34,23,40,40,44,36,30,66,28,115,109,30,35,30
2019-08-04,63,57,47,16,7,61,57,37,42,42,44,29,39,88,28,98,120,24,48,36
2019-08-05,70,46,29,35,4,62,37,28,43,29,48,25,30,113,32,146,117,38,17,37
2019-08-06,61,26,38,25,1,59,44,23,45,49,63,38,31,99,25,120,134,36,0,30
2019-08-07,58,98,35,43,6,47,36,26,48,63,66,34,18,101,27,115,116,24,124,39
2019-08-08,75,67,42,33,13,59,45,31,38,35,21,25,28,93,30,79,122,28,45,51
2019-08-09,70,63,40,22,8,54,19,24,39,63,0,41,27,98,27,4,128,33,47,42
2019-08-10,57,47,31,25,6,41,17,20,28,33,0,35,1,61,15,2,106,33,37,33
2019-08-11,56,48,14,8,2,25,32,15,23,24,69,33,2,84,17,85,127,2,28,19
2019-08-12,70,66,18,13,4,48,44,25,25,17,57,28,32,111,21,152,123,2,45,22
2019-08-13,77,43,31,23,4,43,47,4,10,13,64,32,39,106,10,140,154,45,35,25
2019-08-14,74,44,13,25,3,54,49,0,1,7,67,38,30,87,2,116,124,32,12,11
2019-08-15,63,31,6,31,4,52,40,5,4,2,54,29,32,106,6,119,128,38,20,15
2019-08-16,70,51,11,31,1,54,55,52,46,23,62,30,40,95,27,125,91,31,97,15
2019-08-17,62,52,50,33,3,44,26,26,31,59,52,23,29,69,32,107,112,35,46,52
2019-08-18,59,63,41,16,4,48,33,31,40,68,49,30,32,83,26,115,123,30,43,60
2019-08-19,69,65,56,36,7,59,52,38,47,65,50,38,33,92,38,133,152,31,52,53
2019-08-20,71,40,52,31,10,52,44,39,36,45,58,24,33,102,25,117,121,33,38,51
2019-08-21,67,68,43,29,3,45,41,35,35,49,52,44,36,103,38,131,130,36,40,42
2019-08-22,64,60,40,26,6,48,45,29,36,65,54,30,32,105,33,132,117,35,36,57
2019-08-23,79,59,44,28,9,48,32,27,44,58,61,33,33,78,27,139,122,33,49,40
2019-08-24,62,44,44,27,7,42,1,25,42,43,55,20,25,85,26,126,113,36,47,46
2019-08-25,61,67,37,13,9,34,52,29,36,49,43,21,36,98,37,116,114,32,48,44
2019-08-26,75,56,42,22,6,46,56,35,41,62,65,18,32,108,31,111,156,36,55,43
2019-08-27,68,50,34,38,4,60,57,18,41,60,48,35,26,94,38,105,115,40,40,50
2019-08-28,69,68,32,31,3,57,55,45,37,43,50,27,28,109,21,120,120,30,39,39
2019-08-29,52,50,45,34,9,62,38,34,35,52,49,35,35,102,25,112,127,31,28,57
2019-08-30,62,46,35,33,8,49,47,30,40,48,62,28,32,99,26,137,117,38,61,51
2019-08-31,52,43,31,32,10,42,41,26,38,44,63,23,28,79,29,102,91,33,45,29
2019-09-01,71,41,41,17,8,40,38,29,26,59,43,40,23,78,31,114,121,33,38,36
2019-09-02,71,62,46,31,8,64,45,35,47,57,47,35,30,116,26,121,155,30,51,45
2019-09-03,72,32,37,32,7,57,31,23,45,50,60,28,30,95,29,112,144,31,40,48
2019-09-04,77,55,51,24,10,52,39,37,35,48,53,35,29,115,30,120,123,37,44,42
2019-09-05,68,44,50,39,10,54,54,35,42,58,43,29,30,90,31,90,131,27,37,45
2019-09-06,79,7,39,29,1,50,52,28,32,57,5,39,20,104,31,27,105,33,3,38
2019-09-07,54,41,31,29,4,58,30,18,43,40,77,25,29,88,31,163,103,32,48,31
2019-09-08,58,54,1,20,8,37,35,20,27,20,47,36,30,85,18,111,117,12,76,6
2019-09-09,90,54,42,30,6,61,43,30,33,42,61,39,28,100,41,124,145,35,46,51
2019-09-10,69,63,51,17,11,58,47,30,37,52,57,20,31,104,23,118,118,36,49,53
2019-09-11,66,61,49,30,9,56,39,32,34,55,60,45,27,90,27,110,153,30,34,58
2019-09-12,72,41,40,31,2,55,45,32,34,59,47,29,35,84,28,137,117,24,40,48
2019-09-13,62,49,37,27,6,57,37,36,34,54,60,39,40,101,33,116,138,50,33,41
2019-09-14,72,55,25,33,4,48,31,30,36,41,56,35,27,75,20,121,134,36,41,34
2019-09-15,72,61,17,27,2,45,41,18,22,23,54,36,29,82,23,116,109,27,42,32
2019-09-16,73,63,28,26,4,52,44,30,35,47,39,31,27,111,29,128,137,35,37,30
2019-09-17,65,56,38,24,7,65,39,33,37,49,54,39,30,95,28,117,113,30,42,38
2019-09-18,70,63,41,30,11,45,46,38,35,56,49,26,27,96,28,118,128,35,37,51
2019-09-19,70,55,40,30,8,47,41,38,42,48,55,20,34,110,29,111,123,25,40,54
2019-09-20,62,50,36,31,10,52,36,28,34,54,32,35,40,88,29,100,120,36,19,58
2019-09-21,58,4,39,28,0,53,54,23,22,43,3,18,22,97,18,23,121,32,0,37
2019-09-22,60,3,17,16,2,47,32,14,5,24,33,37,15,97,8,53,109,28,0,16
2019-09-23,73,103,27,33,10,61,37,29,27,21,75,36,33,102,29,169,166,35,91,18
2019-09-24,74,86,38,28,10,46,37,19,50,61,59,39,28,106,23,106,126,24,74,41
2019-09-25,77,66,45,25,6,44,41,45,35,56,67,31,41,108,39,117,126,25,58,52
2019-09-26,73,56,42,31,9,53,41,27,51,57,58,20,26,109,37,132,118,33,47,63
2019-09-27,67,62,39,32,6,46,46,33,45,63,53,30,36,91,35,136,128,31,63,45
2019-09-28,58,49,29,23,10,36,49,28,34,48,51,27,30,80,22,127,100,36,50,43
2019-09-29,57,55,34,13,6,41,48,30,41,65,54,34,33,88,31,119,106,30,54,41
2019-09-30,66,73,45,40,5,60,40,32,47,52,7,39,31,113,23,93,153,22,53,48
2019-10-01,61,43,48,16,4,48,27,25,39,46,0,27,35,105,35,7,108,20,13,35
2019-10-02,75,4,40,22,1,41,33,35,31,44,53,38,32,95,32,78,134,32,0,58
2019-10-03,71,71,29,20,6,44,44,31,27,34,56,30,23,103,25,182,121,22,95,42
2019-10-04,59,60,34,21,9,44,54,26,39,47,65,33,29,94,25,122,119,19,80,32
2019-10-05,60,61,42,19,7,47,42,23,22,43,62,25,16,117,18,97,115,35,39,36
2019-10-06,65,56,31,22,1,55,42,27,26,45,52,32,21,79,37,135,123,23,49,39
2019-10-07,65,68,41,32,4,50,41,24,40,50,58,33,34,88,33,130,142,31,68,47
2019-10-08,77,58,38,29,6,43,37,16,37,45,62,17,26,102,35,105,137,32,47,43
2019-10-09,63,56,37,27,6,53,35,40,42,55,51,31,32,101,30,105,133,35,59,36
2019-10-10,75,60,23,31,9,45,38,24,31,27,49,34,25,112,31,109,126,30,41,22
2019-10-11,59,47,4,28,8,39,46,5,22,1,47,32,27,85,8,111,141,27,22,3
2019-10-12,55,33,1,30,8,45,38,3,9,4,56,18,26,91,5,111,124,30,6,4
2019-10-13,75,38,22,15,4,46,32,34,29,36,58,41,38,87,30,125,134,30,42,14
2019-10-14,81,63,36,27,0,49,33,28,27,60,50,39,28,115,37,114,169,27,70,40
2019-10-15,69,54,64,33,8,39,23,42,38,55,39,30,30,105,22,103,118,39,54,62
2019-10-16,71,64,44,26,7,40,27,31,45,69,49,35,24,112,32,128,136,20,76,45
2019-10-17,69,56,38,24,6,54,40,35,29,60,50,29,19,92,27,97,121,31,27,49
2019-10-18,59,54,38,28,5,50,43,41,41,40,52,33,39,98,23,116,127,39,25,43
2019-10-19,62,67,33,23,4,41,39,23,36,52,45,27,34,90,25,126,112,30,54,31
2019-10-20,64,58,37,20,8,50,33,27,36,53,50,29,25,80,35,100,123,32,57,44
2019-10-21,65,68,37,29,10,49,54,36,40,38,51,38,43,102,28,130,122,30,36,44
2019-10-22,72,50,25,19,6,51,36,37,30,33,58,24,25,106,24,124,136,34,46,28
2019-10-23,67,53,56,30,5,43,41,33,42,70,49,31,32,98,22,100,132,28,49,64
2019-10-24,78,48,30,28,8,46,40,34,31,38,54,32,28,106,25,105,121,31,40,46
2019-10-25,63,66,15,31,7,49,43,30,26,42,44,34,29,103,29,115,123,26,51,28
2019-10-26,50,50,29,34,6,46,46,20,40,51,42,34,34,88,22,129,128,32,40,27
2019-10-27,61,71,35,19,1,47,40,35,29,59,40,34,34,91,31,139,124,29,66,58
2019-10-28,71,62,57,34,10,48,33,30,49,66,59,42,37,122,33,136,137,41,50,48
2019-10-29,58,56,43,32,6,56,32,27,49,42,57,26,30,111,31,119,136,33,49,49
2019-10-30,64,53,46,23,5,56,46,31,31,64,43,24,25,86,29,105,125,34,46,44
2019-10-31,69,64,50,32,6,48,43,36,41,48,47,34,22,96,32,119,128,42,38,51
2019-11-01,58,54,36,32,8,52,51,30,42,55,53,34,31,97,26,121,116,35,46,43
2019-11-02,61,55,33,24,5,52,37,23,35,46,54,21,39,81,21,100,127,28,54,26
2019-11-03,59,64,29,22,8,46,40,24,32,50,49,32,28,83,23,104,135,30,33,32
2019-11-04,73,49,44,27,3,52,39,28,33,42,56,34,31,112,38,120,156,38,46,44
2019-11-05,72,47,39,24,4,43,34,29,39,52,53,32,27,69,33,98,144,33,44,44
2019-11-06,65,57,40,25,6,44,40,32,36,57,52,29,32,94,43,105,117,35,44,48
2019-11-07,59,55,37,26,4,48,31,25,38,47,56,27,27,101,32,99,116,29,50,27
2019-11-08,57,72,45,24,8,51,52,24,49,59,55,35,37,85,29,109,125,36,49,42
2019-11-09,54,63,29,29,5,39,41,24,38,44,44,26,32,94,33,127,131,39,44,36
2019-11-10,55,57,34,19,6,44,30,29,37,47,49,35,22,86,34,99,132,35,29,44
2019-11-11,61,51,52,34,7,52,39,34,38,58,49,29,35,96,34,127,134,25,46,43
2019-11-12,60,54,50,36,3,52,44,25,35,56,58,32,34,93,24,117,131,25,48,53
2019-11-13,70,52,37,27,10,64,47,33,38,58,42,20,23,91,33,108,127,15,44,51
2019-11-14,69,51,37,32,3,38,36,42,29,51,53,36,34,108,28,135,145,40,43,55
2019-11-15,68,56,45,22,8,44,44,24,45,61,44,42,39,92,31,125,129,42,42,40
2019-11-16,54,63,47,36,11,50,46,20,36,42,49,22,29,76,27,136,116,26,41,31
2019-11-17,57,57,36,18,6,49,40,27,32,48,32,39,18,99,39,106,116,20,29,30
2019-11-18,70,63,46,23,9,59,31,33,46,47,27,27,31,103,27,94,158,32,56,53
2019-11-19,63,61,33,35,7,44,36,23,36,32,59,34,37,91,28,117,122,25,39,43
2019-11-20,82,39,43,21,10,41,27,27,40,58,53,33,29,100,32,114,131,46,45,44
2019-11-21,80,62,47,37,60,53,43,26,46,54,44,36,26,107,36,113,126,35,40,38
2019-11-22,61,57,23,24,13,49,47,27,32,59,47,29,32,97,25,109,132,40,43,41
2019-11-23,59,66,18,35,6,52,38,22,31,31,33,26,27,79,20,101,108,31,46,31
2019-11-24,65,62,60,25,5,42,43,32,33,30,34,32,12,81,34,103,125,21,42,31
2019-11-25,69,55,46,25,5,51,40,36,40,59,47,41,33,117,29,114,157,25,29,55
2019-11-26,64,45,40,30,8,44,32,26,39,40,56,18,31,109,28,132,126,35,61,44
2019-11-27,84,60,33,30,5,41,36,37,40,58,34,47,32,92,21,100,120,37,29,31
2019-11-28,78,44,37,40,2,55,44,35,39,52,35,29,28,88,37,113,131,29,34,59
2019-11-29,62,73,47,24,6,44,41,30,41,53,30,32,28,105,30,129,99,37,63,49
2019-11-30,60,64,43,31,4,55,43,30,29,39,38,30,34,91,28,119,123,42,49,45
2019-12-01,50,51,42,18,6,40,42,28,33,52,6,30,29,80,35,82,112,18,45,36
2019-12-02,68,70,41,32,9,52,35,33,30,31,40,15,27,103,32,121,145,38,41,35
2019-12-03,66,60,46,31,5,50,38,22,45,51,60,38,27,103,33,146,123,20,46,43
2019-12-04,73,52,51,29,6,48,32,31,47,44,46,37,28,99,27,132,123,34,54,43
2019-12-05,72,53,45,33,6,51,31,31,42,57,47,36,38,96,36,105,140,30,31,42
2019-12-06,52,52,36,22,3,54,43,32,44,61,32,29,24,95,29,124,109,32,41,39
2019-12-07,64,60,37,24,2,57,36,29,33,47,44,34,32,99,24,123,118,24,44,40
2019-12-08,57,56,41,22,7,42,34,32,40,49,49,32,25,80,33,117,121,33,39,38
2019-12-09,59,66,45,29,9,54,52,24,39,46,40,38,16,97,33,143,143,34,40,26
2019-12-10,66,76,31,27,5,58,51,30,50,40,55,30,35,86,29,104,133,24,49,38
2019-12-11,70,46,35,33,4,46,47,21,43,44,48,35,29,100,34,97,127,26,49,46
2019-12-12,69,47,44,25,8,55,53,24,34,57,47,31,33,102,29,97,118,43,50,48
2019-12-13,71,57,40,34,2,50,42,31,44,61,51,30,26,100,34,101,115,34,54,38
2019-12-14,48,62,31,30,9,41,38,27,31,37,44,24,35,84,29,89,134,31,35,31
2019-12-15,55,62,46,15,7,52,29,24,39,45,45,32,21,80,36,76,126,27,51,28
2019-12-16,67,61,36,28,6,48,39,29,35,58,52,38,36,108,35,97,141,30,50,41
2019-12-17,79,49,45,27,7,60,49,22,41,49,45,31,30,88,29,94,124,29,40,37
2019-12-18,64,48,42,33,9,46,39,32,56,46,44,27,24,112,28,103,131,31,39,48
2019-12-19,74,52,36,32,9,51,51,33,49,53,49,13,41,88,23,112,113,39,41,51
2019-12-20,67,61,34,22,5,50,44,27,34,62,47,38,38,85,26,104,124,28,46,30
2019-12-21,65,59,35,38,10,44,36,24,32,40,45,35,31,97,27,83,112,35,35,34
2019-12-22,61,74,34,27,7,52,42,38,41,44,47,32,29,100,29,95,142,18,46,47
2019-12-23,62,68,52,25,5,63,41,36,46,46,47,25,33,112,40,110,141,34,40,39
2019-12-24,52,53,26,28,10,43,43,28,41,48,53,33,26,79,31,104,133,36,55,54
2019-12-25,58,53,40,29,5,47,42,34,47,57,46,40,24,74,24,92,129,32,40,57
2019-12-26,65,50,38,27,4,51,42,33,42,56,13,27,32,80,25,101,118,36,39,45
2019-12-27,67,51,18,29,9,49,41,22,43,36,64,36,39,90,21,108,132,28,43,36
2019-12-28,63,71,27,29,11,47,33,19,26,40,48,26,32,77,29,101,113,35,42,27
2019-12-29,63,69,44,20,4,48,41,21,16,33,45,38,36,99,23,89,133,24,42,16
2019-12-30,62,69,27,35,5,49,42,24,24,30,28,35,21,82,24,100,166,24,41,24
2019-12-31,68,51,8,34,3,51,36,7,8,9,38,33,31,81,12,100,113,29,42,5
2020-01-01,51,59,22,27,8,50,38,8,3,16,46,28,26,70,8,130,123,33,34,11
2020-01-02,57,52,24,31,10,57,46,10,12,18,53,24,33,84,21,127,143,38,49,16
2020-01-03,58,67,25,35,10,62,48,15,19,20,55,38,29,104,22,88,98,38,41,23
2020-01-04,67,46,15,26,4,44,50,11,13,26,49,22,35,88,13,117,115,33,46,28
2020-01-05,58,69,32,22,6,46,26,11,40,40,42,27,28,69,33,114,113,28,49,32
2020-01-06,62,55,62,19,5,58,38,27,31,49,49,43,30,102,43,119,147,29,49,39
2020-01-07,77,35,34,34,12,42,47,23,30,57,15,29,17,98,23,88,153,35,23,35
2020-01-08,75,45,28,30,2,45,36,25,38,24,45,35,31,96,28,133,130,27,37,35
2020-01-09,65,60,46,29,6,62,43,24,45,57,44,29,32,100,34,120,127,33,46,51
2020-01-10,70,57,51,30,7,53,35,26,31,51,52,39,39,97,34,115,107,40,50,39
2020-01-11,54,71,43,29,5,55,40,26,35,62,40,33,30,81,22,100,126,31,47,29
2020-01-12,62,67,33,22,8,41,37,31,37,46,47,37,37,67,31,107,133,27,51,30
2020-01-13,56,58,49,32,5,57,33,33,37,49,41,34,38,101,32,128,139,33,36,48
2020-01-14,72,60,41,23,4,56,42,26,36,56,49,31,29,102,30,137,131,37,44,40
2020-01-15,65,50,46,19,7,42,42,25,38,61,46,35,33,89,33,123,127,33,35,42
2020-01-16,59,44,48,26,9,57,45,32,37,57,50,22,30,95,25,116,127,33,44,50
2020-01-17,68,53,31,26,6,54,53,31,38,55,41,28,33,89,33,121,122,24,34,45
2020-01-18,57,57,22,26,9,43,51,23,31,36,47,25,38,91,27,118,102,28,48,24
2020-01-19,65,64,47,17,7,49,42,29,36,43,55,36,30,96,18,122,114,33,55,31
2020-01-20,65,63,41,21,4,55,34,22,44,52,48,31,20,90,41,93,157,35,52,52
2020-01-21,54,55,47,24,3,47,36,24,28,53,49,29,29,105,30,121,128,34,43,43
2020-01-22,61,60,57,29,5,55,42,37,38,50,45,35,24,100,42,38,114,31,36,39
2020-01-23,66,61,42,21,7,50,49,41,41,57,43,33,31,102,31,144,129,28,40,40
2020-01-24,69,42,39,13,4,41,18,25,37,57,41,33,25,103,30,91,127,19,24,41
2020-01-25,58,44,44,23,9,38,29,29,36,47,47,26,30,104,34,91,123,31,40,36
2020-01-26,62,37,31,15,3,49,35,36,29,41,25,31,24,100,32,75,116,17,23,41
2020-01-27,71,28,31,20,6,38,30,26,26,33,38,35,17,124,24,84,152,19,1,41
2020-01-28,93,73,26,23,3,45,35,24,35,31,60,28,24,97,23,89,145,23,33,22
2020-01-29,94,73,32,17,17,44,34,39,44,48,39,28,12,116,33,106,160,15,90,32
2020-01-30,82,70,40,14,7,55,38,34,28,48,18,30,18,108,25,100,142,16,36,57
2020-01-31,86,57,39,15,10,47,45,35,36,51,47,35,20,114,26,97,126,30,70,52
2020-02-01,69,62,50,25,7,37,32,27,30,48,39,26,15,115,28,105,133,14,44,37
2020-02-02,68,59,33,10,5,37,25,32,32,41,32,29,23,105,26,85,105,27,44,32
2020-02-03,74,69,52,12,4,46,18,26,43,59,45,35,25,97,39,91,137,22,61,37
2020-02-04,64,58,45,18,4,43,27,22,39,53,44,26,27,91,37,103,138,18,46,31
2020-02-05,79,60,28,21,6,35,42,24,33,51,33,33,20,101,30,78,130,29,41,34
2020-02-06,70,53,48,15,7,46,29,24,36,51,27,32,20,117,30,92,128,22,52,52
2020-02-07,61,68,55,24,5,45,44,27,32,50,34,41,24,104,35,99,118,35,45,36
2020-02-08,75,50,27,16,3,39,43,25,28,39,30,31,22,94,23,86,129,15,45,27
2020-02-09,46,69,31,14,10,36,36,33,35,45,32,30,21,46,32,99,102,26,46,28
2020-02-10,40,68,52,18,8,33,27,28,36,39,45,35,19,54,34,107,144,30,35,46
2020-02-11,32,55,39,23,6,33,31,18,33,61,34,31,23,63,20,71,119,27,43,26
2020-02-12,60,55,48,14,5,39,37,28,28,50,30,35,15,104,34,57,131,21,38,42
2020-02-13,73,65,44,17,9,48,39,30,37,49,16,31,10,97,32,92,109,17,66,37
2020-02-14,71,57,42,19,15,41,46,25,34,58,18,34,31,104,31,0,132,21,48,42
2020-02-15,81,53,45,24,14,33,42,21,29,56,19,34,12,99,32,105,122,22,44,44
2020-02-16,41,42,29,15,6,47,40,25,34,24,7,27,24,66,20,106,114,20,22,29
2020-02-17,67,43,36,18,6,43,31,22,30,35,36,32,19,81,25,106,141,10,17,39
2020-02-18,55,47,37,20,6,41,29,29,38,42,58,26,27,85,35,111,132,24,44,49
2020-02-19,69,66,41,18,14,42,40,28,31,64,52,25,29,95,35,96,128,27,57,51
2020-02-20,83,59,47,23,7,42,39,43,44,56,54,30,27,100,46,101,130,35,41,44
2020-02-21,61,50,44,22,13,45,44,29,39,48,50,34,40,96,32,92,105,26,51,42
2020-02-22,64,59,17,18,6,43,42,20,31,46,47,31,32,80,26,109,121,25,47,43
2020-02-23,57,72,31,13,7,43,32,30,26,39,43,31,24,72,32,90,105,30,43,37
2020-02-24,50,62,54,19,70,49,45,29,34,49,53,29,27,110,37,117,143,25,47,44
2020-02-25,82,56,37,16,17,51,30,32,51,47,42,36,28,116,37,112,116,29,33,48
2020-02-26,60,59,41,21,31,43,42,35,34,57,44,36,19,95,32,94,123,30,55,38
2020-02-27,81,50,45,25,10,43,34,29,32,56,52,33,29,93,31,91,115,32,41,49
2020-02-28,81,62,47,25,11,51,47,26,44,59,45,34,31,100,34,107,126,36,38,52
2020-02-29,69,64,34,25,6,36,40,27,29,38,35,15,26,87,25,101,132,19,52,29
2020-03-01,55,68,33,18,7,41,38,29,37,39,34,39,25,84,36,102,113,22,39,33
2020-03-02,54,61,53,27,5,55,42,36,40,57,21,39,19,115,33,104,140,24,48,42
2020-03-03,60,56,37,19,6,45,36,25,44,51,22,31,32,90,33,122,124,44,42,33
2020-03-04,80,58,35,16,7,45,46,32,42,49,26,29,31,105,33,115,122,33,39,45
2020-03-05,72,62,17,29,10,45,35,30,38,43,23,29,25,98,32,104,147,22,56,38
2020-03-06,71,57,59,18,8,55,40,19,35,48,32,38,36,103,28,113,122,34,42,52
2020-03-07,72,60,40,26,6,50,37,24,23,45,35,28,21,99,23,109,133,1,45,41
2020-03-08,59,65,37,12,6,41,42,30,31,41,19,34,29,93,28,100,118,0,43,37
2020-03-09,71,66,39,27,6,51,40,43,37,44,13,39,27,98,37,95,152,72,45,34
2020-03-10,68,59,24,12,2,47,36,26,43,37,40,23,32,100,28,94,131,30,39,49
2020-03-11,73,56,40,24,6,34,37,29,25,57,33,37,27,102,31,122,125,34,34,43
2020-03-12,61,53,55,20,11,51,39,28,44,65,32,21,25,84,31,110,121,32,50,52
2020-03-13,60,62,36,31,8,51,47,28,37,53,27,39,36,92,30,119,131,29,47,46
2020-03-14,65,63,33,26,7,57,42,27,36,42,32,12,36,93,28,111,146,37,43,36
2020-03-15,57,57,31,16,11,40,37,33,28,33,41,17,28,77,37,106,113,24,42,46
2020-03-16,71,54,52,29,8,57,40,35,50,44,41,53,32,118,33,128,143,28,52,34
2020-03-17,71,62,50,27,5,42,35,30,38,54,37,32,27,87,38,97,144,28,35,56
2020-03-18,71,58,34,29,7,54,32,32,45,68,27,31,23,84,35,69,123,25,38,48
2020-03-19,77,41,34,24,5,48,38,33,31,46,57,29,24,103,29,109,125,31,25,55
2020-03-20,62,68,36,23,5,50,40,27,38,49,55,33,30,89,34,103,130,31,58,36
2020-03-21,58,58,33,26,4,44,37,23,29,48,54,16,37,87,26,99,121,39,40,34
2020-03-22,52,65,38,14,7,43,35,27,33,50,51,14,26,87,43,116,110,27,54,36
2020-03-23,73,72,50,29,6,57,37,40,43,49,58,9,34,106,34,122,157,34,49,42
2020-03-24,76,50,38,16,5,51,40,31,39,47,57,11,24,101,28,120,117,38,50,40
2020-03-25,65,62,61,27,9,43,38,38,35,50,54,14,20,89,35,96,125,36,49,50
2020-03-26,70,56,37,29,7,38,38,35,46,61,25,8,22,100,33,75,132,27,33,47
2020-03-27,67,70,31,24,1,50,42,16,38,51,44,43,37,101,25,119,107,31,43,40
2020-03-28,56,62,26,27,7,47,40,23,32,35,47,29,35,100,22,84,127,26,35,35
2020-03-29,37,57,43,16,5,51,36,25,28,40,40,38,30,81,21,113,123,30,43,33
2020-03-30,101,63,51,24,6,51,36,40,42,53,22,38,37,119,27,108,141,29,48,47
2020-03-31,71,51,46,27,8,56,42,33,35,39,22,35,32,97,30,107,122,35,47,44
2020-04-01,68,60,32,25,6,28,30,31,41,47,54,19,31,95,29,108,148,34,35,32
2020-04-02,69,63,40,25,8,53,37,27,29,46,41,10,28,102,20,109,127,36,49,28
2020-04-03,63,60,53,29,5,53,43,22,39,54,33,13,37,75,22,118,121,36,37,47
2020-04-04,61,68,36,30,10,52,33,26,25,43,36,13,40,89,30,108,113,35,41,43
2020-04-05,57,60,48,10,11,47,45,26,38,32,36,17,20,78,39,94,127,33,46,38
2020-04-06,59,58,38,29,4,50,33,30,43,50,45,19,31,99,32,114,122,29,40,39
2020-04-07,74,55,38,25,5,48,41,27,46,43,38,17,29,91,30,105,109,22,40,41
2020-04-08,71,57,37,26,9,48,40,29,35,63,47,14,24,103,36,116,108,46,45,44
2020-04-09,71,74,43,33,6,49,33,23,46,52,45,11,36,93,24,114,128,35,49,47
2020-04-10,85,53,40,25,12,55,53,29,39,51,36,21,35,87,29,111,114,43,47,32
2020-04-11,55,71,34,35,6,44,35,20,28,47,34,12,33,90,23,103,103,35,29,30
2020-04-12,56,44,27,16,5,40,37,22,23,31,36,11,24,83,16,103,131,26,10,35
2020-04-13,40,39,18,28,3,54,40,37,37,27,64,13,35,97,26,130,145,35,19,19
2020-04-14,72,75,31,25,7,50,36,25,35,42,55,8,25,84,27,107,125,43,85,37
2020-04-15,62,62,48,25,14,43,51,31,40,47,66,13,30,85,31,110,125,31,56,44
2020-04-16,56,54,43,34,3,52,35,27,38,60,31,12,21,108,30,97,111,31,56,46
2020-04-17,70,54,36,26,5,52,50,18,49,53,57,13,26,86,24,111,105,37,42,59
2020-04-18,61,65,17,32,7,57,31,19,23,29,53,13,40,87,14,127,99,21,48,21
2020-04-19,74,49,46,17,8,43,35,20,23,57,38,16,19,95,27,97,106,31,36,39
2020-04-20,63,72,53,27,5,51,41,31,33,41,57,12,33,102,28,141,120,18,42,46
2020-04-21,66,43,40,24,4,39,37,38,31,39,57,14,38,106,25,118,127,24,46,41
2020-04-22,76,52,44,22,6,49,45,31,41,54,44,14,19,86,45,114,113,29,41,49
2020-04-23,70,49,38,34,10,61,36,29,38,55,36,13,34,98,25,104,111,39,46,47
2020-04-24,56,54,45,26,6,42,39,24,42,56,48,12,29,106,26,129,94,34,28,39
2020-04-25,64,49,27,28,7,49,31,27,29,49,50,6,30,87,26,115,103,35,29,31
2020-04-26,61,72,29,17,7,40,37,18,28,34,50,11,26,78,29,106,127,35,81,25
2020-04-27,70,65,48,24,8,59,34,31,48,39,34,12,36,86,34,116,122,29,57,47
2020-04-28,67,65,34,28,7,42,36,32,27,39,33,10,29,105,22,111,119,29,38,39
2020-04-29,64,57,27,23,7,49,32,39,29,53,37,7,32,109,31,120,108,37,43,43
2020-04-30,57,49,31,36,8,46,54,24,32,50,45,8,31,96,25,125,132,27,22,39
2020-05-01,72,61,35,29,10,37,39,18,35,45,32,7,35,106,25,97,107,33,48,38
2020-05-02,52,68,25,22,3,49,45,15,19,33,29,10,11,82,18,128,104,23,35,26
2020-05-03,65,53,27,13,9,39,43,15,23,25,26,5,5,92,20,119,99,22,37,21
2020-05-04,60,52,30,21,5,61,50,20,25,19,32,12,59,97,13,102,106,26,50,28
2020-05-05,67,56,20,18,6,50,40,16,29,22,22,8,25,106,16,104,136,28,42,22
2020-05-06,77,57,31,15,5,56,40,22,23,27,41,9,20,93,25,125,127,35,29,30
2020-05-07,73,53,39,20,7,45,46,28,33,37,21,14,29,104,30,91,121,27,43,40
2020-05-08,74,54,38,34,10,43,43,11,34,27,13,14,21,78,24,87,108,33,45,28
2020-05-09,60,54,24,20,6,38,34,20,32,32,34,5,41,80,19,155,102,26,22,28
2020-05-10,54,61,27,16,8,43,31,23,36,30,31,10,29,92,20,107,111,28,37,43
2020-05-11,44,62,49,29,6,49,36,27,41,37,36,11,38,73,35,121,115,23,57,40
2020-05-12,79,47,37,31,5,34,40,23,41,38,50,5,31,93,31,120,129,41,42,44
2020-05-13,64,66,45,28,2,39,47,38,37,41,38,17,25,103,27,114,110,28,43,37
2020-05-14,58,59,40,35,4,42,45,34,56,60,23,45,32,105,29,111,115,30,46,54
2020-05-15,70,50,44,26,4,52,45,25,36,41,27,35,34,80,26,113,98,38,45,44
2020-05-16,51,58,30,27,8,45,33,24,20,33,24,27,33,88,23,80,108,29,47,21
2020-05-17,65,57,38,19,10,39,33,19,25,40,23,24,28,95,30,41,94,21,40,31
2020-05-18,72,63,37,30,3,54,31,31,47,40,45,30,29,98,35,169,126,34,45,41
2020-05-19,70,43,27,28,7,34,29,31,35,36,43,32,33,85,24,126,122,23,32,39
2020-05-20,68,56,32,23,6,42,45,37,41,52,38,19,34,100,30,122,112,42,33,33
2020-05-21,72,43,47,29,12,45,49,42,31,44,32,34,37,95,25,118,129,33,43,36
2020-05-22,58,48,33,24,7,45,39,30,32,44,39,25,33,106,30,127,133,29,49,32
2020-05-23,67,61,36,33,4,40,39,18,32,26,36,18,39,74,21,133,105,39,55,32
2020-05-24,66,61,34,24,9,41,43,17,21,38,24,31,27,71,34,135,107,30,46,34
2020-05-25,64,59,36,27,3,62,43,38,43,53,32,27,26,96,36,130,122,35,41,49
2020-05-26,54,48,29,29,6,44,31,30,43,45,38,27,32,82,28,107,107,32,44,46
2020-05-27,70,60,36,25,7,43,37,30,46,40,52,37,29,108,29,128,112,32,38,54
2020-05-28,69,56,30,32,9,51,43,40,39,51,53,28,33,95,40,102,113,35,44,48
2020-05-29,60,60,32,32,10,66,50,17,42,61,42,25,38,102,28,113,118,33,35,28
2020-05-30,58,60,32,28,7,34,29,25,27,46,29,21,32,105,23,84,122,32,38,21
2020-05-31,64,50,27,16,5,48,41,20,24,35,27,19,30,75,26,140,101,30,37,34
2020-06-01,58,66,36,29,11,58,44,35,25,39,32,47,35,86,28,128,124,33,40,38
2020-06-02,61,48,37,31,10,38,48,31,37,41,34,30,24,80,33,123,125,28,41,35
2020-06-03,71,57,43,25,3,46,31,31,40,33,31,24,28,93,24,127,93,36,43,44
2020-06-04,70,58,39,34,6,52,47,19,41,43,25,34,35,78,30,97,114,39,35,43
2020-06-05,77,52,38,30,4,43,54,23,41,53,11,30,23,89,25,120,114,34,46,33
2020-06-06,49,60,28,25,7,47,29,20,25,26,38,25,32,91,22,128,94,37,42,37
2020-06-07,65,64,33,17,6,45,35,19,22,35,31,29,37,81,26,104,123,23,29,32
2020-06-08,71,65,41,29,9,53,44,27,38,45,27,27,33,107,34,131,138,30,37,42
2020-06-09,59,56,39,21,4,56,31,27,49,41,30,30,26,82,26,116,122,27,56,46
2020-06-10,66,51,39,28,6,38,39,28,41,39,27,17,11,95,29,120,133,45,44,33
2020-06-11,64,50,29,29,8,41,46,31,36,45,36,27,46,106,19,72,129,29,33,47
2020-06-12,60,48,37,24,2,52,45,25,33,51,45,27,39,77,18,165,113,37,46,38
2020-06-13,50,54,42,18,1,20,27,19,22,38,44,9,26,100,25,103,111,28,32,32
2020-06-14,56,53,37,17,11,61,38,27,27,31,35,12,45,75,23,112,85,34,43,38
2020-06-15,68,57,47,35,9,50,38,22,41,42,28,40,3,91,30,123,140,24,43,38
2020-06-16,61,56,31,33,7,56,41,35,40,45,23,8,43,91,25,103,120,35,37,49
2020-06-17,73,50,46,32,5,53,40,34,33,55,36,9,39,95,35,100,111,35,44,46
2020-06-18,70,45,33,26,5,43,44,30,37,47,29,12,34,103,21,149,116,30,52,49
2020-06-19,71,46,43,31,7,47,40,25,32,38,38,51,38,89,26,133,117,29,36,32
2020-06-20,66,62,22,36,14,45,38,18,25,40,35,19,25,95,25,143,112,44,45,33
2020-06-21,57,49,33,23,1,38,33,23,28,40,15,14,31,82,24,129,97,28,36,35
2020-06-22,51,67,35,38,10,62,32,33,40,35,29,10,41,97,26,116,112,29,45,30
2020-06-23,86,49,39,40,7,49,34,29,31,52,39,52,27,84,29,146,114,42,36,41
2020-06-24,74,50,26,33,5,38,33,31,37,51,28,32,31,101,38,132,126,33,44,42
2020-06-25,63,60,45,24,10,45,46,31,38,52,36,31,30,110,29,119,115,31,37,42
2020-06-26,64,44,31,29,7,48,45,27,39,40,34,24,33,86,32,87,110,36,55,52
2020-06-27,56,63,33,30,7,43,35,21,30,57,32,29,25,89,28,151,104,30,38,20
2020-06-28,70,51,34,22,13,37,35,26,27,30,41,36,41,85,33,105,94,36,41,35
2020-06-29,69,49,39,24,5,49,47,31,49,51,34,40,27,110,40,130,137,29,34,36
2020-06-30,62,48,21,25,4,56,32,29,35,32,44,27,31,88,24,118,152,37,17,42
2020-07-01,77,67,16,27,6,47,38,24,36,27,37,38,33,88,24,118,108,29,90,28
2020-07-02,72,54,37,22,2,47,44,27,37,54,34,31,28,99,33,108,129,36,40,44
2020-07-03,72,54,43,35,11,63,52,25,32,57,27,35,25,89,18,121,117,38,45,48
2020-07-04,74,59,26,23,6,50,36,18,29,29,29,25,37,85,15,118,99,36,40,27
2020-07-05,55,56,35,18,8,42,34,23,32,40,32,32,31,76,29,117,90,33,36,36
2020-07-06,80,65,37,37,5,64,45,26,38,40,38,34,29,111,21,137,141,30,46,45
2020-07-07,53,58,26,34,5,52,26,33,33,42,39,24,27,95,27,134,111,35,50,30
2020-07-08,61,55,41,26,2,63,44,30,32,39,20,31,31,88,21,89,123,41,41,51
2020-07-09,63,56,60,25,13,52,36,31,48,52,32,32,29,99,28,134,121,36,41,49
2020-07-10,57,50,36,35,9,54,48,24,32,47,27,29,40,99,19,119,124,35,18,34
2020-07-11,59,60,27,24,4,51,37,21,25,29,45,27,32,89,20,121,118,40,58,33
2020-07-12,58,46,43,24,8,44,43,24,33,43,39,34,5,82,32,123,95,31,45,35
2020-07-13,63,64,42,28,6,56,37,27,45,40,31,25,38,104,27,135,136,33,36,43
2020-07-14,73,57,43,34,6,61,31,33,34,36,37,29,28,91,22,113,115,33,38,40
2020-07-15,62,62,38,28,4,45,36,23,37,51,35,32,22,99,27,110,125,34,50,48
2020-07-16,79,48,40,26,8,46,44,32,44,59,34,36,31,105,26,112,123,33,46,49
2020-07-17,55,61,47,28,5,55,54,26,27,52,46,37,30,98,24,116,100,42,45,32
2020-07-18,58,60,29,30,8,56,37,20,32,34,50,25,21,85,25,92,131,33,29,31
2020-07-19,57,46,36,16,6,44,37,15,33,44,28,35,26,75,23,118,108,26,32,37
2020-07-20,55,60,49,33,7,55,36,32,44,34,39,35,39,108,29,112,125,32,46,32
2020-07-21,64,50,35,34,8,50,30,24,30,40,29,34,27,89,28,121,120,31,52,46
2020-07-22,66,60,39,32,6,46,47,38,36,53,31,16,21,94,27,112,113,41,52,32
2020-07-23,66,48,33,38,5,48,44,19,32,40,36,38,19,99,24,114,126,41,28,35
2020-07-24,76,46,42,40,11,57,36,29,40,42,41,34,35,99,24,113,116,32,31,36
2020-07-25,52,63,28,24,4,41,44,14,27,29,32,20,34,109,25,121,101,34,51,30
2020-07-26,60,52,42,19,5,49,36,26,23,42,34,28,31,90,29,106,113,26,48,35
2020-07-27,53,62,53,29,10,49,38,34,41,45,31,40,40,101,30,132,134,31,47,48
2020-07-28,67,50,39,26,5,53,49,31,36,45,29,17,38,93,32,117,121,35,35,43
2020-07-29,74,54,40,25,8,48,45,30,47,52,35,38,27,109,33,120,115,37,34,43
2020-07-30,66,66,44,35,9,48,48,32,42,44,26,29,14,93,33,138,112,31,56,46
2020-07-31,60,53,44,36,13,50,38,27,46,58,33,28,34,115,22,128,104,45,40,26
2020-08-01,61,69,32,32,8,40,32,16,30,39,26,14,44,77,22,124,119,32,33,31
2020-08-02,66,52,42,20,5,44,40,24,20,40,26,8,28,82,33,105,108,28,43,35
2020-08-03,78,53,41,25,7,57,32,38,39,42,2,8,22,93,31,145,114,36,46,34
2020-08-04,61,45,41,31,2,44,37,30,52,46,10,32,20,91,32,44,136,35,24,39
2020-08-05,78,58,45,20,13,47,34,33,39,34,36,25,28,121,30,105,122,39,32,37
2020-08-06,61,51,47,22,4,46,42,25,33,57,39,37,29,97,29,136,113,16,37,48
2020-08-07,60,60,36,34,9,47,49,28,34,46,45,17,16,96,18,126,152,26,65,37
2020-08-08,62,55,26,27,4,38,45,20,30,34,39,8,40,83,22,110,105,45,28,22
2020-08-09,58,24,36,20,5,46,39,22,25,31,34,29,26,74,22,112,103,31,20,28
2020-08-10,56,54,39,33,6,48,23,31,22,25,36,40,28,101,27,133,129,31,28,33
2020-08-11,82,97,37,34,7,39,40,20,29,31,23,30,30,87,28,132,115,33,71,35
2020-08-12,75,63,33,17,6,44,39,31,35,38,38,31,20,107,21,130,104,38,70,29
2020-08-13,70,58,40,24,5,49,49,32,43,29,40,31,26,91,27,126,126,31,55,38
2020-08-14,55,65,37,36,5,54,40,17,33,36,29,27,37,90,14,129,121,43,45,25
2020-08-15,53,54,36,22,13,52,40,16,26,37,44,29,36,101,22,111,105,34,61,22
2020-08-16,59,48,36,26,7,44,41,18,30,41,29,7,25,76,29,106,123,32,46,24
2020-08-17,66,50,44,23,6,50,43,29,50,30,33,54,27,108,34,128,129,29,50,42
2020-08-18,76,54,33,12,7,26,36,25,31,39,32,33,30,90,37,122,124,30,40,38
2020-08-19,71,55,46,21,7,40,40,23,42,52,43,37,22,101,34,112,109,31,37,42
2020-08-20,67,50,48,36,8,58,41,32,36,61,33,21,28,102,18,131,123,39,43,39
2020-08-21,54,50,46,29,10,60,56,34,41,53,33,9,25,86,22,126,108,34,49,40
2020-08-22,51,65,25,36,8,50,40,24,34,31,25,9,30,83,22,116,134,26,44,36
2020-08-23,66,52,33,22,7,47,35,33,39,48,31,7,25,77,26,111,117,31,45,25
2020-08-24,64,64,47,23,12,56,36,31,38,38,31,12,23,108,36,110,141,36,43,47
2020-08-25,64,10,38,24,0,51,32,28,43,59,21,51,17,89,29,29,109,26,8,42
2020-08-26,48,22,43,32,0,42,34,36,33,46,26,38,15,82,30,123,128,42,0,36
2020-08-27,92,91,41,23,12,43,43,30,37,53,34,35,27,119,25,145,110,26,122,42
2020-08-28,78,49,39,24,7,54,49,31,37,51,37,27,26,93,23,98,114,31,64,31
2020-08-29,51,69,37,21,3,37,34,27,33,37,38,30,33,86,23,112,114,34,52,33
2020-08-30,66,56,46,18,7,45,46,22,35,41,39,15,24,87,35,116,107,28,39,36
2020-08-31,68,58,48,34,7,58,44,36,43,49,37,12,42,90,36,134,127,41,32,43
2020-09-01,62,19,36,17,0,51,37,46,36,41,15,55,16,94,43,69,131,36,7,39
2020-09-02,64,3,26,29,0,46,29,23,28,26,18,33,25,96,24,84,116,43,2,35
2020-09-03,68,71,30,26,10,49,35,20,18,30,39,29,27,99,19,153,108,27,85,32
2020-09-04,63,58,26,26,10,47,51,23,36,50,40,35,24,102,22,92,134,34,76,28
2020-09-05,64,37,41,28,9,37,42,22,25,25,27,33,23,95,22,126,114,34,9,31
2020-09-06,57,7,19,18,0,51,34,10,3,20,21,31,27,94,7,105,115,24,1,29
2020-09-07,71,50,30,31,4,47,37,17,33,17,42,32,28,92,14,140,134,34,26,25
2020-09-08,71,80,32,30,7,48,37,23,48,40,39,33,21,106,26,129,107,39,80,22
2020-09-09,68,53,42,29,8,39,37,41,39,53,40,29,26,106,36,124,118,28,80,53
2020-09-10,52,63,44,29,8,45,33,33,57,53,31,14,20,93,22,129,134,33,64,41
2020-09-11,62,57,33,28,4,43,49,23,35,67,26,56,27,92,39,131,123,29,41,30
2020-09-12,64,56,36,23,11,42,43,25,35,46,26,28,34,99,25,133,115,34,34,33
2020-09-13,55,61,34,19,11,50,35,29,41,35,25,32,29,97,28,101,116,33,50,36
2020-09-14,67,58,41,29,3,51,44,28,46,45,23,23,30,103,29,130,141,25,70,31
2020-09-15,91,57,38,32,9,43,38,28,40,44,23,44,33,94,33,129,99,26,56,38
2020-09-16,59,62,42,27,9,50,36,33,47,56,26,36,28,104,35,128,105,38,47,35
2020-09-17,68,45,30,24,7,42,41,37,39,48,29,31,30,95,27,129,115,29,44,47
2020-09-18,65,54,34,25,6,49,44,29,38,45,33,26,24,87,27,116,112,45,36,49
2020-09-19,50,61,41,29,6,45,35,28,29,53,31,30,29,90,27,124,118,27,50,43
2020-09-20,75,65,34,23,11,63,42,19,35,55,23,36,24,79,23,118,112,35,42,26
2020-09-21,63,58,41,29,8,47,37,20,38,37,26,34,29,114,33,131,135,31,44,24
2020-09-22,58,52,34,30,5,49,41,26,42,30,22,36,22,95,28,128,122,44,35,39
2020-09-23,90,51,24,28,5,34,31,28,38,25,26,25,28,86,26,124,93,27,14,18
2020-09-24,69,66,14,29,8,54,37,23,36,26,23,30,25,92,16,134,131,33,48,23
2020-09-25,66,59,43,24,13,37,47,23,44,50,31,37,37,87,32,117,111,36,35,43
2020-09-26,39,62,33,29,7,51,39,31,40,61,28,27,26,60,21,123,119,36,39,34
2020-09-27,53,54,38,27,8,43,40,27,29,42,23,28,30,98,23,95,121,32,41,32
2020-09-28,69,70,53,29,15,55,35,33,39,59,25,37,31,102,32,146,123,42,90,42
2020-09-29,69,50,48,25,6,50,36,27,43,40,29,29,30,96,22,115,124,27,41,49
2020-09-30,66,44,42,26,4,37,39,31,42,44,21,36,24,97,30,138,119,36,40,36
2020-10-01,58,37,33,22,1,43,38,27,45,50,27,35,28,95,38,103,116,32,34,44
2020-10-02,79,46,36,25,7,51,54,26,37,52,26,32,29,99,28,105,106,32,42,48
2020-10-03,77,48,40,29,6,44,42,16,28,61,27,31,21,76,25,104,113,30,46,25
2020-10-04,57,69,40,22,5,44,29,30,38,67,19,24,20,85,25,97,129,22,42,38
2020-10-05,69,55,53,28,5,48,42,31,48,37,28,43,22,112,34,126,131,23,43,40
2020-10-06,70,49,48,30,7,44,29,30,40,55,19,26,31,81,32,136,109,32,42,43
2020-10-07,74,51,37,26,7,35,28,34,47,37,32,39,20,91,26,95,123,30,33,37
2020-10-08,61,30,14,21,9,47,41,25,34,21,31,32,29,83,23,111,130,37,10,24
2020-10-09,67,34,12,25,6,52,37,10,10,7,29,34,15,106,6,113,120,32,9,17
2020-10-10,50,71,2,21,9,41,37,8,24,9,39,34,26,94,15,91,103,31,61,0
2020-10-11,58,64,34,20,4,38,41,19,42,37,30,34,22,82,21,111,102,20,68,26
2020-10-12,70,62,55,33,6,27,40,39,53,62,50,29,28,117,32,113,132,16,49,55
2020-10-13,60,53,52,27,8,21,28,18,46,49,31,37,22,95,33,100,129,27,37,42
2020-10-14,70,43,47,25,8,61,27,40,40,57,36,28,24,83,30,104,110,23,45,43
2020-10-15,66,52,40,23,13,49,40,38,43,56,33,27,38,107,36,115,105,37,44,29
2020-10-16,64,56,44,23,7,45,43,40,46,39,49,36,31,83,27,118,115,56,47,47
2020-10-17,51,54,32,28,5,41,31,15,40,41,33,35,25,81,18,133,116,31,37,34
2020-10-18,62,49,41,26,8,48,39,13,43,52,28,28,18,92,27,115,111,35,43,36
2020-10-19,75,52,51,27,3,52,41,36,48,43,34,20,27,109,41,127,135,35,50,39
2020-10-20,66,47,52,38,7,46,36,34,44,42,43,36,28,94,31,107,108,18,38,43
2020-10-21,78,52,39,28,7,42,43,24,46,37,35,33,38,81,28,125,114,32,43,46
2020-10-22,65,44,35,25,7,49,45,32,50,43,31,29,29,113,32,117,128,34,46,39
2020-10-23,66,55,46,17,14,32,34,19,35,43,34,32,24,96,23,130,102,35,45,35
2020-10-24,57,48,32,23,2,50,28,21,36,53,27,35,35,101,18,124,125,35,47,32
2020-10-25,57,56,41,21,3,45,33,33,38,50,26,30,27,73,25,107,106,33,40,35
2020-10-26,76,63,44,22,12,63,43,40,44,55,35,38,32,103,34,120,155,30,43,47
2020-10-27,66,49,43,29,10,42,42,29,44,52,33,31,33,92,31,109,114,28,45,47
2020-10-28,47,52,43,27,4,39,39,44,43,52,26,22,30,104,35,125,106,37,47,36
2020-10-29,71,42,49,27,9,56,44,40,40,60,18,35,31,79,28,122,122,38,42,42
2020-10-30,61,46,52,28,8,48,30,33,45,51,28,19,36,78,31,151,94,37,47,47
2020-10-31,54,62,34,31,6,55,43,19,32,32,30,9,27,85,25,114,120,36,45,26
2020-11-01,52,59,36,27,5,43,38,28,46,62,23,7,36,82,30,130,132,31,42,31
2020-11-02,50,62,50,24,5,45,45,33,34,42,33,10,20,92,27,129,141,27,44,36
2020-11-03,67,49,41,36,4,32,36,24,34,45,26,6,35,99,33,109,115,24,49,38
2020-11-04,74,51,46,24,6,33,44,26,31,47,31,13,24,106,21,139,110,26,50,37
2020-11-05,64,39,40,30,6,49,18,31,38,46,26,7,36,91,29,123,102,40,40,41
2020-11-06,58,39,35,33,9,57,6,25,42,56,42,37,34,105,30,117,124,29,56,36
2020-11-07,62,51,38,31,5,42,54,13,29,43,24,35,32,82,17,129,111,37,37,37
2020-11-08,56,49,36,18,9,52,48,22,31,39,21,26,33,88,24,119,113,31,35,34
2020-11-09,55,55,37,25,12,38,42,36,46,39,30,23,27,96,38,118,127,36,43,35
2020-11-10,69,54,54,23,6,52,46,28,39,43,20,32,24,89,29,126,123,37,39,40
2020-11-11,59,41,43,26,10,51,28,35,47,48,22,31,29,102,31,126,121,31,48,34
2020-11-12,51,60,41,29,11,46,43,27,38,43,27,29,31,100,25,134,109,30,45,41
2020-11-13,62,58,47,33,9,41,26,29,37,57,25,19,33,94,26,126,109,30,44,27
2020-11-14,74,59,36,23,5,39,31,17,35,51,29,34,31,78,30,122,111,34,37,36
2020-11-15,62,52,33,24,10,41,38,25,34,43,23,29,37,84,30,122,128,30,39,32
2020-11-16,65,48,55,32,10,57,50,35,40,56,22,38,33,93,36,142,106,28,50,35
2020-11-17,58,52,46,32,11,43,34,21,47,50,20,13,21,101,26,131,107,37,42,39
2020-11-18,73,40,42,26,5,39,36,32,49,42,17,4,19,85,32,116,137,22,35,37
2020-11-19,57,36,42,36,3,61,44,27,46,57,27,13,31,107,42,125,118,26,21,48
2020-11-20,79,49,35,18,7,49,55,27,35,43,36,59,33,93,25,124,102,43,59,34
2020-11-21,72,46,32,17,8,49,41,19,28,42,13,32,30,90,25,98,107,41,32,33
2020-11-22,60,56,42,22,9,47,33,21,22,42,15,32,24,94,19,101,114,31,45,41
2020-11-23,64,56,48,38,9,47,34,33,45,56,28,41,30,111,30,138,120,34,39,46
2020-11-24,72,49,47,32,9,45,46,32,50,49,33,29,38,102,30,110,104,33,35,40
2020-11-25,65,44,43,27,7,43,34,33,44,45,20,32,31,89,30,120,131,35,44,31
2020-11-26,66,42,58,35,9,37,37,31,43,69,24,28,38,93,32,118,106,34,36,38
2020-11-27,68,45,39,22,7,51,43,31,43,46,16,29,35,109,30,119,107,38,44,51
2020-11-28,67,43,30,34,10,45,34,24,32,38,20,27,31,83,22,115,127,29,30,37
2020-11-29,55,46,47,17,5,45,31,29,41,46,20,5,35,86,33,111,125,21,37,34
2020-11-30,79,58,50,26,5,46,35,27,55,48,23,10,28,105,31,122,127,33,50,46
2020-12-01,51,42,43,30,11,45,32,33,41,49,30,11,26,86,34,123,125,28,34,32
2020-12-02,76,43,45,28,9,43,37,27,44,39,21,8,28,106,40,128,100,33,44,40
2020-12-03,66,47,39,31,13,40,35,23,46,52,17,9,29,94,26,127,123,34,31,37
2020-12-04,69,41,42,35,5,41,37,32,40,60,26,11,33,95,30,115,101,30,47,37
2020-12-05,55,41,34,25,13,55,31,19,29,47,27,14,33,83,21,139,120,29,35,42
2020-12-06,72,44,37,19,9,46,29,21,32,33,24,12,32,86,30,100,111,22,37,32
2020-12-07,70,45,47,36,4,54,43,20,55,50,26,10,34,107,43,137,135,30,44,43
2020-12-08,78,46,37,20,9,46,41,25,39,48,18,12,23,100,25,107,120,30,34,38
2020-12-09,71,48,40,29,4,52,41,31,40,48,22,10,35,95,27,124,119,19,42,37
2020-12-10,58,51,44,33,12,40,34,37,38,62,21,10,25,108,31,129,106,43,39,40
2020-12-11,72,36,41,31,3,49,45,18,41,49,16,9,32,103,22,127,113,31,50,35
2020-12-12,59,43,27,25,6,43,45,31,31,43,29,15,30,80,22,112,117,31,52,35
2020-12-13,56,48,32,19,8,40,33,36,33,42,20,8,15,94,37,104,113,27,30,38
2020-12-14,68,47,59,21,3,52,41,32,46,43,11,7,36,100,31,74,135,31,39,50
2020-12-15,68,27,46,28,7,48,41,30,35,50,26,8,32,103,16,90,100,35,49,42
2020-12-16,72,38,36,39,7,52,37,29,37,49,25,8,36,102,27,134,120,32,39,40
2020-12-17,58,41,39,24,8,47,27,34,48,55,23,11,30,91,38,128,129,40,44,49
2020-12-18,66,39,34,25,7,39,34,33,45,40,23,9,26,95,33,123,99,29,38,34
2020-12-19,79,50,30,33,4,46,40,25,42,42,17,6,34,90,27,134,117,38,42,38
2020-12-20,60,51,41,24,10,35,24,30,36,47,10,12,35,78,24,110,107,31,33,40
2020-12-21,69,63,59,30,7,52,36,27,52,49,26,10,30,105,36,155,122,28,49,45
2020-12-22,71,44,43,26,6,47,38,28,36,52,38,8,30,90,26,123,107,33,33,38
2020-12-23,65,34,41,25,8,47,37,27,53,49,29,31,30,95,26,109,126,37,42,43
2020-12-24,53,36,36,30,9,55,32,28,46,57,35,36,36,77,37,102,118,35,57,44
2020-12-25,58,39,33,33,7,51,37,32,45,53,19,31,35,54,34,139,107,42,38,43
2020-12-26,53,32,33,30,8,50,39,20,31,41,29,33,30,76,29,128,120,46,45,35
2020-12-27,33,47,46,19,17,51,41,34,41,40,20,26,29,68,29,119,97,21,43,32
2020-12-28,68,61,33,26,9,43,39,33,44,38,24,34,18,93,32,125,121,37,37,33
2020-12-29,74,40,29,20,7,47,40,32,31,33,1,25,0,90,25,59,129,16,39,32
2020-12-30,54,24,16,34,9,36,40,18,17,25,0,37,18,80,16,32,124,30,17,27
2020-12-31,56,40,12,23,4,40,35,12,6,11,31,28,38,81,4,121,109,33,41,10
2021-01-01,46,36,25,29,3,33,32,10,13,16,35,26,34,51,9,136,123,33,37,9
2021-01-02,55,42,22,25,7,36,28,6,37,19,30,10,34,84,20,131,100,25,37,20
2021-01-03,72,42,25,16,6,48,36,7,46,33,22,6,34,83,23,125,87,33,38,14
2021-01-04,58,48,53,28,3,52,43,22,48,43,27,10,32,82,33,151,134,34,33,35
2021-01-05,68,43,43,33,10,57,45,28,35,44,34,11,39,76,28,142,124,31,44,37
2021-01-06,59,39,38,23,10,44,36,35,50,32,18,55,5,110,33,103,127,3,44,43
2021-01-07,77,45,24,26,7,41,32,16,35,48,0,33,23,95,24,63,120,40,24,25
2021-01-08,72,34,34,32,9,49,34,22,33,33,22,24,28,101,19,86,106,30,59,57
2021-01-09,47,32,30,21,9,41,34,20,28,34,30,5,30,88,28,133,105,41,36,20
2021-01-10,64,39,30,22,7,46,39,20,23,47,27,8,37,70,31,119,104,33,35,22
2021-01-11,52,60,33,21,6,47,43,29,44,52,28,14,35,100,36,132,131,26,53,38
2021-01-12,65,43,53,26,3,50,38,34,46,51,27,41,36,85,29,137,125,37,47,44
2021-01-13,64,43,37,27,5,46,35,29,42,43,31,12,33,80,32,125,109,33,47,38
2021-01-14,66,55,37,31,7,46,42,31,45,61,40,9,30,100,32,131,100,38,57,38
2021-01-15,74,47,33,30,15,49,34,27,42,52,23,11,35,110,28,138,119,33,49,44
2021-01-16,71,43,29,25,7,48,40,27,37,44,16,23,31,82,22,104,128,36,41,31
2021-01-17,62,44,50,20,8,50,29,37,40,44,26,3,24,81,29,124,113,30,42,46
2021-01-18,58,48,40,33,7,51,38,33,42,47,37,6,45,109,37,150,131,32,36,52
2021-01-19,55,40,31,29,3,57,36,33,43,35,17,8,29,94,28,123,117,28,36,34
2021-01-20,68,51,54,33,12,37,37,28,49,56,25,4,24,79,32,139,113,33,36,38
2021-01-21,57,41,38,27,3,52,54,29,46,43,19,11,1,84,31,93,113,34,44,45
2021-01-22,74,43,36,20,5,57,34,32,35,64,9,5,42,87,17,94,131,38,49,31
2021-01-23,61,25,29,23,7,48,37,22,32,40,40,12,33,94,24,121,127,35,11,42
2021-01-24,59,49,18,23,9,51,46,23,41,28,32,9,32,71,31,103,122,31,29,20
2021-01-25,62,66,37,37,10,40,38,25,44,37,33,8,40,96,36,130,117,26,93,42
2021-01-26,64,55,50,22,14,38,38,34,49,46,40,9,31,96,32,94,109,30,59,41
2021-01-27,73,40,45,27,11,42,40,42,44,51,25,10,36,90,35,130,127,40,33,44
2021-01-28,73,27,37,27,8,48,45,37,40,54,27,10,25,85,21,98,99,26,22,48
2021-01-29,66,41,35,33,5,53,34,24,36,43,38,14,27,85,29,149,115,30,41,34
2021-01-30,72,57,35,31,8,50,36,17,31,40,33,50,36,87,30,128,123,29,61,32
2021-01-31,46,49,39,15,10,44,37,33,28,52,22,32,45,82,25,108,116,38,29,33
2021-02-01,85,62,25,31,8,63,36,37,52,39,41,22,34,111,37,111,131,30,45,36
2021-02-02,60,46,44,26,5,45,49,19,36,36,35,30,30,91,27,111,116,37,59,39
2021-02-03,64,61,52,24,8,36,40,25,44,45,27,14,31,85,30,127,107,34,44,58
2021-02-04,63,50,37,30,8,47,37,34,43,62,40,7,23,89,31,121,110,29,41,42
2021-02-05,58,62,41,35,6,49,36,27,38,58,28,7,30,102,28,117,121,34,48,41
2021-02-06,74,55,37,16,9,42,41,26,47,45,44,11,34,88,25,133,113,41,43,37
2021-02-07,32,47,37,20,9,44,35,27,40,58,24,43,30,50,38,94,125,33,38,39
2021-02-08,73,61,52,28,7,51,37,31,43,55,34,9,34,88,36,113,145,34,41,55
2021-02-09,51,52,47,24,6,48,41,30,48,53,32,9,35,86,22,117,124,34,49,46
2021-02-10,64,60,36,18,8,37,35,26,39,47,32,11,19,77,35,117,122,29,39,26
2021-02-11,68,41,30,22,3,39,25,34,35,57,47,9,28,76,44,80,113,14,44,33
2021-02-12,73,39,41,24,8,47,37,34,42,60,55,16,19,90,36,114,111,31,36,49
2021-02-13,60,49,41,19,7,46,40,19,44,40,54,46,19,85,27,102,108,31,39,19
2021-02-14,59,56,24,15,10,42,30,30,34,37,52,28,28,84,30,119,123,12,39,38
2021-02-15,63,55,27,21,12,66,32,42,36,21,49,33,31,90,32,122,125,21,36,31
2021-02-16,65,50,11,19,10,40,40,18,28,48,58,31,23,102,32,106,151,26,31,32
2021-02-17,81,32,30,18,4,57,36,23,28,31,53,28,24,99,24,82,123,26,27,38
2021-02-18,79,56,44,26,7,49,29,26,39,36,50,14,30,97,35,107,135,29,60,46
2021-02-19,66,54,43,23,9,48,39,30,39,55,50,36,28,111,31,101,116,33,29,48
2021-02-20,64,58,26,17,5,36,33,19,31,48,54,25,29,75,30,93,112,35,33,33
2021-02-21,53,54,36,10,11,27,32,25,36,54,45,15,21,90,33,81,116,25,36,49
2021-02-22,72,64,33,27,7,54,50,30,42,54,53,4,35,114,31,95,124,30,54,38
2021-02-23,72,52,31,24,10,41,39,21,41,53,39,9,21,102,39,115,109,27,65,36
2021-02-24,73,54,41,28,9,38,41,29,33,61,44,50,35,108,35,127,123,32,43,46
2021-02-25,57,51,52,20,10,39,49,25,45,62,48,26,26,78,25,85,126,36,40,35
2021-02-26,78,30,29,19,3,55,49,37,37,47,45,39,39,94,41,104,116,35,13,45
2021-02-27,67,42,37,25,6,43,26,34,27,39,45,34,33,86,21,102,130,36,13,27
2021-02-28,60,99,22,20,11,42,44,27,28,36,38,22,25,98,26,56,127,15,69,33
2021-03-01,63,49,35,28,9,42,41,33,41,42,21,35,23,95,34,111,131,34,38,34
2021-03-02,78,50,13,33,5,54,38,35,31,34,35,32,30,103,29,141,107,33,24,23
2021-03-03,67,52,52,28,6,47,43,28,41,54,45,21,37,95,33,105,124,27,81,42
2021-03-04,58,54,50,23,11,49,39,32,43,43,57,29,29,86,33,87,113,36,56,44
2021-03-05,75,62,44,28,10,45,35,21,38,37,54,29,34,101,24,131,126,19,37,46
2021-03-06,69,47,29,23,7,45,37,25,28,58,52,34,29,75,18,124,121,37,20,28
2021-03-07,72,57,37,15,7,37,34,26,34,49,52,23,31,107,30,118,112,37,73,31
2021-03-08,57,60,46,26,8,50,34,19,49,51,57,34,29,114,39,137,135,26,57,39
2021-03-09,73,59,36,32,8,47,39,28,39,52,60,16,33,85,28,131,104,31,44,53
2021-03-10,74,57,41,27,4,52,41,31,43,54,57,15,27,104,24,103,128,37,53,39
2021-03-11,56,66,46,36,3,47,30,34,32,54,48,41,36,79,45,129,126,32,41,46
2021-03-12,60,57,36,33,11,51,44,34,37,45,54,37,35,82,30,117,127,39,30,57
2021-03-13,59,70,19,29,6,53,37,24,28,33,46,24,29,80,21,124,112,35,48,32
2021-03-14,66,53,24,31,9,48,35,29,38,56,57,14,35,96,29,108,99,36,52,32
2021-03-15,77,67,44,28,8,52,35,27,38,63,56,45,32,87,30,110,142,35,55,60
2021-03-16,78,54,29,22,11,47,41,23,33,56,55,29,23,94,24,142,121,39,41,39
2021-03-17,57,57,56,26,3,53,32,35,34,41,58,26,34,85,30,125,132,35,42,53
2021-03-18,64,51,42,31,8,42,33,29,31,73,59,40,20,80,39,115,117,25,41,43
2021-03-19,80,58,43,28,8,55,40,23,39,44,53,29,51,89,31,83,110,44,29,44
2021-03-20,66,59,27,30,1,48,37,27,32,42,41,30,23,83,23,163,125,31,54,56
2021-03-21,56,60,34,19,5,52,41,33,40,25,49,25,29,81,22,118,100,27,46,21
2021-03-22,74,52,53,21,4,50,41,29,41,42,54,26,36,95,35,132,147,30,52,48
2021-03-23,69,57,40,29,9,42,31,35,33,56,69,34,38,92,34,116,94,30,43,49
2021-03-24,73,52,40,25,3,41,42,31,38,53,58,28,30,94,29,106,116,35,35,41
2021-03-25,67,63,46,29,7,49,42,36,44,54,45,16,28,85,37,97,116,31,41,43
2021-03-26,86,52,39,23,7,54,29,37,42,62,42,38,32,86,33,115,126,27,44,45
2021-03-27,78,44,29,34,10,49,38,16,33,41,39,22,34,86,29,102,102,16,30,49
2021-03-28,57,59,35,25,13,52,50,32,25,40,51,34,21,88,22,101,113,34,53,36
2021-03-29,69,70,46,32,11,56,40,36,36,36,58,27,29,107,35,46,141,50,43,55
2021-03-30,74,54,44,30,7,42,44,30,41,46,54,31,27,87,27,188,105,35,50,43
2021-03-31,61,59,49,28,10,40,25,34,31,60,20,38,34,93,31,88,121,36,40,35
2021-04-01,71,47,50,24,6,36,43,33,39,67,11,31,34,88,44,3,131,42,14,38
2021-04-02,67,69,31,32,7,52,36,16,39,41,61,33,31,92,23,154,111,31,72,48
2021-04-03,58,51,31,27,5,50,31,21,33,35,56,31,34,90,26,149,104,39,28,31
2021-04-04,62,52,28,18,4,39,32,25,34,51,52,29,26,88,33,105,108,32,15,31
2021-04-05,51,50,44,27,10,48,39,27,34,51,69,18,34,91,40,128,141,25,63,34
2021-04-06,53,57,34,32,10,48,30,20,27,37,49,40,33,71,21,105,146,39,66,36
2021-04-07,61,60,42,27,8,42,37,36,41,59,57,29,29,92,29,103,97,27,67,51
2021-04-08,71,57,49,29,7,47,40,33,38,61,57,34,37,92,36,125,117,34,40,57
2021-04-09,68,50,40,29,4,51,32,33,27,48,57,34,34,84,25,132,133,36,37,46
2021-04-10,68,62,38,17,8,56,39,25,32,34,58,25,29,91,24,129,146,28,44,34
2021-04-11,64,64,33,23,12,41,27,32,35,58,55,26,32,95,30,109,96,23,48,41
2021-04-12,63,57,47,26,11,44,50,31,56,50,56,11,32,110,36,145,142,39,32,45
2021-04-13,85,61,38,31,6,57,47,29,33,37,59,9,29,102,30,134,122,36,35,53
2021-04-14,58,62,34,28,6,51,31,35,40,33,60,10,29,90,22,128,123,38,55,37
2021-04-15,69,59,39,30,14,54,37,24,32,58,51,14,27,78,34,140,116,24,49,43
2021-04-16,66,55,41,26,8,56,43,29,32,43,41,13,30,110,24,119,107,33,36,46
2021-04-17,59,58,22,22,2,49,41,24,29,30,38,9,25,99,24,119,129,27,50,36
2021-04-18,64,68,22,22,4,47,43,27,35,55,35,7,30,91,32,135,115,32,38,27
2021-04-19,76,57,60,24,8,49,28,36,44,57,35,49,34,100,42,160,117,43,48,51
2021-04-20,57,48,54,25,7,50,35,33,48,52,29,10,38,103,28,102,114,30,43,44
2021-04-21,78,52,40,28,11,54,41,37,39,48,28,5,29,97,32,120,120,34,49,48
2021-04-22,61,60,42,31,6,46,37,37,41,47,18,43,33,87,27,103,122,30,47,48
2021-04-23,65,50,39,33,13,43,48,37,47,55,33,19,29,93,31,67,108,28,16,40
2021-04-24,72,66,31,34,13,48,32,26,36,53,37,11,33,92,32,131,128,36,67,40
2021-04-25,53,60,34,24,8,39,39,27,30,56,44,11,29,83,30,116,111,37,35,37
2021-04-26,71,65,45,26,5,51,40,26,40,52,69,8,31,92,43,121,122,40,52,47
2021-04-27,71,51,39,33,5,56,39,26,46,44,44,62,31,100,31,105,115,26,46,46
2021-04-28,69,55,34,21,3,42,43,30,32,51,50,24,24,100,27,117,112,39,42,28
2021-04-29,76,53,32,37,10,54,41,22,28,28,65,31,29,115,30,122,116,33,39,52
2021-04-30,78,49,33,34,5,48,31,28,17,54,56,31,35,98,33,112,130,42,46,42
2021-05-01,68,59,13,22,5,48,37,26,20,33,58,27,33,87,16,126,120,43,37,38
2021-05-02,46,53,19,19,3,42,39,20,31,26,43,26,31,96,18,113,101,33,38,16
2021-05-03,63,74,40,34,7,59,44,31,26,42,42,34,32,87,24,96,108,32,47,36
2021-05-04,54,32,19,38,6,51,41,18,45,42,52,25,37,72,22,114,118,31,26,29
2021-05-05,62,63,31,18,9,61,42,28,28,38,53,29,26,106,28,114,120,38,55,34
2021-05-06,74,53,50,28,8,37,44,23,35,37,53,29,30,98,39,121,113,30,37,56
2021-05-07,64,43,35,37,8,50,38,33,36,57,46,34,38,90,32,117,131,26,48,40
2021-05-08,67,55,32,34,3,55,34,13,36,28,48,24,33,93,21,111,106,31,41,33
2021-05-09,71,72,31,20,13,43,37,25,29,46,16,31,31,89,29,100,113,39,34,36
2021-05-10,60,62,56,25,6,47,49,25,49,52,37,29,27,104,35,62,134,40,47,36
2021-05-11,68,47,38,33,5,34,35,31,42,67,63,33,28,97,23,165,126,33,32,47
2021-05-12,60,61,41,30,6,50,34,35,29,45,60,26,31,97,32,103,106,37,35,40
2021-05-13,67,52,26,31,6,42,37,30,31,33,33,26,35,111,23,112,124,23,49,40
2021-05-14,69,63,48,30,7,49,41,26,33,52,21,20,33,86,33,64,122,41,43,49
2021-05-15,67,65,32,23,11,46,42,22,31,37,64,33,23,76,30,141,109,50,36,44
2021-05-16,64,47,18,20,6,34,42,38,31,52,55,27,26,91,32,120,111,33,24,35
2021-05-17,70,60,48,27,5,48,44,31,48,49,68,16,42,107,30,110,130,37,62,35
2021-05-18,73,57,48,25,5,53,30,32,37,49,52,10,32,120,22,125,132,30,39,57
2021-05-19,70,59,39,27,9,46,37,30,36,67,59,49,33,103,39,135,113,32,42,32
2021-05-20,71,42,40,21,5,43,39,25,41,47,64,33,31,93,38,121,126,36,39,50
2021-05-21,57,53,19,23,5,46,46,34,31,42,59,33,30,84,16,126,105,33,43,31
2021-05-22,72,66,51,31,7,46,33,20,33,44,52,25,39,82,29,123,122,39,53,33
2021-05-23,68,59,37,19,9,45,44,34,32,50,53,24,30,87,24,93,117,29,37,51
2021-05-24,66,64,52,29,5,46,42,25,44,53,63,35,30,109,30,114,111,42,47,59
2021-05-25,66,41,37,20,10,56,27,36,35,61,65,27,30,93,36,112,121,36,54,55
2021-05-26,78,53,33,27,14,49,39,45,46,59,62,28,17,106,29,116,119,39,32,44
2021-05-27,60,72,32,26,2,39,40,34,38,41,49,8,41,103,26,129,114,29,48,48
2021-05-28,76,44,24,26,14,58,39,24,45,64,62,7,32,90,18,117,112,35,36,46
2021-05-29,53,52,32,27,9,49,36,20,26,38,59,14,27,88,21,120,113,29,50,45
2021-05-30,56,63,50,22,7,38,36,30,29,61,52,8,16,75,24,106,113,36,38,50
2021-05-31,79,49,55,22,8,56,51,30,31,55,62,19,38,102,33,118,148,40,44,41
2021-06-01,67,62,35,25,7,43,43,44,34,53,56,42,22,84,27,105,95,30,40,51
2021-06-02,77,44,48,34,10,34,40,34,36,51,33,10,34,87,30,71,113,21,43,42
2021-06-03,54,54,34,27,9,49,33,34,33,48,67,8,32,83,33,129,104,41,42,45
2021-06-04,68,58,20,21,2,41,29,28,32,29,58,14,42,110,20,123,114,44,48,26
2021-06-05,61,56,30,26,11,37,42,12,31,46,59,13,42,76,23,119,108,35,33,46
2021-06-06,57,63,32,20,14,41,33,33,30,51,58,6,40,81,29,107,116,32,44,43
2021-06-07,68,57,44,27,15,54,38,33,38,56,57,6,32,95,35,116,140,32,41,43
2021-06-08,76,56,44,26,10,42,34,31,54,49,55,10,10,105,22,108,108,33,37,47
2021-06-09,77,53,33,25,11,38,38,26,45,56,53,50,7,101,34,127,100,34,46,40
2021-06-10,70,46,43,25,7,49,34,40,39,46,54,31,31,82,33,118,130,36,40,49
2021-06-11,73,45,34,18,13,48,40,29,29,51,48,25,22,102,25,102,102,39,24,47
2021-06-12,65,62,27,28,8,37,37,20,34,39,21,32,32,76,24,130,118,30,55,32
2021-06-13,49,58,32,19,6,47,41,30,31,48,61,15,30,76,26,85,113,23,36,46
2021-06-14,72,63,37,29,2,46,45,26,38,45,55,8,31,105,29,110,123,35,46,37
2021-06-15,66,53,40,26,8,55,42,31,46,46,56,11,10,98,36,124,123,28,36,45
2021-06-16,59,46,31,25,13,52,38,30,30,47,76,10,46,102,36,98,108,45,34,39
2021-06-17,66,53,41,28,11,36,26,26,36,54,47,4,35,92,35,106,101,34,50,42
2021-06-18,68,56,38,25,8,43,35,26,35,55,56,8,39,96,38,130,130,33,48,38
2021-06-19,50,52,37,22,7,44,32,19,27,34,62,6,35,82,25,114,106,37,39,35
2021-06-20,60,62,37,22,7,39,37,28,34,41,53,6,31,89,34,121,99,20,41,40
2021-06-21,69,59,38,27,7,55,31,34,38,54,68,14,36,84,37,112,128,39,35,35
2021-06-22,60,54,38,23,7,42,46,23,36,54,54,37,35,96,25,109,98,32,48,47
2021-06-23,68,46,36,24,11,42,32,29,39,49,65,35,26,105,23,120,116,39,48,50
2021-06-24,66,56,36,25,7,51,39,37,39,60,46,29,32,97,31,120,100,40,46,31
2021-06-25,70,40,38,26,8,37,38,33,38,51,63,31,32,107,25,126,102,36,48,45
2021-06-26,54,64,36,21,13,30,29,22,34,57,49,17,37,90,19,123,114,34,37,31
2021-06-27,61,61,34,14,4,35,48,32,34,51,46,46,35,78,32,110,110,21,29,44
2021-06-28,66,64,39,24,13,46,37,31,44,48,53,32,32,105,33,109,149,42,44,56
2021-06-29,63,68,44,24,4,37,40,27,38,50,46,22,30,84,28,121,110,29,45,35
2021-06-30,75,53,39,24,8,45,37,37,39,44,49,25,31,104,32,119,104,15,47,41
2021-07-01,78,47,35,23,9,33,48,36,43,53,51,29,35,113,22,139,109,20,43,45
2021-07-02,69,63,21,26,9,45,32,27,32,23,48,16,29,100,26,104,133,36,40,40
2021-07-03,58,41,26,26,8,44,27,14,32,39,67,18,25,74,20,108,110,40,28,27
2021-07-04,69,57,33,20,9,40,39,23,27,62,50,5,27,63,29,101,100,29,20,38
2021-07-05,67,50,55,27,9,54,32,30,35,45,58,13,44,104,35,103,129,37,71,41
2021-07-06,58,59,41,33,9,37,44,29,46,49,57,42,36,95,34,120,117,35,46,47
2021-07-07,54,54,48,29,7,42,42,35,39,43,63,26,19,106,38,120,109,39,39,32
2021-07-08,65,63,50,35,6,29,37,38,36,52,61,19,17,89,25,115,121,38,46,46
2021-07-09,62,50,39,28,9,36,37,32,44,49,60,12,45,88,22,103,113,32,45,50
2021-07-10,59,58,33,20,7,36,40,15,31,43,50,5,40,86,22,120,104,29,43,32
2021-07-11,57,55,43,24,9,32,35,29,29,53,62,6,29,90,25,109,114,24,37,37
2021-07-12,65,65,55,30,14,48,37,33,45,57,46,10,23,96,31,107,115,29,38,44
2021-07-13,82,58,39,30,9,46,32,22,40,53,48,8,25,91,43,120,118,29,39,48
2021-07-14,69,60,40,27,12,37,36,39,39,43,57,5,19,111,28,116,114,32,27,42
2021-07-15,68,52,43,19,7,34,32,29,46,57,62,13,15,92,31,110,133,39,59,36
2021-07-16,68,51,44,26,7,39,36,22,48,48,59,9,18,89,42,116,95,36,48,43
2021-07-17,52,61,29,28,14,48,35,18,36,50,66,4,17,84,24,103,139,29,44,41
2021-07-18,60,59,41,20,10,42,36,28,36,54,56,63,24,65,32,113,93,29,39,31
2021-07-19,61,48,40,20,9,33,43,40,38,48,37,26,45,105,41,109,155,32,42,44
2021-07-20,69,52,53,26,14,45,31,33,41,38,32,24,25,93,32,123,91,29,37,48
2021-07-21,75,56,30,26,9,48,38,28,35,46,43,28,34,97,36,99,117,38,46,52
2021-07-22,61,53,33,32,10,46,26,25,46,49,21,27,26,87,18,78,108,31,41,30
2021-07-23,63,48,35,19,8,33,29,26,26,35,0,27,12,98,25,57,112,43,46,48
2021-07-24,65,56,27,27,13,31,21,23,41,39,1,24,34,69,21,0,98,31,47,32
2021-07-25,50,52,23,14,8,38,23,28,25,43,2,25,21,87,28,1,115,26,25,32
2021-07-26,74,39,19,18,8,39,26,31,47,51,15,23,23,103,29,1,126,17,44,42
2021-07-27,71,48,32,7,8,27,35,37,47,44,64,27,29,99,30,58,104,29,40,27
2021-07-28,52,50,45,15,10,26,39,35,42,34,69,27,6,93,31,156,117,35,48,38
2021-07-29,80,44,55,29,11,47,41,20,37,63,77,28,8,92,30,118,94,2,29,53
2021-07-30,62,48,47,23,9,35,41,26,42,56,51,25,56,95,26,114,99,30,51,43
2021-07-31,62,51,43,26,11,48,35,23,37,51,68,29,31,102,27,120,101,35,42,37
2021-08-01,62,46,32,20,6,37,31,36,34,53,47,26,27,88,28,124,91,24,43,35
2021-08-02,78,53,46,28,11,47,25,30,46,55,47,30,13,98,34,107,120,29,42,41
2021-08-03,64,53,28,27,9,34,45,29,52,45,65,29,66,100,40,111,115,38,36,35
2021-08-04,73,43,41,20,6,42,34,29,47,48,50,23,33,108,32,110,105,30,41,41
2021-08-05,63,59,42,17,10,37,2,23,47,50,29,30,26,81,30,118,109,40,46,44
2021-08-06,67,52,41,27,8,30,0,26,41,57,64,27,38,91,31,123,116,29,33,34
2021-08-07,64,56,18,27,6,43,7,20,36,27,42,23,30,69,24,123,120,34,43,29
2021-08-08,61,44,10,23,9,25,71,14,14,22,46,30,32,78,14,102,96,31,28,18
2021-08-09,69,59,14,28,6,40,49,23,29,26,52,30,35,100,11,133,114,42,13,15
2021-08-10,61,50,36,24,8,42,44,36,52,28,44,24,31,90,33,117,119,21,24,39
2021-08-11,55,51,55,20,5,39,49,30,36,60,42,31,15,94,29,124,102,35,75,56
2021-08-12,59,47,43,20,8,42,43,23,42,52,53,31,38,89,36,113,108,33,46,54
2021-08-13,64,46,21,28,9,43,39,24,38,33,37,32,31,93,18,116,120,30,40,35
2021-08-14,67,57,19,27,3,35,33,17,23,21,36,25,34,90,15,116,114,27,40,24
2021-08-15,53,62,37,27,11,45,33,26,32,34,36,35,22,74,23,85,106,38,47,32
2021-08-16,76,49,44,26,12,52,51,26,44,52,26,21,34,104,35,132,108,28,44,34
2021-08-17,56,58,51,24,11,45,34,27,43,51,34,24,28,92,39,106,104,28,22,38
2021-08-18,71,60,47,22,10,32,38,27,31,46,69,24,23,88,26,95,117,26,27,32
2021-08-19,62,61,42,24,7,41,37,33,37,51,45,16,16,97,30,91,118,33,71,50
2021-08-20,64,46,41,29,8,43,42,27,43,53,55,22,28,89,22,113,85,29,55,42
2021-08-21,53,49,39,25,7,46,33,34,28,43,46,26,45,84,23,109,115,34,20,35
2021-08-22,54,46,39,15,15,42,37,27,33,52,45,15,35,101,28,102,103,22,42,49
2021-08-23,62,3,43,30,2,49,41,30,44,56,41,19,11,92,34,112,129,27,8,44
2021-08-24,61,60,39,27,8,46,42,30,37,59,53,10,31,99,22,102,126,19,33,49
2021-08-25,81,63,40,23,9,40,34,29,39,53,55,24,28,92,29,109,117,23,105,44
2021-08-26,63,65,39,27,12,50,30,38,43,55,42,13,32,72,28,99,99,32,63,46
2021-08-27,60,54,38,32,18,42,39,24,39,58,43,22,15,85,33,114,116,22,65,40
2021-08-28,63,70,35,23,8,40,39,29,40,47,37,14,11,82,35,104,104,26,42,24
2021-08-29,57,49,43,21,13,39,38,35,35,50,32,15,25,92,39,105,93,20,61,53
2021-08-30,67,50,42,25,7,48,41,36,45,52,46,18,40,112,31,110,109,24,52,49
2021-08-31,60,56,43,25,10,43,33,32,52,48,61,11,13,89,25,112,122,27,42,35
2021-09-01,78,47,31,28,9,47,25,33,52,46,54,6,14,95,26,91,96,38,38,46
2021-09-02,62,57,41,19,14,33,38,23,39,46,53,7,24,84,29,118,102,29,34,35
2021-09-03,75,55,44,32,8,42,37,30,46,46,43,8,23,109,34,109,103,25,56,41
2021-09-04,62,53,30,20,8,40,39,23,39,36,31,10,45,92,25,84,111,38,46,35
2021-09-05,58,52,42,20,9,37,26,26,38,37,63,9,1,79,33,100,112,19,49,31
2021-09-06,66,55,37,24,7,36,37,41,55,53,42,10,16,97,36,113,130,33,43,39
2021-09-07,68,55,42,30,10,37,33,26,33,43,41,8,25,71,26,109,116,33,42,42
2021-09-08,74,47,43,19,10,43,32,38,41,37,39,7,40,93,24,114,116,34,41,53
2021-09-09,74,57,41,27,9,42,38,36,52,45,48,8,24,92,39,107,110,36,44,39
2021-09-10,55,54,39,22,10,45,31,23,51,50,33,6,29,95,29,99,120,22,52,39
2021-09-11,72,67,37,23,8,30,15,13,28,45,19,12,23,80,18,115,107,35,46,25
2021-09-12,64,50,41,19,15,42,31,37,44,40,5,6,28,62,20,44,87,27,39,37
2021-09-13,72,57,46,23,7,44,37,31,52,51,0,8,34,124,37,1,112,36,44,37
2021-09-14,55,38,35,21,7,36,29,22,41,48,2,10,25,88,22,0,120,32,23,44
2021-09-15,73,32,46,9,3,40,34,27,38,43,27,9,27,80,28,55,105,36,9,43
2021-09-16,76,3,40,21,1,27,33,29,37,38,60,12,25,91,29,128,123,30,0,48
2021-09-17,66,36,30,15,9,44,42,11,17,17,47,10,53,84,5,136,119,30,11,28
2021-09-18,50,85,14,26,15,48,33,13,41,13,58,7,26,89,18,113,106,24,84,16
2021-09-19,54,58,36,20,10,36,29,26,41,42,28,7,7,85,29,108,95,14,85,33
2021-09-20,81,47,42,24,9,44,31,33,45,45,37,7,50,109,24,105,142,39,57,38
2021-09-21,73,23,53,20,8,32,43,37,39,38,59,5,25,76,33,118,115,40,31,38
2021-09-22,53,42,33,24,11,40,32,24,44,56,53,10,15,91,28,102,109,28,60,41
2021-09-23,44,48,44,19,6,50,32,32,42,55,51,4,28,102,36,118,96,24,52,41
2021-09-24,67,46,38,27,10,43,36,32,35,49,49,7,24,74,29,93,106,32,41,40
2021-09-25,64,74,39,18,11,46,39,28,40,43,61,5,27,78,18,98,120,21,34,42
2021-09-26,65,59,34,17,10,37,32,30,33,29,54,11,17,94,42,108,115,25,41,39
2021-09-27,71,57,42,21,5,41,41,38,45,46,65,6,29,107,37,107,118,35,40,41
2021-09-28,63,52,29,22,13,44,33,27,43,31,56,19,15,97,25,125,112,34,44,38
2021-09-29,66,58,21,24,12,47,41,36,35,31,53,9,35,94,29,114,121,31,47,21
2021-09-30,71,49,11,25,14,51,29,26,48,14,55,8,25,94,20,128,111,28,43,11
2021-10-01,63,46,10,21,12,41,36,17,29,9,49,11,49,86,26,90,93,18,41,10
2021-10-02,58,48,39,19,9,39,38,15,28,52,49,9,18,99,26,94,125,37,39,36
2021-10-03,65,57,53,18,10,47,40,26,39,61,55,7,36,82,30,107,99,25,48,54
2021-10-04,70,46,58,21,8,50,36,28,37,56,50,11,34,100,33,115,130,28,43,54
2021-10-05,73,41,51,26,13,42,38,26,45,62,58,11,34,103,30,96,91,25,50,49
2021-10-06,56,60,34,21,6,27,44,26,32,58,44,9,26,101,27,123,127,26,50,37
2021-10-07,83,49,46,14,8,38,38,33,41,38,50,10,25,102,33,96,130,29,52,40
2021-10-08,55,47,42,16,11,33,29,24,47,44,53,10,29,103,27,105,97,29,47,42
2021-10-09,66,57,32,12,9,2,36,21,38,44,49,6,37,69,29,115,119,28,36,30
2021-10-10,61,47,25,15,7,52,31,20,23,41,40,4,24,76,24,92,88,32,33,29
2021-10-11,73,43,48,18,12,27,25,24,33,40,13,7,32,104,32,67,127,30,19,42
2021-10-12,62,47,62,1,7,8,29,33,45,43,62,7,33,90,29,94,120,33,27,40
2021-10-13,74,49,31,10,14,29,45,32,35,34,48,8,29,95,40,122,117,26,62,38
2021-10-14,70,57,38,24,11,61,37,30,34,47,31,11,17,98,32,120,116,30,48,32
2021-10-15,59,72,43,25,8,42,31,29,33,45,46,11,30,94,30,99,121,26,47,47
2021-10-16,53,45,40,24,5,42,41,16,30,39,12,8,17,84,27,61,95,14,22,32
2021-10-17,51,50,35,16,10,41,39,22,38,50,30,5,31,72,23,108,106,21,30,37
2021-10-18,67,58,47,24,6,48,35,30,44,41,68,12,30,107,42,129,126,17,60,39
2021-10-19,68,52,34,13,11,41,32,36,37,30,41,6,6,102,27,109,116,29,41,36
2021-10-20,68,57,40,17,13,47,28,27,38,43,61,10,51,99,27,115,99,34,41,42
2021-10-21,59,42,51,21,8,44,34,27,32,58,44,13,27,70,23,97,110,34,58,38
2021-10-22,66,49,48,19,15,47,28,34,40,37,56,9,39,95,38,116,101,35,39,45
2021-10-23,70,61,33,19,9,44,34,19,31,42,49,9,24,87,28,111,106,27,48,38
2021-10-24,53,54,37,12,9,48,31,36,37,46,48,10,13,75,39,98,84,33,48,37
2021-10-25,63,44,31,27,10,38,37,35,47,40,48,14,21,97,31,115,148,36,50,44
2021-10-26,59,59,34,23,4,47,33,34,43,42,45,11,49,92,32,114,113,35,44,29
2021-10-27,72,53,46,26,8,43,40,33,51,51,67,47,37,96,28,109,105,31,46,45
2021-10-28,58,51,50,20,7,37,26,34,36,56,47,35,28,84,26,122,109,29,29,48
2021-10-29,66,61,29,23,16,46,37,30,49,46,59,32,28,89,33,112,116,30,48,45
2021-10-30,61,57,50,18,10,41,27,16,27,43,53,16,26,97,28,129,97,34,40,32
2021-10-31,61,61,39,19,12,34,37,26,33,46,56,11,32,81,33,103,93,32,51,39
2021-11-01,62,54,48,18,11,47,42,33,47,47,60,47,38,112,28,125,130,32,40,46
2021-11-02,68,47,41,15,6,45,32,26,43,41,53,7,26,89,32,116,128,23,42,35
2021-11-03,66,55,44,26,6,46,35,32,37,46,52,8,39,101,27,109,126,25,56,41
2021-11-04,60,51,45,19,10,37,53,26,32,53,41,9,21,82,28,131,115,23,46,40
2021-11-05,70,45,45,20,10,50,30,23,47,39,38,7,14,103,29,109,105,15,59,42
2021-11-06,68,55,31,18,8,39,41,24,32,39,21,7,16,92,18,90,118,23,37,37
2021-11-07,64,47,29,14,14,35,23,29,31,37,6,14,3,86,28,44,104,7,27,36
2021-11-08,72,56,42,26,11,46,37,25,41,30,6,15,7,105,30,58,118,14,32,36
2021-11-09,77,53,25,33,48,44,30,14,39,37,91,61,67,105,24,137,116,79,45,23
2021-11-10,71,42,26,25,39,51,26,26,30,42,59,31,39,97,25,108,120,34,19,35
2021-11-11,60,46,40,27,39,40,43,30,39,41,54,24,27,100,30,119,105,32,22,53
2021-11-12,60,52,48,26,43,46,37,26,37,37,52,39,40,90,32,114,113,44,20,31
2021-11-13,73,62,51,22,49,40,40,27,32,34,56,31,35,86,15,96,110,40,30,54
2021-11-14,71,60,45,20,31,37,32,35,32,48,55,33,44,92,38,85,122,36,20,40
2021-11-15,70,61,50,36,32,45,34,25,42,49,59,31,33,104,37,113,120,35,17,42
2021-11-16,70,55,54,26,47,45,34,18,43,43,64,29,36,99,32,110,120,47,25,29
2021-11-17,74,53,39,31,28,42,34,31,47,50,48,34,31,101,38,107,108,7,28,41
2021-11-18,56,55,49,28,38,42,36,33,39,42,48,25,34,101,39,109,107,6,31,42
2021-11-19,69,58,37,26,50,41,47,26,40,43,63,27,37,90,28,92,106,52,36,39
2021-11-20,64,49,40,21,41,45,33,24,39,50,51,26,29,81,30,113,113,32,26,35
2021-11-21,74,60,35,22,36,42,48,28,32,57,27,34,16,62,23,89,110,17,22,44
2021-11-22,72,53,40,36,38,34,34,37,45,36,26,35,30,86,28,97,128,31,12,37
2021-11-23,75,41,34,23,50,43,29,28,41,48,69,27,33,105,20,111,109,39,16,33
2021-11-24,68,50,46,20,35,39,48,18,37,47,58,26,34,101,38,115,122,37,11,34
2021-11-25,64,46,48,25,43,33,32,29,48,46,60,22,31,88,34,96,114,40,20,47
2021-11-26,65,44,42,20,43,46,34,25,40,55,56,37,37,101,27,101,110,30,21,48
2021-11-27,66,61,41,15,36,49,22,25,46,36,58,28,25,76,32,102,108,33,28,36
2021-11-28,65,41,37,18,28,40,30,37,36,45,50,36,40,78,32,83,121,34,29,39
2021-11-29,73,61,41,27,50,44,35,43,47,66,36,36,29,94,38,88,119,40,19,47
2021-11-30,59,45,39,25,37,48,45,30,35,36,2,25,11,78,25,81,140,21,8,38
2021-12-01,57,55,27,29,33,39,33,33,38,24,82,40,32,83,28,94,108,29,38,29
2021-12-02,58,54,58,30,39,39,39,24,40,48,58,36,38,91,46,110,104,31,31,46
2021-12-03,80,50,54,23,36,48,35,20,34,42,60,31,32,101,34,106,115,37,16,38
2021-12-04,54,58,29,21,34,38,37,23,35,44,60,30,30,86,24,121,126,25,27,43
2021-12-05,64,58,36,19,38,39,39,40,36,50,56,27,34,78,28,109,100,37,21,38
2021-12-06,68,63,40,20,35,43,47,30,49,38,51,30,31,96,24,114,135,35,25,55
2021-12-07,67,47,23,29,44,46,30,31,50,39,55,34,25,92,22,125,115,34,18,30
2021-12-08,62,57,15,27,44,43,36,38,36,41,59,26,37,82,28,113,112,33,24,28
2021-12-09,70,39,38,28,47,54,39,24,37,49,45,31,21,83,29,69,99,23,25,40
2021-12-10,76,54,34,20,39,46,35,33,38,50,61,32,36,92,27,139,106,46,20,40
2021-12-11,56,44,31,16,36,41,35,25,36,40,59,31,35,93,22,105,111,31,31,38
2021-12-12,45,56,34,24,38,32,36,31,37,46,47,30,42,80,41,100,119,21,17,36
2021-12-13,69,59,53,27,43,44,34,29,35,46,59,29,30,104,38,117,108,44,21,35
2021-12-14,75,51,56,22,40,44,34,32,54,53,56,32,34,87,28,106,111,32,17,43
2021-12-15,67,54,45,27,34,37,34,35,42,55,53,33,32,90,28,101,108,33,13,39
2021-12-16,74,61,52,23,42,44,37,33,39,56,49,25,26,90,29,101,122,26,23,61
2021-12-17,76,37,23,31,37,42,34,27,24,37,26,13,10,101,25,102,103,34,6,38
2021-12-18,59,58,42,23,27,38,27,10,29,41,69,15,41,82,24,105,89,36,16,42
2021-12-19,63,54,51,18,39,34,28,25,38,45,54,18,37,86,27,100,105,31,16,27
2021-12-20,72,58,53,21,43,37,24,31,51,47,48,33,33,118,37,111,120,34,21,46
2021-12-21,80,64,40,23,42,32,46,33,44,55,53,28,25,100,31,107,124,36,19,38
2021-12-22,66,54,48,20,42,54,33,33,53,56,51,33,39,88,33,68,122,35,18,33
2021-12-23,62,60,39,20,40,42,33,37,51,53,60,30,26,101,34,127,118,19,15,45
2021-12-24,55,52,48,24,43,39,46,32,43,44,28,31,2,72,31,97,116,31,16,51
2021-12-25,45,38,50,19,39,30,34,20,33,43,28,37,40,58,24,76,102,30,3,38
2021-12-26,56,51,40,17,32,42,24,29,30,33,38,28,32,57,17,86,115,29,15,42
2021-12-27,73,54,49,11,28,39,27,23,41,45,65,38,28,79,30,125,140,28,37,34
2021-12-28,67,52,38,27,33,35,20,27,33,48,56,37,35,95,41,112,118,31,22,28
2021-12-29,66,49,24,20,40,41,32,34,31,41,54,21,28,80,36,83,123,35,17,26
2021-12-30,63,54,20,32,54,43,35,26,22,20,49,28,33,75,17,79,114,32,15,30
2021-12-31,57,57,7,20,37,39,34,4,9,19,58,20,30,91,5,113,105,38,22,7
2022-01-01,46,46,20,20,37,40,35,8,12,24,42,34,35,61,17,103,103,27,24,13
2022-01-02,63,40,28,16,29,44,30,12,23,23,44,28,34,73,22,99,112,30,16,15
2022-01-03,72,59,38,33,36,45,38,17,43,19,52,34,34,96,16,106,129,39,19,23
2022-01-04,61,59,30,26,36,46,31,17,48,29,47,27,37,85,27,114,117,34,15,30
2022-01-05,68,53,34,21,36,43,42,36,41,43,49,26,42,91,39,111,117,25,18,39
2022-01-06,58,46,50,27,45,35,30,25,35,56,54,31,25,94,27,94,108,35,14,35
2022-01-07,69,61,40,27,45,47,30,30,44,43,55,37,25,100,31,125,102,33,9,29
2022-01-08,56,55,44,18,40,34,36,18,26,43,43,29,41,92,25,107,112,28,11,40
2022-01-09,46,61,31,23,36,37,30,23,32,40,48,21,25,77,24,111,107,25,22,36
2022-01-10,56,68,43,28,34,48,34,26,45,50,53,31,37,97,27,114,137,30,129,38
2022-01-11,83,51,34,25,41,41,43,24,45,42,49,28,36,101,27,102,114,30,32,40
2022-01-12,65,59,36,22,44,46,29,38,52,42,64,31,30,80,22,101,119,26,36,42
2022-01-13,54,49,20,28,44,37,34,25,47,36,47,32,30,66,20,98,120,21,45,27
2022-01-14,58,55,34,25,35,45,35,30,44,48,63,30,39,117,30,96,119,34,54,36
2022-01-15,61,56,44,21,44,57,31,22,38,40,47,27,32,91,26,103,103,25,47,34
2022-01-16,73,55,33,22,42,36,31,31,39,38,51,26,37,89,32,110,111,29,38,32
2022-01-17,75,50,48,30,43,39,42,27,48,46,43,31,33,107,26,106,122,28,19,48
2022-01-18,64,63,35,20,45,52,33,31,37,51,51,30,31,79,37,108,122,27,15,34
2022-01-19,74,53,50,19,32,43,38,33,33,42,57,38,32,105,34,114,101,33,10,42
2022-01-20,58,46,32,21,46,45,43,23,46,42,53,24,34,81,39,109,117,31,4,42
2022-01-21,66,66,43,24,39,50,30,27,45,44,50,25,33,108,28,107,112,34,20,40
2022-01-22,63,51,33,21,49,46,33,27,45,34,51,28,35,94,19,107,121,31,39,24
2022-01-23,57,51,44,22,32,38,36,30,36,43,60,33,37,101,31,91,90,28,14,40
2022-01-24,62,57,46,27,43,50,35,31,45,52,52,20,29,104,28,124,141,29,11,51
2022-01-25,74,52,29,23,44,47,35,32,45,49,54,25,32,93,24,118,121,32,21,39
2022-01-26,89,55,54,24,34,37,39,34,49,35,62,31,28,90,24,93,113,33,12,33
2022-01-27,66,51,53,27,43,42,36,24,49,52,60,29,35,93,31,85,113,27,13,35
2022-01-28,62,43,38,16,46,43,35,28,39,56,48,42,36,92,29,96,114,35,17,46
2022-01-29,68,59,29,21,42,41,37,38,37,41,52,29,44,85,28,101,116,29,16,28
2022-01-30,52,55,34,21,33,40,23,35,33,58,53,32,29,83,30,100,137,23,12,42
2022-01-31,39,42,70,15,32,35,19,33,47,55,63,30,29,47,38,76,132,14,13,44
2022-02-01,79,39,39,19,28,47,29,27,45,45,50,33,31,107,28,105,108,26,7,30
2022-02-02,61,50,44,19,36,39,42,43,41,36,47,27,19,89,33,122,131,20,38,42
2022-02-03,78,60,34,21,39,48,30,21,52,47,50,26,29,104,28,108,124,20,11,40
2022-02-04,68,53,46,20,56,40,37,33,41,47,45,33,31,85,26,126,104,20,18,41
2022-02-05,59,66,32,18,35,41,33,26,35,29,55,33,21,85,24,89,108,24,12,38
2022-02-06,57,46,29,15,44,39,24,30,36,42,43,28,27,68,31,113,125,32,13,31
2022-02-07,59,46,61,36,40,45,34,37,63,50,46,31,20,93,33,78,119,29,13,49
2022-02-08,60,59,41,23,49,50,38,26,34,41,57,26,21,94,31,113,109,33,12,36
2022-02-09,75,54,37,17,44,38,32,28,45,45,56,28,31,103,41,93,129,29,16,36
2022-02-10,66,54,25,25,45,35,44,20,47,50,62,42,26,78,22,109,107,22,15,27
2022-02-11,61,56,45,28,35,42,33,27,42,41,56,37,34,95,29,95,106,23,14,34
2022-02-12,67,53,33,27,41,41,42,23,40,41,43,25,12,88,27,98,117,25,9,43
2022-02-13,66,66,39,26,30,37,35,29,39,52,44,34,38,88,32,97,108,22,13,37
2022-02-14,54,61,51,25,45,42,38,32,50,47,46,28,31,112,23,90,138,31,21,51
2022-02-15,73,52,41,31,37,41,28,30,44,41,57,35,31,101,27,106,113,22,53,58
2022-02-16,55,58,30,19,35,46,29,37,47,41,43,19,26,88,22,104,102,32,6,46
2022-02-17,55,50,33,23,34,38,42,28,32,39,49,31,32,81,29,101,128,24,5,33
2022-02-18,32,50,40,20,39,39,27,28,57,58,47,31,37,58,36,106,103,36,12,45
2022-02-19,33,57,44,20,31,35,31,23,38,47,7,36,34,69,29,94,114,30,15,33
2022-02-20,54,53,22,15,37,33,27,32,33,31,64,33,34,71,24,94,117,26,10,25
2022-02-21,24,55,61,19,47,43,33,31,49,46,70,37,25,64,36,104,151,21,18,44
2022-02-22,86,64,41,28,45,34,29,33,53,38,51,37,30,88,31,98,104,36,20,44
2022-02-23,78,46,31,24,47,47,32,33,38,54,53,27,27,87,34,107,122,35,15,48
2022-02-24,66,58,50,22,35,41,34,32,37,45,57,34,27,94,41,119,109,33,17,38
2022-02-25,73,49,32,16,39,41,44,32,42,45,56,32,32,102,28,97,101,18,14,54
2022-02-26,60,56,41,26,48,47,38,15,34,44,50,30,35,88,30,98,121,29,13,37
2022-02-27,61,64,38,14,29,39,33,31,37,48,47,29,36,111,33,102,116,26,18,30
2022-02-28,71,55,55,32,39,45,38,29,45,51,43,31,29,109,33,101,128,38,20,41
2022-03-01,60,56,44,30,46,38,39,34,48,39,54,34,31,85,33,102,121,31,11,45
2022-03-02,63,56,38,26,35,38,37,33,56,42,55,25,30,86,37,106,126,31,12,52
2022-03-03,71,51,37,22,47,36,31,36,41,54,49,30,33,93,42,97,122,28,17,44
2022-03-04,64,61,45,18,42,35,40,17,46,61,45,32,23,107,30,106,111,27,14,44
2022-03-05,54,60,31,16,46,38,36,30,35,37,49,38,38,99,28,103,104,29,18,37
2022-03-06,65,49,33,20,34,38,37,31,38,50,54,34,37,92,33,102,111,28,11,36
2022-03-07,66,59,44,30,41,32,42,21,55,59,61,25,38,97,29,112,124,32,17,54
2022-03-08,60,58,46,33,27,46,30,40,41,52,59,30,36,94,28,117,109,36,14,43
2022-03-09,63,56,41,26,47,48,31,42,46,44,53,26,19,97,35,108,137,30,21,27
2022-03-10,61,58,42,28,40,53,39,27,36,51,49,37,31,91,30,114,116,29,23,44
2022-03-11,67,58,45,21,40,47,30,29,50,49,52,25,33,91,39,72,104,29,13,52
2022-03-12,52,52,38,25,40,39,36,28,33,36,26,29,22,93,22,86,131,25,11,27
2022-03-13,50,54,46,14,32,28,44,29,39,51,54,26,35,79,35,92,97,27,19,39
2022-03-14,64,51,44,16,43,37,33,43,51,52,61,43,39,103,24,95,137,34,23,40
2022-03-15,62,61,48,34,42,46,35,33,31,40,61,29,35,90,41,94,122,20,70,34
2022-03-16,65,63,51,27,38,40,38,38,46,50,22,37,29,103,30,77,119,26,45,37
2022-03-17,67,36,38,24,39,31,29,22,42,44,5,28,40,110,29,88,106,34,8,39
2022-03-18,60,48,31,15,35,37,32,30,34,38,58,29,30,90,32,99,110,30,7,49
2022-03-19,59,73,25,23,41,37,29,19,27,22,66,34,31,95,24,96,119,33,30,27
2022-03-20,56,45,31,21,34,33,33,23,35,47,56,33,40,87,25,100,118,30,37,29
2022-03-21,64,62,39,24,40,31,28,34,42,46,52,25,29,108,31,84,110,21,19,37
2022-03-22,58,45,51,27,51,34,32,29,43,36,55,34,33,93,30,98,108,37,14,42
2022-03-23,59,58,44,18,36,34,31,34,45,44,73,33,39,98,20,93,117,35,16,51
2022-03-24,62,51,43,26,37,31,34,28,37,41,61,26,31,86,34,91,96,34,22,39
2022-03-25,63,42,53,24,29,41,30,30,53,55,28,25,16,100,31,72,121,38,11,63
2022-03-26,57,49,21,28,39,42,39,29,36,30,66,31,32,92,25,93,111,29,13,28
2022-03-27,53,60,27,21,46,27,42,34,41,22,65,33,37,73,26,91,106,30,35,34
2022-03-28,70,73,40,21,35,40,37,30,45,58,64,35,36,106,28,90,127,32,27,58
2022-03-29,65,65,49,21,46,41,40,34,35,47,50,22,36,99,36,91,112,34,28,41
2022-03-30,64,52,40,19,40,42,36,32,43,45,57,40,34,99,39,88,100,40,13,44
2022-03-31,56,61,30,20,42,47,46,36,37,48,52,26,35,94,32,83,115,43,14,43
2022-04-01,41,50,46,31,45,45,34,30,46,57,59,35,39,81,27,91,119,23,16,42
2022-04-02,59,58,39,28,33,39,31,32,36,45,61,27,43,98,31,99,126,36,15,39
2022-04-03,63,62,33,17,31,44,24,23,31,37,56,34,34,94,24,74,95,26,22,43
2022-04-04,56,57,35,28,36,52,27,30,43,34,66,37,34,112,28,104,138,32,58,35
2022-04-05,62,56,42,23,33,39,39,27,41,49,51,27,30,95,28,92,131,36,30,42
2022-04-06,63,44,37,31,35,42,41,35,38,58,49,23,20,87,24,83,107,29,32,34
2022-04-07,56,53,47,27,46,38,44,40,45,46,59,37,20,74,31,97,112,29,22,37
2022-04-08,57,51,33,28,45,49,41,38,40,55,60,34,30,105,38,92,125,35,78,52
2022-04-09,60,65,30,29,36,42,34,21,34,48,52,31,43,99,30,82,118,26,46,40
2022-04-10,46,49,40,23,34,31,39,23,38,33,50,31,15,91,31,59,117,25,21,44
2022-04-11,58,62,51,28,40,60,23,35,61,44,43,32,41,108,36,80,151,30,24,36
2022-04-12,62,58,30,35,49,39,27,31,40,49,10,29,37,85,31,35,126,32,31,34
2022-04-13,64,41,40,28,47,35,34,38,37,53,37,38,29,100,34,50,120,33,10,46
2022-04-14,69,48,46,18,29,34,41,31,49,41,30,29,38,81,34,95,119,49,11,42
2022-04-15,57,60,32,31,39,45,35,25,39,29,75,31,37,93,23,70,106,38,10,32
2022-04-16,58,68,13,20,38,38,32,20,24,15,66,29,32,93,20,94,123,34,50,19
2022-04-17,56,51,34,15,23,40,41,31,30,48,57,32,35,91,22,90,111,27,59,38
2022-04-18,58,62,44,25,35,42,32,39,53,49,58,34,29,98,35,84,131,33,62,52
2022-04-19,52,57,41,23,43,45,32,24,41,53,66,34,31,86,36,81,100,32,39,39
2022-04-20,66,56,44,26,47,39,36,27,46,46,63,34,31,106,36,80,121,32,42,48
2022-04-21,59,55,30,32,37,41,33,38,36,48,63,25,30,90,28,95,117,38,37,37
2022-04-22,64,54,38,27,40,35,38,34,43,46,47,27,32,98,29,91,111,38,22,52
2022-04-23,62,41,33,25,30,41,36,27,28,46,50,26,23,89,22,85,110,35,20,46
2022-04-24,57,51,47,22,24,44,34,34,32,42,54,30,15,85,25,76,88,36,29,43
2022-04-25,70,59,44,22,37,48,36,29,56,61,42,33,1,106,41,69,129,29,29,54
2022-04-26,63,58,16,29,33,47,45,21,37,37,64,28,49,84,23,74,116,35,27,30
2022-04-27,77,69,29,32,47,36,52,46,33,35,55,32,46,100,20,81,119,34,61,33
2022-04-28,70,44,35,20,38,47,31,17,47,56,63,33,34,95,30,94,111,37,38,38
2022-04-29,55,45,25,31,27,36,32,28,38,32,57,27,35,99,20,83,112,37,3,38
2022-04-30,63,60,24,26,31,36,40,29,27,35,64,29,35,84,15,82,118,39,38,34
2022-05-01,49,63,34,16,47,45,36,25,24,36,58,32,37,97,27,82,99,35,15,33
2022-05-02,72,66,36,24,41,41,30,24,44,42,53,29,37,98,26,89,135,28,42,41
2022-05-03,58,62,28,29,42,46,27,21,35,28,55,28,38,87,20,80,105,36,79,40
2022-05-04,72,49,19,29,36,47,43,26,25,30,50,36,21,99,18,78,125,37,39,28
2022-05-05,53,55,46,28,49,51,42,27,26,42,55,25,41,93,34,76,136,34,20,34
2022-05-06,64,54,35,29,36,44,39,27,40,37,43,31,28,95,25,19,118,26,18,31
2022-05-07,69,47,31,33,42,39,38,19,36,29,49,31,37,84,22,104,113,36,24,31
2022-05-08,57,51,34,24,37,35,43,26,27,45,58,27,38,91,24,83,102,27,56,44
2022-05-09,57,62,45,31,43,48,29,32,51,43,72,32,39,85,27,76,132,32,26,42
2022-05-10,58,52,47,23,39,49,32,23,45,34,58,30,37,107,25,98,124,35,25,43
2022-05-11,77,49,35,24,46,30,33,29,40,46,57,35,38,89,28,76,134,27,29,40
2022-05-12,72,48,32,22,57,30,28,23,37,42,42,35,37,96,21,84,117,18,76,48
2022-05-13,52,49,23,22,35,49,37,23,38,46,58,29,34,84,21,59,102,53,19,43
2022-05-14,68,59,34,25,48,50,33,25,40,31,56,29,45,84,18,81,111,40,23,31
2022-05-15,58,50,47,23,32,42,23,22,40,48,54,38,30,79,39,89,109,38,15,46
2022-05-16,65,66,50,35,33,57,30,29,48,58,60,26,38,103,29,86,124,25,42,48
2022-05-17,61,51,42,27,45,47,43,30,47,42,57,35,33,106,42,78,127,33,74,38
2022-05-18,61,54,53,27,36,52,27,35,52,47,49,29,35,102,31,83,129,34,45,37
2022-05-19,68,55,44,32,37,50,38,41,41,52,64,32,26,106,30,103,127,49,36,36
2022-05-20,67,59,37,28,49,56,36,26,47,44,49,34,27,84,39,84,114,34,18,42
2022-05-21,59,55,33,26,41,45,40,20,40,34,75,30,26,91,23,76,114,36,30,27
2022-05-22,67,58,32,21,37,35,37,35,41,46,52,35,43,72,23,90,110,30,33,39
2022-05-23,54,55,48,26,32,43,40,42,48,51,66,32,41,102,35,87,126,29,67,41
2022-05-24,62,56,41,27,36,57,41,22,39,50,53,32,34,91,32,80,116,41,29,38
2022-05-25,65,67,44,23,42,47,40,30,48,48,47,27,32,88,28,91,111,29,33,42
2022-05-26,67,40,43,30,40,57,27,31,48,54,59,30,41,97,32,91,119,32,29,42
2022-05-27,64,55,34,25,50,48,35,35,48,41,48,35,29,88,35,88,115,35,23,47
2022-05-28,60,48,33,25,51,40,35,17,35,43,60,31,40,76,12,91,136,38,66,56
2022-05-29,48,55,41,28,33,35,28,37,35,48,55,31,27,95,25,92,96,33,25,34
2022-05-30,47,50,42,23,32,42,38,36,52,58,61,40,39,94,38,83,123,37,22,40
2022-05-31,37,61,44,21,37,50,38,24,46,41,57,37,43,97,28,113,121,29,70,49
2022-06-01,90,64,40,25,28,60,36,39,41,44,46,28,32,95,30,86,122,33,37,42
2022-06-02,66,61,31,29,42,44,43,37,42,45,41,36,0,101,31,86,121,27,43,45
2022-06-03,68,49,54,29,42,47,38,26,45,49,13,30,30,93,29,97,133,34,39,56
2022-06-04,59,48,37,26,36,40,33,21,38,34,34,30,7,97,23,58,104,31,34,45
2022-06-05,49,41,35,22,35,32,37,22,32,45,62,24,58,73,24,100,116,28,7,37
2022-06-06,65,58,33,24,39,49,40,37,50,38,65,39,34,85,28,89,149,35,7,32
2022-06-07,65,61,31,24,39,52,44,26,37,33,55,32,40,89,21,87,129,36,13,31
2022-06-08,62,54,40,30,34,41,37,32,40,42,66,22,37,113,24,101,113,37,48,37
2022-06-09,55,54,48,25,46,46,34,28,43,45,57,32,38,88,32,101,133,40,63,40
2022-06-10,65,50,45,25,44,48,36,28,42,49,58,34,42,96,26,94,119,37,26,45
2022-06-11,64,48,34,30,30,40,33,26,32,47,59,37,39,92,21,93,110,37,30,33
2022-06-12,55,47,31,17,40,40,39,27,35,44,63,33,35,77,23,88,95,23,35,42
2022-06-13,62,52,44,32,33,60,41,33,46,51,50,38,33,98,34,111,129,33,11,46
2022-06-14,56,57,37,26,37,40,31,22,37,40,60,36,33,88,21,94,117,29,13,32
2022-06-15,67,59,36,30,42,30,33,29,39,48,68,25,33,81,27,99,124,34,35,32
2022-06-16,73,54,43,33,35,42,28,32,48,50,49,38,36,104,23,87,109,36,57,51
2022-06-17,68,56,53,25,52,46,37,29,46,55,62,34,41,114,37,104,95,41,32,42
2022-06-18,57,49,43,27,40,51,31,21,35,33,58,29,29,82,34,100,108,35,34,43
2022-06-19,44,65,44,15,36,38,43,30,31,57,48,33,35,87,33,82,121,28,23,48
2022-06-20,56,56,39,38,42,56,38,40,49,41,64,32,21,103,33,91,128,29,11,35
2022-06-21,67,59,42,26,44,40,36,21,45,55,58,34,47,84,20,85,135,38,25,38
2022-06-22,66,40,41,27,52,46,29,29,49,34,62,24,22,99,23,104,114,34,17,36
2022-06-23,70,41,50,28,32,42,35,35,37,52,58,36,42,86,29,96,117,37,9,39
2022-06-24,53,49,24,26,47,31,40,39,46,47,58,28,37,89,29,102,136,37,18,38
2022-06-25,72,70,34,27,46,46,41,24,36,37,62,30,34,87,24,96,96,30,44,32
2022-06-26,61,51,40,19,42,49,33,30,48,46,46,34,30,97,23,82,115,24,16,39
2022-06-27,62,57,50,28,39,46,38,31,42,54,49,26,19,91,31,93,146,26,12,53
2022-06-28,56,55,54,32,31,40,31,35,46,50,64,35,21,87,28,92,111,28,25,43
2022-06-29,55,56,40,26,31,55,43,38,54,55,61,30,24,93,31,102,121,40,32,33
2022-06-30,62,38,48,30,42,39,33,25,46,40,62,30,25,94,25,101,120,31,48,48
2022-07-01,73,63,42,16,40,8,39,26,45,36,45,35,41,85,30,85,118,37,70,41
2022-07-02,49,59,33,0,48,14,27,18,37,42,63,29,30,94,23,99,103,35,35,38
2022-07-03,67,43,44,8,33,59,28,37,27,44,51,32,36,88,32,101,103,23,21,39
2022-07-04,69,62,52,38,47,51,41,24,50,42,71,33,36,84,28,112,125,38,22,48
2022-07-05,63,66,41,26,38,44,42,25,28,31,47,35,45,96,19,88,109,34,11,29
2022-07-06,56,48,33,23,42,47,39,36,38,46,46,28,26,110,25,108,125,30,13,30
2022-07-07,68,61,38,30,46,52,33,27,41,54,67,25,49,86,23,106,120,33,21,44
2022-07-08,62,53,38,24,41,54,35,34,48,45,60,28,31,104,28,104,120,37,22,39
2022-07-09,54,55,38,27,32,47,37,23,35,39,62,24,12,96,17,109,97,30,24,30
2022-07-10,53,52,30,21,35,39,36,31,32,31,52,33,46,71,28,87,114,28,11,40
2022-07-11,61,59,48,31,41,63,46,30,59,57,54,37,37,111,37,84,120,26,15,47
2022-07-12,66,49,50,29,31,50,34,45,42,51,53,30,37,95,29,108,124,29,16,42
2022-07-13,52,52,38,30,40,40,33,26,46,49,60,22,37,96,27,96,113,33,25,49
2022-07-14,66,58,39,28,44,48,38,29,40,47,54,37,31,83,30,112,136,36,19,41
2022-07-15,61,51,39,23,36,35,39,26,51,38,68,27,31,103,24,96,111,29,33,41
2022-07-16,61,54,26,31,42,39,31,26,31,31,45,37,40,81,22,99,124,34,13,38
2022-07-17,63,56,39,14,43,39,36,28,33,45,52,25,40,87,20,97,124,27,33,35
2022-07-18,63,51,49,24,44,52,35,30,44,49,50,43,40,95,32,90,138,31,19,41
2022-07-19,60,55,38,29,39,44,33,27,33,27,60,31,35,89,18,110,137,34,29,43
2022-07-20,52,50,40,31,49,44,31,27,42,46,58,26,29,98,28,108,116,40,47,47
2022-07-21,71,62,53,24,39,46,29,34,52,48,64,29,38,91,33,107,115,29,10,50
2022-07-22,58,42,38,25,42,49,39,33,36,51,66,30,40,86,26,94,119,38,18,52
2022-07-23,67,54,42,24,46,42,41,19,36,44,56,36,39,83,17,82,128,35,25,25
2022-07-24,63,68,40,19,35,41,44,38,32,46,54,30,31,69,28,82,123,31,18,46
2022-07-25,63,58,39,18,40,48,36,34,39,41,68,30,35,114,37,113,122,37,21,42
2022-07-26,63,57,39,31,41,50,36,34,60,38,51,23,39,83,34,109,109,33,32,35
2022-07-27,63,64,50,29,49,41,40,35,48,46,51,40,30,106,26,112,113,31,26,41
2022-07-28,57,57,41,22,41,51,23,36,38,33,52,37,39,107,24,93,142,28,18,40
2022-07-29,60,42,42,32,44,43,44,29,39,60,59,32,37,94,34,102,121,36,16,49
2022-07-30,74,54,24,21,30,43,27,20,31,25,55,33,34,87,18,95,114,35,19,30
2022-07-31,54,44,32,21,28,46,42,35,34,55,43,35,23,94,29,95,119,31,19,39
2022-08-01,70,48,43,25,27,43,32,32,47,43,47,30,41,91,29,123,136,27,14,45
2022-08-02,70,72,36,35,47,40,37,27,44,49,60,35,41,81,23,92,110,21,26,43
2022-08-03,68,66,37,21,47,37,24,32,37,45,46,30,33,103,23,107,106,23,24,35
2022-08-04,62,60,45,29,43,45,30,29,40,41,61,38,35,88,27,102,124,35,21,47
2022-08-05,69,59,46,24,33,41,37,31,45,52,62,36,33,94,24,104,130,44,22,47
2022-08-06,62,50,35,20,46,53,41,24,31,40,63,27,39,90,22,91,119,24,22,25
2022-08-07,49,61,37,20,29,43,37,31,48,37,57,34,33,81,31,91,133,33,18,32
2022-08-08,49,51,43,27,45,47,37,37,43,49,51,44,35,114,29,97,105,25,29,36
2022-08-09,64,50,33,12,48,20,43,29,45,39,56,37,37,105,27,95,123,31,17,47
2022-08-10,63,49,43,5,36,43,31,30,41,36,52,38,32,86,22,100,133,39,18,32
2022-08-11,53,46,32,34,39,57,32,31,28,44,58,37,30,98,18,117,99,29,20,43
2022-08-12,60,38,19,34,38,49,31,26,39,30,49,35,36,82,35,104,134,40,13,25
2022-08-13,66,63,9,34,38,50,36,20,33,27,49,40,44,95,11,104,110,24,26,16
2022-08-14,68,52,35,21,38,42,30,20,33,36,50,32,26,95,28,85,101,28,22,37
2022-08-15,63,55,43,25,37,54,46,31,39,37,57,34,31,100,28,114,141,33,12,45
2022-08-16,65,55,32,28,37,39,30,33,53,31,64,36,38,77,21,100,114,38,15,45
2022-08-17,55,49,53,25,43,43,36,30,41,40,50,33,32,96,27,107,117,30,33,44
2022-08-18,57,56,32,24,47,50,35,28,33,36,58,37,26,111,25,103,126,22,51,42
2022-08-19,65,54,37,24,40,39,34,40,45,46,66,36,37,84,28,87,110,23,23,29
2022-08-20,67,66,32,18,27,51,34,19,37,36,55,32,39,84,22,101,114,26,15,29
2022-08-21,66,50,37,25,38,37,41,35,42,30,56,37,36,73,30,101,109,38,54,35
2022-08-22,68,47,44,26,48,48,38,28,48,48,60,33,19,106,40,121,116,36,48,44
2022-08-23,71,63,37,15,30,47,32,31,43,41,52,29,42,83,28,113,109,33,27,36
2022-08-24,58,43,46,3,43,4,31,37,47,47,54,26,35,93,20,103,143,29,25,47
2022-08-25,57,60,37,5,40,40,42,31,37,47,56,38,38,101,39,102,132,26,34,48
2022-08-26,55,55,44,40,39,59,36,35,49,58,61,36,31,91,30,109,106,40,27,28
2022-08-27,67,43,32,29,47,72,40,29,33,47,53,21,52,88,22,100,114,26,19,35
2022-08-28,54,58,28,29,32,54,36,26,43,46,46,23,24,86,26,99,110,27,19,39
2022-08-29,46,63,32,36,35,61,31,25,53,36,50,33,30,93,37,120,129,29,24,54
2022-08-30,64,58,36,36,39,49,38,30,46,39,54,32,29,85,32,110,127,31,15,43
2022-08-31,62,55,34,28,45,41,39,36,45,42,57,32,33,89,33,96,141,38,20,37
2022-09-01,62,57,45,32,40,55,40,32,45,50,50,33,40,94,30,85,126,33,16,41
2022-09-02,64,43,40,24,43,45,32,38,40,50,31,39,36,80,35,77,108,38,6,34
2022-09-03,62,27,35,26,30,43,21,27,37,37,3,25,30,94,29,34,113,34,2,45
2022-09-04,50,3,38,24,3,41,35,29,28,41,0,30,32,79,16,2,111,25,0,34
2022-09-05,62,8,36,18,1,59,32,28,17,30,10,38,26,113,15,6,128,33,0,45
2022-09-06,62,53,39,15,35,58,27,18,31,20,82,32,14,97,15,149,122,35,19,29
2022-09-07,59,94,25,15,70,41,35,22,51,47,69,35,34,87,28,132,112,20,54,28
2022-09-08,69,74,39,24,48,44,43,25,36,34,58,34,38,101,28,106,130,26,24,34
2022-09-09,64,52,46,30,40,45,46,35,37,44,66,34,43,97,31,135,134,27,17,51
2022-09-10,54,42,34,27,36,43,35,25,48,54,69,31,29,79,23,113,106,28,15,37
2022-09-11,44,57,45,24,39,33,24,39,30,40,61,41,38,90,41,111,115,31,21,43
2022-09-12,60,57,36,31,43,48,41,40,57,48,42,41,49,101,31,119,121,21,28,42
2022-09-13,51,57,43,29,40,56,29,26,34,50,0,30,38,97,37,35,126,41,6,32
2022-09-14,65,54,37,22,43,44,27,44,42,48,0,27,2,78,27,2,115,30,7,45
2022-09-15,75,70,44,30,48,25,29,26,47,45,81,34,1,94,37,111,111,22,21,35
2022-09-16,64,56,37,23,43,36,44,30,38,45,74,30,56,75,26,147,126,20,40,47
2022-09-17,42,16,28,22,42,48,41,10,9,18,66,26,49,78,12,127,101,33,6,34
2022-09-18,67,7,9,21,14,47,36,1,0,0,49,43,42,84,1,92,100,40,0,11
2022-09-19,68,42,7,29,24,46,36,7,12,2,44,28,33,107,4,82,125,24,1,6
2022-09-20,60,55,19,34,27,47,31,42,68,42,80,28,41,86,41,114,124,22,12,27
2022-09-21,75,70,38,25,44,44,30,30,38,65,59,35,37,92,26,113,125,31,49,42
2022-09-22,55,72,32,25,43,40,39,35,41,32,68,42,31,89,28,112,130,16,38,43
2022-09-23,72,46,33,28,52,44,31,43,34,37,60,33,42,86,38,106,128,41,34,40
2022-09-24,64,59,40,31,42,40,32,28,37,50,58,28,37,93,27,119,115,38,47,28
2022-09-25,62,69,51,18,41,45,38,38,43,64,55,32,46,80,30,107,105,29,60,44
2022-09-26,77,51,41,25,51,50,28,29,54,49,55,39,37,87,31,116,139,23,30,54
2022-09-27,58,58,30,28,30,55,29,30,40,42,66,31,36,85,24,122,97,26,15,52
2022-09-28,64,54,40,23,49,41,35,35,36,54,54,33,30,95,26,108,125,35,37,48
2022-09-29,67,66,42,22,55,48,34,37,39,58,53,39,29,84,44,117,92,32,71,45
2022-09-30,55,58,44,31,48,50,34,29,60,49,63,30,34,106,34,121,121,38,53,44
2022-10-01,61,57,56,23,46,43,38,37,32,42,61,31,48,78,30,115,134,33,42,32
2022-10-02,51,58,28,14,34,41,34,28,31,40,67,38,29,78,31,104,105,24,25,45
2022-10-03,62,53,46,21,44,60,32,41,52,54,60,26,19,105,39,118,150,10,22,41
2022-10-04,57,52,35,26,41,42,32,23,40,48,39,42,19,98,36,80,138,27,8,31
2022-10-05,55,49,41,28,37,38,34,26,35,46,57,30,37,93,27,97,124,24,14,48
2022-10-06,61,62,43,29,31,35,34,27,46,36,50,38,33,87,31,120,112,32,26,39
2022-10-07,62,51,28,30,42,40,32,20,27,39,48,33,36,103,23,98,103,35,10,30
2022-10-08,63,58,41,22,32,49,47,27,34,47,64,38,35,89,16,95,133,35,13,42
2022-10-09,67,66,41,21,37,46,32,30,32,25,30,33,11,83,19,82,118,10,17,33
2022-10-10,58,56,27,22,35,48,29,23,47,54,40,29,29,106,35,100,134,39,21,44
2022-10-11,63,49,50,24,33,41,25,31,34,41,60,38,39,78,27,111,137,34,27,42
2022-10-12,64,59,39,23,39,47,24,41,43,55,55,38,32,111,36,112,111,38,12,34
2022-10-13,65,58,28,26,42,37,31,25,36,29,53,27,33,89,31,116,126,34,31,31
2022-10-14,66,60,38,24,37,44,45,25,49,31,55,39,38,80,27,95,105,48,40,39
2022-10-15,58,49,30,18,47,48,30,28,35,50,50,36,35,90,24,98,129,25,23,35
2022-10-16,57,65,46,20,38,34,32,32,34,58,43,30,37,85,21,111,98,36,30,30
2022-10-17,51,45,53,14,40,19,19,32,36,47,11,41,25,115,31,95,141,29,12,49
2022-10-18,45,50,45,20,39,30,20,28,48,46,55,36,29,76,28,102,127,31,18,37
2022-10-19,51,59,48,19,45,60,26,31,28,45,61,34,33,96,38,95,129,24,15,37
2022-10-20,76,59,41,16,43,61,42,34,53,37,55,38,41,102,20,105,117,35,32,31
2022-10-21,68,52,40,17,40,64,42,34,43,43,47,34,39,78,27,93,105,41,9,36
2022-10-22,48,47,34,27,40,58,38,27,36,41,61,24,38,73,26,95,90,39,18,31
2022-10-23,47,66,40,22,37,44,37,25,44,59,58,28,28,92,30,89,98,32,14,30
2022-10-24,51,53,40,39,42,51,44,35,41,45,64,34,35,95,32,104,139,31,13,36
2022-10-25,56,58,31,33,44,64,34,27,41,34,56,36,38,92,27,116,132,35,11,41
2022-10-26,74,53,48,31,37,49,27,30,40,37,59,41,31,93,25,102,120,38,27,41
2022-10-27,61,52,42,28,46,40,39,36,39,44,59,28,39,97,34,122,107,21,15,37
2022-10-28,44,67,48,27,47,44,34,29,42,52,60,33,37,90,34,136,113,42,16,49
2022-10-29,71,54,33,29,40,40,40,25,35,51,69,31,32,85,32,111,110,31,14,44
2022-10-30,58,69,56,20,27,47,27,22,29,46,62,35,32,96,26,110,112,37,9,39
2022-10-31,54,64,46,25,46,37,23,33,46,57,60,38,36,79,24,124,131,28,26,54
2022-11-01,53,60,43,12,36,3,18,32,40,32,45,28,33,80,26,106,112,41,12,34
2022-11-02,69,60,42,2,45,2,31,36,34,30,56,40,30,86,35,110,133,27,31,25
2022-11-03,63,61,44,25,39,88,39,35,32,51,58,34,43,92,26,111,121,39,17,41
2022-11-04,61,48,42,26,25,63,49,32,37,46,56,33,36,109,30,109,124,20,11,48
2022-11-05,53,56,40,29,34,59,41,19,42,43,58,34,23,76,24,112,117,40,20,36
2022-11-06,53,51,33,28,32,47,51,32,36,41,59,31,37,88,32,91,125,35,14,33
2022-11-07,65,62,41,36,39,62,40,27,47,47,70,37,43,86,26,133,130,28,9,48
2022-11-08,49,72,48,30,41,56,30,24,34,39,62,36,31,85,25,121,114,42,10,30
2022-11-09,61,49,46,28,37,53,32,35,43,41,62,28,40,82,31,111,123,38,21,48
2022-11-10,51,55,42,29,43,48,41,34,36,51,49,36,42,96,26,72,112,24,14,43
2022-11-11,54,54,44,30,40,50,36,23,44,56,57,39,39,102,35,107,123,0,11,38
2022-11-12,60,50,41,31,42,43,45,29,31,46,51,32,6,89,24,111,116,52,10,45
2022-11-13,64,54,30,15,38,46,33,34,32,40,60,25,33,81,32,129,129,40,8,42
2022-11-14,61,63,47,24,40,54,33,31,42,55,73,38,39,92,38,121,154,36,15,39
2022-11-15,71,60,49,31,32,65,31,33,28,50,56,36,48,99,30,133,131,25,16,32
2022-11-16,64,63,47,25,52,44,32,32,38,53,61,38,30,96,32,102,128,53,21,44
2022-11-17,52,61,47,30,45,52,43,38,38,29,56,36,31,74,31,101,112,30,15,48
2022-11-18,60,57,38,20,40,43,37,25,27,54,59,26,41,82,20,111,114,39,18,42
2022-11-19,57,57,30,17,37,50,31,27,38,42,53,38,41,82,19,100,113,22,17,31
2022-11-20,57,67,33,28,38,41,37,30,35,43,53,39,38,92,31,104,105,30,23,31
2022-11-21,65,57,36,23,41,44,40,30,44,43,60,41,40,97,36,109,149,34,20,37
2022-11-22,65,55,32,26,40,52,39,27,39,48,54,35,36,104,25,119,115,35,6,44
2022-11-23,48,57,30,27,52,34,34,33,44,40,57,35,42,77,22,118,120,33,22,41
2022-11-24,60,50,41,31,38,50,31,31,40,46,59,39,37,79,20,122,132,32,20,45
2022-11-25,59,58,42,25,33,50,36,40,40,57,72,40,33,101,23,107,131,36,21,38
2022-11-26,49,61,32,19,48,47,36,25,38,45,62,34,32,66,22,117,132,43,9,24
2022-11-27,48,50,33,20,30,48,40,33,29,40,58,36,8,82,32,102,122,34,16,40
2022-11-28,57,56,50,21,34,48,35,32,43,50,54,38,28,100,32,107,138,22,10,50
2022-11-29,65,56,26,27,35,47,29,35,39,31,38,36,0,89,25,62,117,4,10,35
2022-11-30,52,53,33,18,41,57,38,30,36,35,35,32,37,106,29,106,125,44,14,31
2022-12-01,77,55,48,25,34,38,37,24,34,47,45,41,39,92,25,122,134,34,21,53
2022-12-02,60,46,44,26,34,47,36,29,40,43,55,34,41,90,22,117,122,35,11,34
2022-12-03,66,67,32,24,24,35,49,22,35,46,45,35,38,88,18,72,118,31,14,36
2022-12-04,59,51,46,16,40,46,37,33,35,47,44,40,37,83,32,84,94,40,14,38
2022-12-05,48,61,43,22,31,39,29,34,45,45,63,31,34,89,39,135,146,31,17,47
2022-12-06,71,58,48,33,41,44,28,31,48,45,69,39,47,90,15,113,125,36,8,50
2022-12-07,65,51,34,25,43,45,40,38,42,53,59,35,36,98,26,106,130,45,18,34
2022-12-08,70,61,46,20,39,56,37,35,41,48,62,32,39,86,32,114,120,33,13,55
2022-12-09,46,57,34,22,56,51,36,31,33,43,64,8,39,86,36,96,116,30,19,50
2022-12-10,48,66,38,32,46,51,34,29,41,36,55,44,33,91,19,107,103,31,21,36
2022-12-11,70,62,35,21,41,54,29,30,40,43,58,45,28,79,34,96,102,45,13,46
2022-12-12,52,54,51,33,37,40,38,36,48,44,69,33,41,107,40,136,141,20,19,42
2022-12-13,69,53,28,32,35,46,27,37,37,32,64,39,24,87,23,103,145,23,13,40
2022-12-14,65,53,40,26,35,44,35,29,31,45,57,41,37,97,20,115,142,41,11,44
2022-12-15,69,59,48,28,44,51,35,36,50,49,67,34,33,91,31,104,126,35,13,46
2022-12-16,52,63,42,18,53,43,39,23,41,68,47,36,45,94,35,104,121,37,15,39
2022-12-17,60,63,41,27,38,53,30,25,29,44,0,42,16,83,18,61,118,28,20,35
2022-12-18,52,44,22,22,28,32,28,29,28,31,66,34,33,75,34,101,106,35,17,43
2022-12-19,57,57,43,31,39,48,40,23,45,32,68,37,36,94,27,126,136,33,12,44
2022-12-20,67,51,49,27,43,42,35,30,33,44,66,33,34,91,38,98,121,26,21,42
2022-12-21,52,56,39,27,37,47,40,24,40,49,41,26,30,100,35,113,109,37,14,47
2022-12-22,64,45,22,25,38,53,41,45,40,41,2,37,14,83,27,68,125,31,13,37
2022-12-23,56,22,7,31,31,47,36,22,27,27,38,38,27,91,14,98,113,33,3,18
2022-12-24,51,39,44,20,27,51,37,20,32,24,45,33,33,70,34,89,121,19,7,33
2022-12-25,53,52,47,24,30,34,26,28,44,51,82,40,29,66,24,100,110,35,11,33
2022-12-26,51,73,55,34,40,50,41,39,41,56,72,38,38,96,31,111,135,38,27,56
2022-12-27,46,57,40,18,43,46,35,36,51,51,70,36,41,77,33,94,108,43,20,43
2022-12-28,67,64,33,23,45,49,30,30,37,37,62,24,31,76,31,102,133,28,14,40
2022-12-29,43,56,32,28,48,39,35,28,30,47,60,36,31,97,23,102,110,27,17,38
2022-12-30,54,56,18,29,45,63,37,23,24,41,58,36,46,66,23,112,125,42,12,38
2022-12-31,49,62,13,24,38,48,30,15,7,13,62,41,35,70,7,119,120,34,15,4
2023-01-01,40,56,28,19,39,41,36,9,18,16,66,31,42,53,12,107,110,35,11,23
2023-01-02,59,64,27,35,48,48,30,17,26,14,65,39,35,83,14,107,139,38,13,16
2023-01-03,60,47,32,23,36,55,40,14,40,22,66,31,31,81,20,109,124,24,20,28
2023-01-04,63,52,26,31,38,49,41,24,34,41,61,37,43,86,24,109,122,43,17,28
2023-01-05,67,57,51,26,42,50,35,27,37,43,63,28,33,93,24,130,139,39,12,39
2023-01-06,58,53,43,23,50,52,46,36,45,41,57,35,44,90,28,124,109,36,18,40
2023-01-07,65,61,42,33,30,44,41,25,36,41,76,37,37,88,27,117,121,36,12,30
2023-01-08,54,66,22,24,42,52,37,24,33,24,62,45,38,73,27,112,113,40,22,30
2023-01-09,53,61,28,31,45,57,32,33,47,38,67,29,39,102,30,143,139,38,19,36
2023-01-10,64,60,44,28,34,56,31,22,39,43,73,32,34,83,35,133,144,35,16,34
2023-01-11,43,62,57,34,35,56,40,41,45,46,56,41,38,84,22,104,122,39,36,48
2023-01-12,47,63,40,23,41,50,38,33,34,39,16,31,17,75,26,32,130,31,13,48
2023-01-13,52,44,37,16,42,34,40,42,42,54,66,37,30,72,28,4,119,37,14,45
2023-01-14,51,48,28,7,44,39,41,15,36,26,24,34,0,87,24,177,127,19,9,35
2023-01-15,54,42,31,39,30,43,40,28,35,42,7,36,30,73,34,93,106,17,7,42
2023-01-16,57,80,48,39,38,53,34,26,48,43,93,46,43,111,40,140,144,45,28,48
2023-01-17,62,56,40,28,37,40,32,27,42,62,75,31,35,95,25,112,140,35,15,32
2023-01-18,63,58,42,31,44,50,38,41,35,54,59,36,51,81,28,111,122,31,9,42
2023-01-19,57,56,47,28,40,50,39,42,48,55,73,29,34,95,31,121,121,39,18,41
2023-01-20,63,59,35,21,41,38,28,36,43,38,66,38,33,63,33,125,113,35,13,54
2023-01-21,56,47,39,19,38,38,12,27,28,52,58,25,27,83,25,90,99,17,24,42
2023-01-22,51,45,39,16,20,40,27,33,35,56,57,39,36,93,29,100,101,31,15,35
2023-01-23,67,42,51,23,45,43,40,41,36,48,42,36,14,105,30,109,115,19,14,50
2023-01-24,60,37,16,30,26,46,26,22,33,39,16,36,25,95,22,75,142,20,7,40
2023-01-25,63,72,32,28,35,40,25,22,47,35,77,36,36,86,30,108,130,16,14,25
2023-01-26,67,57,49,12,37,37,29,37,43,34,44,34,39,103,27,87,113,17,13,49
2023-01-27,58,52,34,20,63,37,25,31,41,59,25,34,29,93,22,79,124,20,15,48
2023-01-28,71,48,33,25,35,50,19,26,36,34,82,34,27,82,27,102,105,14,15,34
2023-01-29,49,66,37,12,39,38,26,25,42,43,47,39,35,88,28,114,135,23,17,46
2023-01-30,56,71,41,31,44,31,31,28,32,60,48,36,29,84,38,107,132,26,17,34
2023-01-31,49,64,41,17,34,35,25,37,44,55,44,35,22,88,31,96,117,38,13,48
2023-02-01,76,60,24,24,38,28,30,36,38,52,43,33,25,88,31,75,124,30,14,42
2023-02-02,56,59,41,18,45,37,46,23,36,46,44,35,28,89,36,112,137,30,18,42
2023-02-03,59,49,52,30,46,43,41,29,48,51,56,42,40,87,28,104,144,40,19,37
2023-02-04,54,63,27,14,37,40,28,20,32,37,59,38,26,89,19,122,141,27,18,30
2023-02-05,59,48,45,16,30,43,42,26,35,44,52,34,36,84,28,98,131,20,17,29
2023-02-06,60,73,37,24,47,47,41,38,73,50,38,30,31,100,31,84,144,37,15,34
2023-02-07,59,55,39,42,40,49,31,32,33,48,65,33,23,94,31,134,135,31,22,45
2023-02-08,46,74,32,30,54,45,34,36,41,47,47,32,35,97,41,110,110,35,22,42
2023-02-09,67,44,44,23,43,46,48,36,45,49,55,29,26,87,31,121,125,26,19,48
2023-02-10,58,61,37,28,37,47,47,25,37,44,59,38,47,75,20,108,125,27,25,43
2023-02-11,66,67,31,30,47,51,38,25,36,46,41,36,29,96,17,94,107,16,23,31
2023-02-12,60,55,49,27,38,42,34,31,35,46,54,35,30,81,33,97,125,7,9,50
2023-02-13,67,56,51,20,38,50,38,33,46,44,38,43,28,91,32,133,115,22,7,40
2023-02-14,62,61,32,24,59,41,31,30,35,36,72,39,26,94,17,93,124,46,22,35
2023-02-15,56,59,41,30,35,41,28,34,46,36,58,30,38,99,23,121,136,32,9,52
2023-02-16,54,61,42,22,39,44,34,24,54,52,55,35,42,92,29,98,131,22,44,51
2023-02-17,50,58,39,32,43,43,40,41,34,55,72,39,34,97,35,117,96,27,22,46
2023-02-18,56,62,24,36,33,54,34,34,32,48,39,35,17,91,23,88,123,28,28,34
2023-02-19,64,52,28,21,49,39,37,26,31,39,63,36,44,97,30,110,110,16,12,26
2023-02-20,68,64,44,31,36,45,30,40,47,42,62,45,34,80,39,111,134,27,21,51
2023-02-21,54,55,34,28,41,51,28,25,41,49,58,34,31,90,30,105,115,44,18,49
2023-02-22,51,58,62,32,37,43,30,35,43,37,43,38,38,98,32,131,133,29,32,40
2023-02-23,65,66,42,29,36,41,46,25,38,44,59,31,29,84,34,99,115,35,24,48
2023-02-24,61,45,37,33,36,53,34,28,36,60,62,34,36,97,19,110,118,40,16,42
2023-02-25,59,58,30,34,38,50,31,29,39,40,59,37,40,93,26,104,115,19,24,37
2023-02-26,54,61,28,22,39,41,29,32,30,52,62,38,37,84,21,113,129,20,26,38
2023-02-27,63,62,57,28,41,43,30,45,49,61,69,43,35,91,30,125,135,25,42,38
2023-02-28,62,66,46,17,31,43,42,37,35,42,53,36,35,94,27,106,113,30,24,44
2023-03-01,57,66,29,25,37,49,39,29,51,42,61,28,28,94,18,110,134,41,16,47
2023-03-02,69,55,43,25,37,48,41,32,38,39,62,33,37,95,23,111,148,41,27,43
2023-03-03,43,57,49,22,40,52,44,34,48,61,63,37,34,78,28,131,110,31,20,60
2023-03-04,51,69,36,30,43,56,41,17,22,44,58,41,32,83,24,104,115,20,21,25
2023-03-05,61,59,39,23,37,41,32,37,39,45,46,36,36,88,31,106,109,34,13,43
2023-03-06,46,71,42,32,38,46,46,34,53,38,68,45,28,89,41,124,122,30,26,53
2023-03-07,67,52,49,32,30,48,34,33,41,45,55,39,42,92,34,119,135,29,50,37
2023-03-08,59,61,38,36,44,48,29,40,46,44,61,40,37,92,29,116,121,44,21,33
2023-03-09,61,64,46,23,51,52,43,39,32,47,64,33,36,98,30,123,113,46,31,45
2023-03-10,40,48,38,38,30,42,42,25,41,49,45,28,36,78,26,104,123,28,65,39
2023-03-11,64,62,40,34,17,58,41,26,34,46,43,37,28,81,30,88,113,24,31,31
2023-03-12,58,49,24,22,53,42,33,42,42,37,56,32,17,80,33,89,101,35,17,34
2023-03-13,57,49,44,42,43,50,30,34,48,48,69,43,41,87,35,114,158,33,15,44
2023-03-14,68,70,49,27,38,56,25,24,54,43,52,37,35,96,23,94,117,37,20,54
2023-03-15,58,66,37,28,40,40,35,34,49,54,59,33,39,90,28,126,122,36,14,42
2023-03-16,61,68,33,33,41,47,38,35,40,39,52,42,32,87,42,107,112,31,26,46
2023-03-17,71,53,43,32,38,41,47,26,43,62,58,28,39,94,28,90,118,45,19,45
2023-03-18,64,73,23,26,55,62,36,35,39,39,56,28,42,83,22,101,121,40,28,40
2023-03-19,53,54,41,17,30,40,36,34,32,47,67,42,44,88,28,113,102,41,17,28
2023-03-20,62,61,51,29,35,42,37,31,45,53,49,45,34,87,30,80,143,25,34,47
2023-03-21,69,65,43,35,41,58,27,30,44,49,17,27,37,92,27,60,124,37,14,48
2023-03-22,67,73,46,24,32,45,35,38,46,47,40,39,27,82,39,68,114,30,22,36
2023-03-23,56,57,26,33,36,50,38,34,34,40,71,39,32,90,32,163,115,37,20,45
2023-03-24,65,57,40,22,40,45,38,34,52,50,61,32,37,92,26,86,111,31,19,45
2023-03-25,54,59,32,28,40,42,45,25,28,49,57,41,37,86,26,135,131,31,20,24
2023-03-26,54,66,36,20,34,42,38,39,48,36,62,42,36,65,19,135,105,36,21,30
2023-03-27,58,63,45,24,45,55,38,38,56,51,61,40,26,93,35,122,126,35,28,54
2023-03-28,56,57,37,34,47,45,26,35,37,44,60,38,36,95,32,124,130,43,17,51
2023-03-29,57,66,38,20,45,50,38,39,36,55,69,39,42,84,27,143,118,46,42,44
2023-03-30,73,55,36,32,49,52,42,38,35,58,61,38,29,93,27,102,122,44,33,44
2023-03-31,54,60,38,29,37,55,34,27,35,50,52,39,46,76,24,96,132,34,25,40
2023-04-01,46,69,39,37,31,48,37,26,39,46,61,35,44,63,28,115,121,36,41,23
2023-04-02,45,40,28,23,26,44,38,33,30,34,41,33,40,104,30,70,144,45,12,38
2023-04-03,65,76,44,32,33,47,36,28,45,35,66,39,13,85,25,128,141,28,24,40
2023-04-04,69,62,48,29,35,42,27,25,36,46,27,36,5,94,23,82,130,0,30,35
2023-04-05,54,41,33,34,21,40,31,35,47,55,74,36,32,109,19,149,128,51,9,39
2023-04-06,60,76,22,27,46,40,32,29,27,41,58,33,39,86,22,109,125,42,21,33
2023-04-07,62,55,24,31,48,52,39,31,44,35,59,32,41,86,22,118,135,36,35,34
2023-04-08,52,67,27,34,48,48,36,23,38,30,50,32,41,83,23,132,112,50,23,33
2023-04-09,56,66,54,23,32,40,43,33,35,53,53,36,40,71,33,120,134,25,26,52
2023-04-10,55,61,48,27,46,47,34,38,42,60,64,46,42,89,39,111,117,33,10,58
2023-04-11,59,51,29,28,36,45,42,31,46,38,54,31,42,83,35,127,130,30,9,35
2023-04-12,58,70,43,33,41,46,34,37,36,33,66,33,33,82,28,114,132,27,46,50
2023-04-13,60,58,48,37,46,43,48,39,52,57,58,34,34,94,25,139,114,46,66,45
2023-04-14,55,78,39,32,44,49,40,30,38,49,55,27,38,83,31,111,131,43,18,37
2023-04-15,63,61,34,37,55,49,40,25,27,34,61,31,35,81,24,85,121,32,15,33
2023-04-16,46,72,33,26,34,48,31,31,29,45,51,47,41,78,27,105,124,34,18,37
2023-04-17,67,52,52,32,40,49,46,41,40,45,10,46,26,88,30,87,134,29,24,41
2023-04-18,65,56,50,30,38,41,30,24,29,50,78,39,35,106,27,122,118,36,21,45
2023-04-19,74,66,47,21,30,44,27,40,40,38,55,34,22,84,32,114,122,42,23,45
2023-04-20,65,49,33,29,55,45,47,31,44,66,71,38,35,100,32,123,113,29,13,37
2023-04-21,71,36,35,27,39,52,41,32,43,45,68,24,47,97,36,118,123,23,9,43
2023-04-22,53,58,36,23,41,48,35,31,22,40,72,33,45,95,23,120,106,30,13,30
2023-04-23,54,74,36,29,36,36,36,33,31,45,64,35,25,83,30,111,124,24,22,38
2023-04-24,59,73,45,36,33,50,43,31,47,56,62,39,43,99,29,105,142,23,15,48
2023-04-25,57,57,31,31,45,48,37,26,36,46,68,35,30,103,33,128,125,34,22,52
2023-04-26,76,69,24,33,52,39,33,35,37,32,60,30,31,85,28,113,138,50,25,30
2023-04-27,64,66,44,33,43,41,34,31,46,61,66,36,30,102,28,117,111,33,35,53
2023-04-28,65,50,39,36,42,54,45,28,31,56,58,36,32,93,29,146,121,46,19,48
2023-04-29,68,66,20,21,50,51,37,23,33,47,61,39,31,72,17,105,127,44,20,25
2023-04-30,60,57,34,19,33,44,41,33,32,36,55,38,38,88,27,115,136,23,23,30
2023-05-01,59,75,61,27,30,48,38,32,31,45,66,35,32,104,35,112,139,28,45,52
2023-05-02,50,71,30,23,36,50,36,26,23,32,66,31,42,88,20,99,126,47,38,36
2023-05-03,63,55,27,33,38,44,30,17,33,36,32,37,19,89,20,73,117,31,16,25
2023-05-04,69,54,21,26,26,46,41,16,25,25,43,35,11,92,19,109,113,15,16,38
2023-05-05,63,20,18,28,11,38,46,13,35,34,59,40,56,101,23,127,118,24,12,23
2023-05-06,68,69,13,27,59,43,32,16,19,36,74,30,36,83,14,124,119,33,4,12
2023-05-07,65,59,30,26,35,42,38,23,27,26,38,33,29,85,21,87,138,38,13,36
2023-05-08,64,93,48,28,30,53,36,35,41,41,79,35,36,92,26,120,146,29,89,49
2023-05-09,44,63,38,31,39,43,43,30,51,39,59,32,30,84,22,95,134,41,46,36
2023-05-10,68,65,45,27,41,42,38,43,31,60,68,36,30,93,40,118,122,36,37,48
2023-05-11,61,63,43,30,56,50,40,29,46,55,58,39,33,83,37,125,120,27,28,46
2023-05-12,66,58,32,40,50,48,40,32,46,41,76,37,45,92,26,135,137,41,12,42
2023-05-13,69,57,36,27,41,44,36,17,41,34,62,33,32,82,22,104,117,35,14,34
2023-05-14,54,58,34,23,35,49,34,36,27,40,48,35,33,75,24,108,124,25,48,32
2023-05-15,63,61,36,33,33,58,37,35,52,47,49,41,36,93,33,115,138,25,73,42
2023-05-16,52,71,43,28,45,47,38,28,47,55,56,39,33,114,29,94,116,32,51,39
2023-05-17,81,63,47,28,42,50,35,38,43,44,50,29,34,90,22,94,112,35,30,47
2023-05-18,55,49,34,29,34,43,36,26,34,63,57,31,40,94,33,133,134,24,17,39
2023-05-19,56,48,33,14,40,48,45,30,34,41,39,41,12,101,21,86,125,24,19,40
2023-05-20,69,55,23,17,40,41,27,18,35,32,31,35,31,78,20,92,132,13,49,36
2023-05-21,59,51,38,15,31,44,30,44,44,52,19,37,11,75,32,56,108,14,27,41
2023-05-22,66,65,52,32,41,54,42,50,34,55,63,34,52,100,31,133,144,59,19,42
2023-05-23,64,58,29,25,44,47,34,34,47,43,82,34,34,76,26,106,140,38,50,43
2023-05-24,61,64,47,26,49,48,39,31,44,48,67,34,27,108,32,112,131,30,53,44
2023-05-25,64,60,40,35,44,41,36,35,30,59,67,36,35,85,31,103,119,35,26,46
2023-05-26,65,46,35,27,49,54,48,35,51,54,38,40,37,83,26,117,121,36,16,43
2023-05-27,58,62,30,29,50,45,35,26,42,45,75,32,2,74,25,114,121,36,14,42
2023-05-28,50,54,33,22,29,45,39,27,34,49,37,33,35,75,31,84,114,45,17,36
2023-05-29,57,51,41,33,27,39,35,42,51,54,72,43,40,81,28,111,153,38,19,39
2023-05-30,55,52,31,27,33,50,18,31,31,38,47,35,25,110,24,83,132,22,63,53
2023-05-31,50,65,48,35,47,45,30,31,46,53,72,39,42,116,26,144,116,29,25,43
2023-06-01,74,55,27,23,34,42,35,31,37,45,61,36,19,105,24,92,119,29,17,33
2023-06-02,67,56,17,29,42,38,42,31,31,24,76,41,36,78,16,121,120,39,40,26
2023-06-03,60,65,28,28,37,47,39,17,22,22,73,32,46,94,14,129,109,25,45,30
2023-06-04,57,38,22,20,36,38,30,30,28,63,46,40,38,80,27,107,121,30,26,29
2023-06-05,63,58,52,31,38,46,42,31,43,50,69,36,35,78,35,112,152,35,31,57
2023-06-06,72,57,44,41,45,51,29,38,52,44,75,43,32,85,37,109,119,45,14,45
2023-06-07,63,56,32,30,43,43,36,38,40,44,51,49,36,96,34,126,122,31,65,54
2023-06-08,61,64,37,32,46,41,36,31,45,47,69,44,40,94,25,111,124,42,19,47
2023-06-09,55,55,27,25,46,54,41,26,38,54,46,39,42,80,17,106,109,32,28,33
2023-06-10,68,60,38,31,35,43,34,22,34,51,62,44,32,82,24,103,129,47,15,36
2023-06-11,55,42,27,27,43,36,30,29,27,50,56,32,28,69,29,110,122,35,9,42
2023-06-12,51,66,39,37,34,50,40,37,38,39,54,44,29,95,31,108,138,28,22,38
2023-06-13,66,56,33,25,36,41,29,32,38,40,73,52,35,82,25,114,137,40,15,38
2023-06-14,81,54,40,30,44,45,33,41,31,51,65,60,25,83,41,100,133,31,22,52
2023-06-15,64,66,34,34,41,37,46,30,42,52,71,33,35,100,24,101,117,43,14,48
2023-06-16,61,52,40,28,38,55,43,31,40,51,64,48,41,70,20,107,136,28,68,41
2023-06-17,59,64,34,26,43,38,34,24,22,53,40,33,32,90,28,108,118,41,36,34
2023-06-18,57,50,27,18,42,51,37,41,32,47,63,30,32,81,26,91,118,31,31,35
2023-06-19,67,62,52,27,38,51,42,30,37,48,56,35,29,98,36,126,132,20,44,39
2023-06-20,59,60,27,28,34,57,26,29,38,45,62,38,36,86,24,118,115,40,25,53
2023-06-21,66,55,34,28,43,44,31,31,37,46,59,33,33,94,20,119,130,38,12,48
2023-06-22,49,48,30,24,56,40,43,32,39,49,71,37,35,85,25,126,120,32,19,44
2023-06-23,72,54,41,37,44,57,32,26,39,54,62,31,35,87,31,104,125,43,21,50
2023-06-24,60,62,35,22,48,46,45,32,37,39,63,37,31,87,20,79,126,43,15,41
2023-06-25,61,58,32,23,34,38,37,26,33,55,63,33,27,74,36,110,129,35,16,32
2023-06-26,63,51,40,30,35,44,35,38,42,47,74,38,33,91,34,136,137,34,13,48
2023-06-27,72,51,38,29,42,48,28,34,38,53,63,41,32,80,27,115,132,44,19,38
2023-06-28,68,73,40,32,40,47,34,35,47,46,42,32,32,87,23,108,127,31,16,54
2023-06-29,53,53,36,37,46,53,42,41,41,49,59,37,33,77,23,122,128,40,8,53
2023-06-30,52,51,24,27,41,45,39,28,30,48,66,34,37,79,28,107,139,40,22,46
2023-07-01,50,63,33,27,41,43,27,24,34,27,49,33,42,95,24,103,129,36,38,31
2023-07-02,55,50,46,26,40,39,35,32,37,45,61,42,33,89,26,95,126,32,14,41
2023-07-03,58,67,51,27,31,42,29,35,48,45,72,42,8,92,31,118,149,38,12,38
2023-07-04,63,49,30,30,42,48,35,30,44,45,55,41,42,83,34,102,123,29,22,45
2023-07-05,40,61,32,27,50,48,22,33,36,39,66,31,32,81,24,100,105,34,70,42
2023-07-06,51,50,37,29,33,43,46,36,44,45,57,39,32,90,42,131,114,37,34,42
2023-07-07,74,50,41,37,38,40,41,30,47,57,69,40,21,76,27,109,140,47,22,39
2023-07-08,52,43,20,25,42,47,37,22,36,43,57,28,29,77,18,116,125,36,9,25
2023-07-09,51,65,43,21,27,42,35,26,30,36,54,35,35,76,22,96,135,37,10,31
2023-07-10,70,54,51,31,36,50,33,32,45,38,64,45,34,96,29,118,135,25,19,43
2023-07-11,65,68,42,31,35,51,34,30,44,52,53,44,34,85,27,103,115,38,26,45
2023-07-12,74,56,37,27,33,55,35,47,38,45,52,36,32,81,42,103,131,36,15,52
2023-07-13,70,53,42,37,53,50,42,40,38,46,58,34,45,81,30,106,124,29,8,42
2023-07-14,63,27,30,23,38,41,43,30,35,53,55,32,40,89,32,126,122,34,8,41
2023-07-15,46,45,35,35,46,50,34,33,30,51,61,33,30,79,26,119,109,37,13,26
2023-07-16,53,50,32,4,23,4,28,28,35,38,56,42,36,77,25,112,126,44,19,42
2023-07-17,80,38,50,5,53,25,46,32,43,46,42,42,30,103,37,114,127,36,31,32
2023-07-18,49,69,43,37,41,70,37,29,44,52,37,29,31,76,24,104,104,33,21,44
2023-07-19,68,77,41,37,35,64,32,34,36,44,51,39,26,78,19,109,119,39,30,41
2023-07-20,55,65,46,28,39,50,32,31,43,56,57,31,37,89,35,112,118,29,63,52
2023-07-21,58,53,41,29,46,56,35,35,48,55,64,34,37,79,27,114,138,32,35,46
2023-07-22,65,72,45,29,50,44,38,28,39,31,55,38,39,90,25,124,111,28,20,34
2023-07-23,57,60,33,26,42,55,37,29,34,50,41,32,29,84,33,111,124,32,16,32
2023-07-24,72,64,55,25,41,58,48,39,51,45,65,36,32,102,41,116,144,35,20,46
2023-07-25,57,66,38,31,44,50,14,40,35,43,61,40,32,90,29,103,106,39,34,48
2023-07-26,62,56,42,39,37,42,2,32,46,41,66,33,34,95,23,115,128,32,34,38
2023-07-27,63,52,48,19,42,36,2,29,36,52,65,34,37,85,35,94,133,42,43,43
2023-07-28,57,47,40,20,45,25,6,28,40,46,35,42,45,85,23,72,130,34,35,42
2023-07-29,64,65,38,18,43,34,68,22,35,48,63,33,24,86,23,94,115,30,21,30
2023-07-30,61,66,25,24,29,54,45,27,34,37,47,41,24,63,24,105,121,11,24,32
2023-07-31,53,55,43,35,42,53,56,39,46,39,40,38,40,98,33,87,149,33,24,49
2023-08-01,54,57,42,33,38,54,52,30,50,34,51,30,36,80,27,92,105,36,21,34
2023-08-02,63,58,38,31,44,39,34,27,35,41,5,32,27,92,30,95,114,42,30,29
2023-08-03,59,62,33,33,30,46,24,24,45,44,0,39,31,71,34,80,123,43,22,36
2023-08-04,57,62,44,21,42,44,0,35,39,41,29,34,25,81,32,95,142,35,16,45
2023-08-05,55,56,37,18,39,31,2,19,40,44,87,33,25,89,27,105,133,27,20,32
2023-08-06,57,50,30,14,35,35,67,18,31,25,67,44,35,73,21,116,140,23,17,35
2023-08-07,65,56,46,23,40,47,43,22,29,32,77,40,32,90,26,112,142,33,10,37
2023-08-08,55,6,22,27,10,49,46,20,25,18,71,34,34,83,18,109,98,47,1,22
2023-08-09,62,3,30,30,0,48,41,34,24,26,64,40,35,98,19,133,118,35,0,21
2023-08-10,76,46,19,30,38,51,35,19,40,19,60,32,34,80,12,124,122,31,8,26
2023-08-11,58,100,17,25,67,39,38,26,34,28,70,33,40,86,23,98,117,40,75,28
2023-08-12,58,73,14,31,47,44,32,29,28,22,50,28,33,82,21,108,114,26,44,17
2023-08-13,63,57,6,23,43,41,30,23,40,1,67,35,27,73,9,126,121,26,28,14
2023-08-14,64,70,18,29,56,46,33,0,15,1,66,41,38,98,1,139,129,46,22,13
2023-08-15,55,56,10,27,45,54,40,12,32,8,66,36,28,81,6,118,135,37,12,20
2023-08-16,54,55,35,32,46,45,38,76,46,100,64,30,28,88,43,111,116,43,23,47
2023-08-17,62,51,60,24,38,51,46,44,51,68,65,39,30,85,34,111,109,35,23,63
2023-08-18,68,59,52,17,44,42,41,31,41,56,27,33,17,87,26,64,137,21,25,54
2023-08-19,51,59,47,15,41,47,36,27,40,44,29,31,19,81,21,74,117,20,17,37
2023-08-20,64,51,38,17,26,37,33,28,47,60,29,37,21,73,25,67,132,19,50,44
2023-08-21,48,63,49,31,47,48,32,35,55,48,91,41,53,81,30,146,153,68,40,45
2023-08-22,68,50,50,25,28,41,43,37,39,49,72,36,34,85,31,126,129,30,28,37
2023-08-23,56,51,43,32,40,50,43,38,49,40,68,32,34,82,23,111,113,35,24,50
2023-08-24,69,52,44,27,44,39,41,27,39,57,59,33,30,91,26,125,129,28,28,42
2023-08-25,61,62,48,36,52,53,44,26,41,58,65,42,41,87,29,109,116,30,49,41
2023-08-26,69,61,41,24,47,57,25,30,34,40,71,33,33,89,30,118,123,35,18,37
2023-08-27,62,65,37,20,43,39,39,32,28,51,61,39,26,69,30,108,128,36,17,39
2023-08-28,66,60,44,31,49,44,45,43,45,40,62,43,25,109,37,129,147,24,19,51
2023-08-29,58,58,41,29,41,50,22,35,56,47,70,28,38,90,24,110,119,27,15,48
2023-08-30,63,67,37,30,31,50,3,39,39,42,70,37,33,70,30,109,124,35,19,46
2023-08-31,56,59,40,3,44,14,5,45,46,39,57,29,30,79,27,115,127,36,28,35
2023-09-01,67,71,36,1,44,0,69,40,29,37,54,43,38,90,29,109,129,46,21,41
2023-09-02,71,60,38,21,45,52,35,27,32,51,53,38,33,76,17,100,120,31,18,38
2023-09-03,58,51,29,23,34,66,4,25,28,38,55,38,31,90,22,119,122,29,35,35
2023-09-04,66,73,39,43,38,60,12,30,43,29,58,44,30,91,31,127,139,33,27,35
2023-09-05,62,54,33,37,40,47,62,29,37,36,67,38,31,91,32,99,126,36,20,35
2023-09-06,58,61,48,30,40,50,48,27,42,48,54,34,23,92,17,111,110,25,19,48
2023-09-07,70,57,23,32,39,47,44,32,31,38,55,25,37,79,20,122,126,35,20,37
2023-09-08,55,63,17,33,32,45,46,30,38,25,71,39,42,77,21,112,130,36,40,18
2023-09-09,58,56,46,29,45,50,39,22,34,52,58,32,34,76,21,105,108,27,27,48
2023-09-10,49,62,45,19,35,43,47,30,36,52,60,46,30,77,28,105,128,24,26,56
2023-09-11,60,67,52,30,42,44,39,36,41,47,55,39,35,103,27,115,149,36,22,46
2023-09-12,67,68,43,33,47,54,37,24,40,57,63,34,34,83,22,114,119,39,24,45
2023-09-13,58,62,35,22,39,44,40,34,38,55,62,31,35,83,28,103,116,37,22,45
2023-09-14,57,51,36,23,51,49,36,36,46,47,72,34,37,92,34,125,121,41,20,41
2023-09-15,63,52,29,27,30,48,44,34,42,54,58,40,37,87,28,108,127,44,24,51
2023-09-16,66,72,40,36,46,43,36,26,33,52,64,32,32,66,21,104,116,37,21,36
2023-09-17,56,64,27,15,41,36,42,28,26,39,52,40,35,127,14,103,114,34,21,26
2023-09-18,57,61,49,32,45,48,32,38,46,49,63,41,33,104,22,134,176,36,23,42
2023-09-19,62,50,38,33,45,54,41,36,45,45,66,50,29,70,26,120,111,37,39,47
2023-09-20,73,40,47,38,24,52,36,43,43,42,63,35,26,78,27,89,113,36,15,52
2023-09-21,71,64,34,25,50,42,38,35,28,46,56,36,39,89,26,125,131,31,22,46
2023-09-22,69,59,39,35,47,45,40,29,41,49,62,30,39,93,11,105,109,37,32,53
2023-09-23,61,61,34,19,54,47,37,26,34,40,50,39,32,81,19,106,110,45,25,40
2023-09-24,46,52,37,26,38,43,42,32,28,39,50,34,36,79,23,90,120,26,18,38
2023-09-25,64,69,34,33,50,49,32,43,52,42,56,41,27,101,30,113,128,31,25,34
2023-09-26,58,55,46,25,54,43,38,35,57,49,55,36,37,88,27,106,108,39,23,37
2023-09-27,57,65,49,22,36,41,24,34,44,58,67,28,38,73,29,121,128,33,22,65
2023-09-28,63,48,36,29,31,58,42,32,41,53,56,36,32,93,26,122,120,35,18,55
2023-09-29,65,39,45,27,25,41,44,41,32,45,70,42,37,77,22,117,117,38,14,39
2023-09-30,65,45,37,37,44,29,29,25,37,52,55,37,35,77,13,116,127,35,15,28
2023-10-01,46,56,41,20,35,39,28,34,30,48,57,39,39,123,18,107,120,19,21,38
2023-10-02,67,66,46,33,40,48,43,32,46,53,54,40,29,123,32,105,148,28,20,52
2023-10-03,58,70,33,32,28,44,17,24,31,51,61,32,24,87,33,115,122,36,22,39
2023-10-04,57,56,40,31,46,44,6,35,46,48,49,33,26,87,29,100,126,22,25,49
2023-10-05,57,49,28,22,46,32,0,22,35,38,47,42,26,95,17,89,105,26,20,50
2023-10-06,56,64,38,9,38,12,48,29,43,51,55,34,23,96,21,110,118,31,17,42
2023-10-07,63,50,44,2,43,1,49,22,38,44,42,38,36,83,31,63,119,31,17,34
2023-10-08,53,53,34,3,29,0,54,25,32,37,51,39,23,69,10,83,116,31,22,24
2023-10-09,71,57,44,47,42,75,37,30,38,33,57,42,26,87,32,96,134,31,24,39
2023-10-10,67,46,42,41,42,61,43,36,32,44,49,37,22,89,22,105,121,25,24,50
2023-10-11,57,58,40,37,32,66,33,27,46,44,46,40,35,83,28,108,107,40,23,33
2023-10-12,55,57,35,31,42,47,46,36,50,48,61,30,30,97,23,99,137,32,23,36
2023-10-13,68,58,46,24,52,52,39,35,33,42,49,27,37,78,24,120,137,30,23,49
2023-10-14,57,49,23,27,32,47,37,19,37,40,61,35,33,83,15,119,117,29,22,26
2023-10-15,48,50,25,22,41,39,30,25,28,31,59,40,28,79,29,102,119,41,22,36
2023-10-16,64,54,50,38,35,36,32,35,46,60,55,51,35,97,33,145,145,25,19,48
2023-10-17,67,53,38,25,36,41,35,41,47,62,58,41,38,82,24,117,125,38,29,41
2023-10-18,63,53,40,28,43,53,34,37,47,50,70,39,32,77,26,116,111,39,70,41
2023-10-19,57,64,31,33,43,47,29,34,40,45,57,34,29,95,21,113,131,31,17,50
2023-10-20,58,49,27,28,48,41,32,33,34,45,39,33,36,86,22,122,128,35,15,38
2023-10-21,45,58,37,31,37,38,37,21,36,32,70,41,38,66,20,111,115,28,19,43
2023-10-22,59,53,38,23,40,37,31,33,35,50,59,39,37,69,32,103,122,40,18,34
2023-10-23,47,51,46,28,44,42,39,37,54,53,71,41,38,97,36,113,119,32,21,44
2023-10-24,63,64,38,26,37,45,37,34,42,46,63,35,33,85,21,91,127,36,21,44
2023-10-25,66,69,39,32,37,48,37,35,45,60,65,31,23,96,28,110,129,34,29,37
2023-10-26,66,64,43,28,46,50,41,32,42,49,55,38,35,79,35,101,113,31,24,42
2023-10-27,70,55,37,30,42,41,35,22,40,46,63,37,39,86,23,133,104,35,17,49
2023-10-28,46,59,29,29,33,39,33,22,32,47,53,35,44,75,18,126,128,35,27,46
2023-10-29,54,54,32,21,39,53,35,38,34,50,68,31,25,76,24,105,125,31,12,36
2023-10-30,47,50,41,38,32,42,39,47,56,40,65,49,32,86,34,113,118,31,20,50
2023-10-31,57,67,34,28,45,44,36,31,39,48,70,35,31,70,34,128,138,15,68,34
2023-11-01,64,69,27,34,43,42,41,38,53,50,55,37,37,108,32,99,125,37,40,40
2023-11-02,18,52,37,29,45,47,30,34,35,41,62,46,29,46,21,110,120,48,50,36
2023-11-03,51,59,28,32,32,42,36,26,41,54,55,36,34,76,18,118,120,44,17,38
2023-11-04,71,53,32,30,35,45,31,23,22,33,49,35,38,67,21,118,108,32,16,36
2023-11-05,61,54,25,26,28,42,45,31,37,41,50,39,20,73,24,87,112,18,14,35
2023-11-06,69,41,36,25,28,52,38,28,40,32,50,42,26,61,15,112,145,27,10,30
2023-11-07,44,64,30,26,37,47,35,30,41,36,79,36,37,94,31,107,128,34,38,38
2023-11-08,57,56,44,34,39,47,38,35,33,66,57,37,27,76,25,112,143,41,28,52
2023-11-09,74,72,46,41,35,28,35,26,44,39,53,31,31,78,39,120,125,29,24,47
2023-11-10,59,48,34,31,41,56,42,35,47,38,38,42,34,108,24,76,126,33,16,49
2023-11-11,53,56,42,23,38,41,31,25,35,42,73,34,36,86,23,115,117,35,19,34
2023-11-12,54,54,34,26,32,36,39,34,29,35,38,33,31,77,29,94,114,34,11,47
2023-11-13,52,61,54,36,34,44,29,33,45,44,63,49,36,103,30,117,133,41,25,44
2023-11-14,57,58,41,30,39,39,30,39,45,61,65,38,27,80,28,116,120,34,21,40
2023-11-15,67,72,36,26,35,44,34,33,38,48,64,39,36,80,24,104,104,36,21,43
2023-11-16,65,60,33,31,45,46,42,38,32,52,3,36,18,100,26,94,139,33,27,44
2023-11-17,61,51,16,26,46,47,36,30,38,41,19,33,34,71,15,97,140,35,16,22
2023-11-18,60,41,27,24,31,45,30,18,23,32,95,35,31,73,11,116,109,39,13,25
2023-11-19,57,54,41,24,27,29,38,25,42,35,76,33,38,94,36,104,118,24,18,44
2023-11-20,53,59,46,30,39,44,31,28,47,41,74,35,31,97,30,117,139,43,51,54
2023-11-21,54,44,58,28,47,47,33,35,51,44,73,35,36,94,32,111,128,30,71,53
2023-11-22,64,63,44,26,37,42,26,44,34,50,70,36,37,96,22,120,116,29,19,41
2023-11-23,66,59,29,33,46,43,43,43,49,46,51,31,17,79,27,105,115,32,21,33
2023-11-24,46,56,36,35,31,51,44,28,42,37,73,29,35,74,31,107,123,43,14,53
2023-11-25,45,55,40,33,39,48,31,20,40,49,59,40,37,68,20,115,114,40,19,34
2023-11-26,71,47,39,25,30,39,30,24,32,41,56,31,37,94,26,114,118,44,16,46
2023-11-27,63,61,37,28,54,39,37,35,52,41,63,41,26,87,38,122,138,39,13,52
2023-11-28,70,75,31,33,41,47,32,33,39,35,66,45,32,76,30,115,114,35,9,50
2023-11-29,67,56,43,38,47,43,23,40,47,55,63,41,25,96,27,103,121,37,19,41
2023-11-30,69,70,47,29,42,42,47,34,33,41,57,43,30,87,22,110,95,30,19,47
2023-12-01,53,54,42,20,40,48,36,32,34,53,52,43,30,101,27,108,126,43,20,45
2023-12-02,52,55,34,15,42,45,26,24,30,42,60,36,31,87,25,111,112,37,16,42
2023-12-03,69,70,43,25,40,42,37,29,38,42,57,33,38,74,28,108,108,32,19,37
2023-12-04,53,63,43,31,42,45,40,31,41,55,56,45,43,89,33,114,157,35,27,44
2023-12-05,25,54,36,38,28,50,28,28,55,43,72,36,31,85,25,117,140,31,17,44
2023-12-06,41,59,40,27,35,46,31,45,44,58,56,45,23,85,32,123,111,36,18,43
2023-12-07,49,69,41,23,44,44,45,35,35,42,57,41,32,94,31,110,128,32,18,39
2023-12-08,72,46,51,34,37,51,42,26,43,56,65,33,38,85,32,95,123,41,21,52
2023-12-09,68,52,32,31,41,47,30,30,43,46,58,32,31,65,27,115,128,19,23,33
2023-12-10,60,52,30,26,39,38,37,38,34,51,43,34,34,64,32,51,116,27,14,41
2023-12-11,66,51,37,34,40,45,41,38,52,42,44,43,21,90,32,107,153,33,10,37
2023-12-12,64,50,34,33,37,35,31,29,40,33,57,40,29,104,24,99,111,33,11,42
2023-12-13,64,63,44,31,33,39,28,38,36,41,75,37,35,82,29,112,130,15,56,36
2023-12-14,52,48,38,27,40,39,34,30,47,44,69,41,23,83,31,99,132,33,18,31
2023-12-15,73,61,28,31,56,38,39,27,41,45,5,36,1,84,30,101,129,21,14,53
2023-12-16,69,51,19,29,32,51,37,16,29,34,2,38,13,84,15,56,113,17,15,43
2023-12-17,64,39,30,17,29,37,21,24,38,36,76,41,42,74,21,119,104,48,27,39
2023-12-18,57,53,45,16,37,50,33,32,42,59,63,54,40,92,26,97,124,34,24,47
2023-12-19,47,48,48,17,36,39,49,42,41,43,35,43,34,100,25,94,133,33,22,49
2023-12-20,65,56,33,24,39,38,22,30,45,45,40,30,24,68,37,88,114,27,16,43
2023-12-21,53,40,32,29,37,38,27,38,53,33,10,25,29,77,23,69,121,33,16,33
2023-12-22,46,56,34,22,33,38,20,23,32,46,90,36,37,76,23,148,124,31,12,55
2023-12-23,46,57,37,18,44,40,36,21,25,47,67,38,36,65,24,106,109,33,28,39
2023-12-24,39,60,47,27,29,41,32,34,39,42,60,30,38,56,35,100,112,25,26,41
2023-12-25,48,63,47,30,54,47,28,35,60,51,74,34,34,70,37,126,133,34,21,44
2023-12-26,56,52,40,24,42,38,36,27,45,37,64,33,32,61,24,108,133,30,13,47
2023-12-27,66,53,43,41,41,41,38,33,43,62,73,39,36,73,27,100,112,40,24,42
2023-12-28,49,64,34,37,45,49,44,28,39,50,45,31,28,75,34,23,109,35,23,45
2023-12-29,58,56,19,28,48,39,38,34,27,36,15,38,27,85,18,5,123,21,20,36
2023-12-30,57,43,21,34,43,45,37,18,18,38,61,36,35,80,16,188,117,34,24,32
2023-12-31,48,43,8,23,34,34,37,11,8,6,67,39,36,60,7,124,98,40,11,13
2024-01-01,44,56,18,28,32,45,29,14,17,12,63,34,33,64,9,123,142,41,18,10
2024-01-02,42,58,27,22,46,43,45,16,28,18,65,37,36,72,13,114,121,34,27,18
2024-01-03,50,59,30,35,43,44,32,14,36,23,67,41,36,87,30,133,135,40,24,17
2024-01-04,61,58,49,34,46,42,44,30,43,31,62,43,23,87,27,133,135,37,13,32
2024-01-05,60,62,35,30,43,44,33,23,36,39,71,33,37,57,23,125,124,39,17,40
2024-01-06,67,63,41,35,47,37,21,23,27,35,63,26,35,77,16,81,114,44,19,36
2024-01-07,44,58,23,28,35,38,35,25,32,32,63,37,41,70,20,131,103,38,13,40
2024-01-08,71,63,41,31,41,50,43,32,43,43,70,34,29,84,34,140,158,41,22,41
2024-01-09,60,61,35,31,25,46,32,25,44,53,59,37,36,81,35,107,119,45,28,42
2024-01-10,67,51,37,25,33,50,33,32,43,45,51,38,35,86,25,118,115,38,16,44
2024-01-11,67,62,32,35,41,33,33,31,40,41,73,36,30,94,30,112,125,30,30,48
2024-01-12,53,60,48,32,43,48,25,40,47,39,68,35,39,80,25,142,121,18,17,40
2024-01-13,50,66,35,30,44,48,38,17,38,47,65,32,29,74,24,118,88,42,21,33
2024-01-14,62,54,28,25,41,35,23,35,33,58,71,41,17,81,30,89,109,32,26,37
2024-01-15,48,57,24,26,38,45,40,43,56,34,56,41,40,81,35,131,165,35,25,41
2024-01-16,72,53,31,30,43,44,36,38,50,46,70,36,39,94,41,101,119,36,17,49
2024-01-17,58,57,56,21,39,50,33,37,38,43,75,44,33,96,27,120,130,23,20,47
2024-01-18,65,48,39,30,45,42,42,39,45,52,57,27,37,95,30,125,137,44,16,50
2024-01-19,63,47,31,24,40,61,37,36,51,51,59,33,42,89,25,116,124,38,9,52
2024-01-20,56,53,28,21,41,37,25,12,35,31,36,42,31,71,21,104,108,31,7,41
2024-01-21,60,71,21,22,47,37,42,24,28,37,37,33,26,67,23,90,130,28,32,22
2024-01-22,45,55,54,37,43,47,37,35,58,45,37,40,26,81,33,92,120,22,39,56
2024-01-23,74,36,27,29,26,42,31,25,45,42,17,36,29,86,22,102,116,26,13,50
2024-01-24,48,42,24,36,22,42,35,23,33,39,75,42,32,65,20,121,130,33,13,39
2024-01-25,60,62,32,28,40,42,33,42,36,42,73,32,36,85,31,103,111,31,17,39
2024-01-26,61,62,38,32,49,41,45,42,37,53,69,45,37,106,15,119,130,38,26,52
2024-01-27,66,53,49,33,39,38,29,29,36,50,62,28,34,77,18,117,123,41,18,32
2024-01-28,59,54,44,21,40,41,37,36,39,43,66,42,31,79,23,132,114,33,19,46
2024-01-29,62,68,42,28,48,52,39,43,42,48,62,35,44,88,40,129,144,36,28,55
2024-01-30,62,61,33,26,41,43,31,34,45,44,15,32,29,89,26,59,114,30,27,36
2024-01-31,53,71,37,25,37,41,39,43,42,49,50,42,28,89,28,8,106,32,16,50
2024-02-01,68,40,31,25,35,46,35,34,44,49,61,41,22,88,24,188,141,23,9,47
2024-02-02,63,56,30,29,35,38,44,28,34,46,71,28,36,83,25,113,121,39,27,44
2024-02-03,66,55,32,26,40,44,33,18,39,40,54,43,36,88,20,108,123,45,21,25
2024-02-04,65,56,40,21,35,41,38,27,45,40,47,25,31,87,27,91,118,33,17,33
2024-02-05,54,39,30,31,37,40,36,37,55,28,35,38,29,80,30,115,152,33,8,36
2024-02-06,59,74,45,24,42,42,30,23,43,44,95,42,35,74,26,128,125,29,45,45
2024-02-07,70,57,48,26,47,42,35,30,48,45,71,39,37,105,31,124,113,20,30,58
2024-02-08,68,56,37,24,45,33,32,40,44,52,73,41,22,88,30,137,120,11,25,47
2024-02-09,75,47,30,24,32,28,19,39,43,48,53,26,32,89,25,82,120,36,17,35
2024-02-10,44,40,39,25,26,38,30,29,37,45,63,34,29,81,31,111,123,39,16,40
2024-02-11,65,56,23,15,29,33,32,28,32,39,66,34,28,78,23,107,104,30,22,30
2024-02-12,60,62,48,21,42,37,32,29,57,54,63,27,37,90,37,131,132,39,23,42
2024-02-13,38,60,38,29,35,52,32,29,51,37,65,38,28,80,35,118,125,29,26,42
2024-02-14,57,56,39,23,38,37,22,38,51,54,54,34,23,85,24,111,111,23,26,51
2024-02-15,61,47,24,22,50,26,33,38,46,41,44,35,20,75,21,93,137,34,14,43
2024-02-16,72,69,54,21,41,41,37,34,35,48,45,38,17,90,28,127,127,36,25,55
2024-02-17,57,52,45,23,43,48,31,18,37,43,57,35,32,91,29,109,120,20,36,33
2024-02-18,57,53,39,18,27,35,34,29,43,52,48,40,11,76,35,77,120,20,15,47
2024-02-19,59,44,39,31,49,31,37,32,43,27,32,35,14,85,29,103,145,23,17,45
2024-02-20,70,41,43,16,38,39,30,25,39,35,54,36,32,78,20,90,123,24,13,41
2024-02-21,59,34,37,25,25,35,22,36,38,42,41,37,20,78,27,96,112,19,7,48
2024-02-22,56,40,34,18,30,28,39,25,36,38,26,41,31,89,16,82,124,40,9,33
2024-02-23,65,49,31,17,53,25,40,30,37,45,45,37,41,84,21,87,102,35,21,34
2024-02-24,56,78,25,22,39,39,28,30,35,47,41,29,29,91,29,111,149,36,47,31
2024-02-25,44,74,18,16,27,49,37,27,32,32,39,25,44,59,30,85,128,31,33,36
2024-02-26,45,48,17,19,41,40,30,43,43,39,69,43,34,70,40,120,143,28,12,35
2024-02-27,57,61,21,32,44,38,33,31,51,33,53,40,35,93,24,105,126,33,26,38
2024-02-28,59,64,76,33,35,44,30,32,51,59,55,39,46,83,24,126,133,38,41,54
2024-02-29,54,57,36,31,53,35,43,26,56,47,35,34,30,81,22,128,116,28,72,49
2024-03-01,47,65,30,34,43,41,35,26,32,45,59,26,37,90,22,139,108,33,37,40
2024-03-02,61,61,33,33,35,51,33,20,31,36,63,37,30,86,14,165,112,26,40,33
2024-03-03,59,54,48,18,37,37,35,34,41,42,64,39,26,84,32,148,108,32,46,40
2024-03-04,67,59,53,32,43,55,43,37,52,41,73,37,39,85,36,109,138,27,58,49
2024-03-05,55,39,27,24,44,39,18,37,53,45,48,31,30,92,17,131,113,24,15,41
2024-03-06,53,44,37,33,42,46,32,42,29,32,58,35,28,83,21,144,128,36,32,37
2024-03-07,72,66,43,30,36,39,46,31,43,46,67,35,26,97,21,160,139,31,79,52
2024-03-08,61,56,50,26,40,35,41,34,34,46,51,28,48,85,32,137,109,37,55,59
2024-03-09,52,66,23,20,28,40,35,25,38,35,52,37,36,91,26,150,118,32,41,35
2024-03-10,62,57,54,18,27,33,34,34,31,41,68,28,30,74,30,147,109,35,43,34
2024-03-11,66,64,43,40,42,40,41,39,50,59,58,44,35,86,34,161,127,33,59,46
2024-03-12,66,58,29,25,39,42,40,30,50,29,56,33,29,81,23,153,124,28,47,41
2024-03-13,62,56,38,23,37,47,29,33,42,44,61,31,20,82,33,152,131,31,51,39
2024-03-14,70,63,54,38,47,41,38,31,44,55,51,32,20,97,29,153,119,46,42,50
2024-03-15,65,49,43,32,47,54,46,30,45,48,42,33,38,76,32,165,111,35,45,55
2024-03-16,52,44,28,29,41,37,27,30,52,49,11,38,24,97,26,39,103,37,42,32
2024-03-17,61,57,22,22,45,32,35,27,42,44,67,32,44,82,27,218,113,34,33,26
2024-03-18,62,58,29,26,40,39,38,47,37,31,62,39,34,103,39,171,127,37,54,40
2024-03-19,68,61,54,24,50,38,42,26,34,46,55,26,30,94,15,147,109,32,34,56
2024-03-20,56,53,15,30,40,39,24,43,33,35,74,35,35,77,23,162,111,34,35,38
2024-03-21,84,53,28,31,39,41,36,27,42,42,56,28,28,77,28,151,129,31,59,48
2024-03-22,62,45,76,32,35,50,49,29,37,54,70,27,38,81,32,162,130,50,28,44
2024-03-23,56,65,35,32,53,40,28,28,29,39,38,30,35,90,12,157,130,31,45,40
2024-03-24,50,44,30,37,33,36,44,37,35,48,41,34,30,71,36,111,126,30,27,46
2024-03-25,57,42,38,24,31,46,24,39,51,49,31,43,36,94,42,149,133,26,25,47
2024-03-26,60,64,32,29,32,43,32,36,50,30,68,38,35,102,20,170,115,31,35,36
2024-03-27,83,73,34,27,47,38,29,39,42,49,62,30,23,76,26,152,126,40,84,41
2024-03-28,61,49,40,26,34,50,38,31,51,46,71,36,27,88,30,169,126,29,28,38
2024-03-29,46,61,25,29,58,32,36,38,53,27,40,38,33,82,24,157,100,44,38,32
2024-03-30,47,61,44,37,51,38,35,23,33,54,65,30,37,80,20,115,117,30,49,42
2024-03-31,73,53,43,30,35,40,38,34,39,50,35,33,37,79,25,100,132,39,38,48
2024-04-01,61,57,52,22,50,39,40,36,50,49,38,49,22,82,28,104,135,30,31,36
2024-04-02,55,53,38,25,40,42,33,36,39,47,48,20,13,86,34,117,134,38,49,41
2024-04-03,59,51,41,36,42,34,28,31,41,36,82,35,48,77,22,124,130,29,30,52
2024-04-04,55,62,45,24,46,26,36,22,44,35,70,34,38,87,27,137,115,32,51,39
2024-04-05,77,54,51,22,58,52,38,32,45,52,64,41,35,91,23,151,131,34,52,42
2024-04-06,56,60,30,35,46,43,31,22,39,37,56,33,30,91,20,119,118,35,47,30
2024-04-07,61,54,34,27,33,41,38,33,39,40,48,28,29,63,26,134,133,38,41,29
2024-04-08,52,47,39,33,38,56,32,34,44,56,68,38,33,81,32,142,149,27,34,49
2024-04-09,59,53,34,35,33,48,30,33,45,36,60,30,29,84,27,145,127,31,25,30
2024-04-10,63,59,42,35,45,42,36,33,49,43,60,37,42,90,31,172,112,27,56,52
2024-04-11,64,64,39,28,42,48,38,39,43,43,47,31,27,98,32,168,124,34,46,45
2024-04-12,63,64,36,30,49,54,39,32,38,39,51,30,3,91,30,158,121,38,47,39
2024-04-13,66,52,37,31,53,46,25,19,44,59,29,37,5,79,14,69,109,40,30,34
2024-04-14,63,55,38,25,44,31,38,31,33,49,20,38,55,85,32,75,111,27,39,44
2024-04-15,48,54,44,28,50,49,35,33,52,64,61,40,41,84,25,191,160,38,35,41
2024-04-16,50,57,42,26,38,32,35,43,42,37,19,33,47,89,32,138,116,28,54,37
2024-04-17,67,60,39,33,44,41,23,21,38,43,68,36,39,101,30,137,118,25,53,40
2024-04-18,74,50,36,20,42,36,37,38,42,53,71,38,43,79,27,151,107,35,30,52
2024-04-19,63,55,34,34,56,44,32,36,38,41,58,26,34,78,33,161,118,36,44,41
2024-04-20,57,57,49,30,36,46,28,17,48,41,70,31,31,62,14,170,97,32,30,34
2024-04-21,62,56,40,22,40,36,41,32,38,43,54,35,43,83,22,162,117,26,43,48
2024-04-22,72,56,40,33,43,47,40,41,46,54,68,40,29,94,41,174,135,40,28,40
2024-04-23,61,60,36,33,43,48,36,22,40,49,60,38,29,91,27,147,124,31,29,44
2024-04-24,61,54,30,25,47,46,35,29,45,34,56,33,46,81,17,170,128,36,73,35
2024-04-25,69,55,46,43,44,38,27,35,49,49,61,33,37,76,25,161,98,27,43,45
2024-04-26,67,59,41,27,45,42,31,33,39,45,45,35,32,85,25,156,109,39,42,46
2024-04-27,72,63,33,30,31,40,34,19,33,52,40,29,29,78,30,170,127,31,50,46
2024-04-28,52,52,32,28,36,40,47,24,45,36,9,34,14,70,20,17,121,27,43,23
2024-04-29,73,50,41,31,36,47,39,38,41,39,64,36,43,104,24,166,129,37,31,46
2024-04-30,60,51,37,30,32,38,30,32,37,45,73,37,39,98,24,209,116,38,52,38
2024-05-01,70,60,19,32,40,40,30,26,41,55,66,34,36,97,29,127,125,29,37,37
2024-05-02,67,61,34,23,41,42,36,23,32,39,69,32,34,95,23,163,118,32,47,29
2024-05-03,72,61,22,38,43,43,29,23,35,25,57,43,21,89,19,184,121,37,48,41
2024-05-04,60,53,33,33,35,40,33,21,30,32,55,38,29,77,16,153,104,30,45,20
2024-05-05,54,43,22,19,17,32,34,20,29,26,27,35,41,63,17,143,111,24,26,26
2024-05-06,71,77,42,33,63,45,45,32,42,32,81,37,40,104,23,164,147,33,37,42
2024-05-07,52,45,41,31,45,47,38,26,35,34,61,37,37,85,31,170,121,42,23,37
2024-05-08,69,53,30,39,39,53,34,37,42,49,60,35,34,79,22,136,123,31,29,43
2024-05-09,54,60,35,34,40,50,24,28,47,50,65,41,34,82,32,174,110,33,60,47
2024-05-10,64,54,41,24,36,40,34,32,42,48,51,43,40,84,25,116,107,39,50,34
2024-05-11,75,53,29,27,46,38,35,13,43,44,51,30,36,73,26,155,126,28,33,41
2024-05-12,54,56,32,22,36,34,36,34,37,35,49,36,31,79,32,141,124,31,56,34
2024-05-13,67,56,42,23,35,41,36,17,53,41,54,32,26,87,46,164,141,34,40,28
2024-05-14,60,67,32,33,43,37,37,34,48,46,53,39,23,90,28,154,122,28,51,45
2024-05-15,70,42,34,24,39,48,33,34,40,56,56,35,32,87,26,141,121,30,37,54
2024-05-16,65,57,37,21,48,38,31,30,33,51,60,28,35,79,25,171,113,33,23,45
2024-05-17,60,56,32,24,43,27,42,37,56,47,63,34,42,81,32,142,117,43,43,38
2024-05-18,67,58,25,26,46,33,33,27,34,51,60,24,37,83,23,146,119,32,49,49
2024-05-19,62,59,38,21,45,36,39,25,35,48,42,30,17,73,25,143,125,27,38,50
2024-05-20,60,62,46,25,50,40,30,37,48,48,57,48,33,94,30,149,121,27,38,42
2024-05-21,56,52,45,22,39,42,35,24,48,50,53,38,28,78,31,177,111,35,43,52
2024-05-22,56,50,31,25,37,33,36,40,42,61,66,34,32,78,23,155,144,35,44,49
2024-05-23,65,51,43,19,44,39,37,33,42,47,54,34,0,81,34,156,118,30,38,43
2024-05-24,64,53,35,21,50,46,28,32,49,50,60,33,6,76,30,161,120,39,39,45
2024-05-25,63,66,32,32,40,37,38,28,43,42,59,29,22,88,24,168,134,34,42,38
2024-05-26,55,41,31,25,35,42,31,28,42,54,45,30,50,84,38,133,103,30,28,38
2024-05-27,57,59,36,23,45,47,34,34,57,41,46,38,43,82,24,156,131,35,53,39
2024-05-28,50,57,24,29,37,30,38,23,29,28,62,34,38,78,24,147,129,34,44,30
2024-05-29,56,43,36,22,46,37,38,35,45,50,49,39,34,87,37,147,97,26,41,43
2024-05-30,69,55,38,27,45,35,35,34,48,45,51,32,32,88,23,147,120,40,44,54
2024-05-31,54,51,26,18,49,23,41,32,40,37,63,27,42,97,28,143,118,38,46,36
2024-06-01,49,66,24,25,44,51,38,23,34,68,60,43,47,84,20,172,112,28,38,42
2024-06-02,54,52,26,20,34,34,32,34,40,42,45,31,40,75,33,146,122,32,38,36
2024-06-03,54,62,53,27,37,48,32,36,51,54,58,39,33,109,31,161,121,29,49,39
2024-06-04,62,52,43,29,41,44,39,24,49,45,66,30,30,78,24,145,116,30,41,50
2024-06-05,56,55,35,28,29,40,39,36,49,39,49,28,36,76,34,153,133,39,42,40
2024-06-06,63,56,37,17,43,34,45,29,55,54,69,39,35,77,26,146,107,33,38,43
2024-06-07,54,51,38,27,45,38,38,33,39,53,56,36,37,90,28,161,111,38,41,49
2024-06-08,60,56,32,24,31,53,36,20,32,43,51,31,35,82,22,172,117,30,37,39
2024-06-09,51,50,35,13,40,46,40,25,37,45,49,37,34,73,28,141,109,26,39,46
2024-06-10,55,61,43,29,48,40,36,32,52,47,56,40,32,96,42,140,143,38,40,36
2024-06-11,53,54,37,27,34,33,25,35,48,58,25,28,23,89,37,133,115,26,57,40
2024-06-12,55,52,39,21,36,41,30,43,47,45,54,42,5,91,23,131,107,37,37,40
2024-06-13,74,58,42,27,33,35,35,38,54,53,68,42,41,105,35,173,123,28,34,47
2024-06-14,64,63,42,27,43,47,39,27,38,55,68,31,35,87,26,148,116,40,40,39
2024-06-15,64,52,31,19,48,41,33,22,44,40,46,42,33,74,27,160,110,35,33,37
2024-06-16,54,51,21,16,35,43,41,30,36,37,49,43,27,74,24,137,113,30,37,38
2024-06-17,56,65,44,21,37,48,36,43,44,54,71,40,24,85,39,140,132,29,38,45
2024-06-18,56,52,24,28,41,33,32,29,35,39,45,28,41,99,18,129,124,32,46,30
2024-06-19,68,56,53,27,45,40,41,36,46,65,48,34,37,89,29,131,111,23,35,45
2024-06-20,62,46,37,24,47,43,30,33,39,49,50,37,35,85,26,118,106,39,30,64
2024-06-21,66,55,43,29,47,39,44,30,41,41,71,26,32,75,34,146,105,40,36,36
2024-06-22,45,49,33,24,45,36,31,25,44,55,56,30,37,83,20,135,116,30,24,37
2024-06-23,42,57,25,16,47,25,34,34,29,33,48,38,28,84,22,147,117,36,44,40
2024-06-24,60,61,41,25,39,52,42,35,51,43,64,40,34,86,29,164,135,32,45,48
2024-06-25,59,53,48,27,41,39,36,31,38,48,52,27,32,72,20,150,135,35,38,36
2024-06-26,59,64,39,23,44,44,29,41,48,61,52,38,34,81,25,149,109,30,39,47
2024-06-27,66,53,51,24,42,31,32,33,46,58,54,40,35,102,28,147,123,24,43,51
2024-06-28,57,50,27,21,45,43,36,38,44,41,63,35,40,94,24,148,117,34,46,39
2024-06-29,63,43,38,33,28,40,26,21,34,49,46,41,35,75,23,127,120,35,20,39
2024-06-30,55,47,27,22,34,32,35,39,26,53,56,33,29,88,29,124,127,28,34,39
2024-07-01,66,68,41,17,39,44,35,38,43,35,54,39,29,82,32,133,134,34,59,45
2024-07-02,74,50,41,27,44,36,29,30,37,52,49,38,17,97,16,142,110,32,13,41
2024-07-03,70,75,55,25,32,33,28,31,40,52,67,28,26,79,27,138,121,25,26,48
2024-07-04,54,54,40,28,41,28,36,33,46,54,58,32,25,86,25,161,111,29,57,43
2024-07-05,58,53,37,17,46,45,34,26,47,49,56,40,32,85,26,152,112,36,24,40
2024-07-06,55,59,30,31,44,49,31,28,32,38,58,36,43,91,22,153,103,32,21,27
2024-07-07,43,43,37,21,27,29,31,28,39,54,58,29,29,76,25,162,112,18,30,37
2024-07-08,59,48,44,22,35,48,35,32,50,44,51,50,32,97,30,165,127,35,49,47
2024-07-09,65,60,39,28,41,36,33,28,33,48,63,36,33,85,28,163,136,34,30,41
2024-07-10,64,62,31,27,35,55,33,39,38,52,56,36,36,97,27,163,102,38,43,46
2024-07-11,58,52,41,19,46,33,39,33,43,39,44,38,23,83,28,145,115,35,65,59
2024-07-12,74,65,39,22,50,33,40,29,37,50,63,33,17,84,25,151,122,37,47,43
2024-07-13,55,56,42,18,40,35,26,21,32,46,55,32,47,77,17,153,109,24,45,40
2024-07-14,52,41,24,14,35,48,34,29,42,42,63,34,34,91,22,160,121,32,54,21
2024-07-15,75,55,46,24,38,49,27,40,39,49,61,40,35,93,32,169,131,35,44,38
2024-07-16,65,51,37,33,40,42,31,35,38,46,59,35,43,90,32,148,119,36,41,28
2024-07-17,66,65,43,26,38,40,36,43,51,48,52,33,34,85,31,124,111,33,40,42
2024-07-18,60,59,33,24,37,42,40,24,50,59,55,31,26,101,32,144,117,30,41,47
2024-07-19,60,50,43,28,49,33,41,39,38,41,64,36,44,68,39,130,115,36,60,53
2024-07-20,57,53,30,27,43,32,33,27,31,38,62,34,34,91,23,162,105,32,44,25
2024-07-21,58,64,44,18,28,30,34,27,33,54,58,35,31,71,20,147,96,27,47,37
2024-07-22,57,64,36,28,42,43,33,41,49,50,60,39,32,107,38,155,125,32,20,45
2024-07-23,64,50,48,30,46,40,30,30,39,47,61,31,22,71,27,138,89,34,18,44
2024-07-24,77,47,32,21,33,47,2,41,58,49,37,32,12,79,33,101,125,32,24,46
2024-07-25,68,62,44,26,41,31,0,33,41,46,17,30,42,80,27,90,125,26,26,40
2024-07-26,67,50,27,21,42,19,4,29,51,46,1,40,43,83,25,52,121,41,31,44
2024-07-27,51,63,27,14,54,21,36,29,34,38,36,30,11,90,21,89,114,20,16,30
2024-07-28,65,52,34,13,40,41,46,25,41,64,74,32,38,84,29,137,93,22,35,44
2024-07-29,38,47,46,32,39,56,48,37,54,52,76,43,35,86,28,148,130,24,30,50
2024-07-30,58,65,39,28,37,48,41,35,41,42,81,36,39,90,30,123,109,30,17,36
2024-07-31,59,59,34,31,36,47,43,41,40,39,55,33,33,76,29,117,94,31,36,29
2024-08-01,63,61,42,27,52,35,33,40,45,52,60,37,31,93,29,90,114,32,28,46
2024-08-02,62,61,38,34,38,39,38,36,39,45,65,26,33,74,25,144,131,35,28,41
2024-08-03,61,64,37,25,43,36,35,22,36,43,46,37,35,86,21,119,111,32,22,32
2024-08-04,53,48,32,15,28,43,35,23,37,43,67,34,34,89,27,108,112,25,25,45
2024-08-05,58,42,51,20,39,38,41,35,48,58,65,35,35,81,37,151,145,35,32,44
2024-08-06,59,62,38,29,36,46,31,40,57,46,58,41,33,85,24,127,121,38,17,44
2024-08-07,60,58,39,19,41,36,28,30,48,49,64,33,49,87,30,111,131,33,49,48
2024-08-08,67,60,43,20,40,26,35,40,44,44,62,30,29,88,27,127,128,34,15,40
2024-08-09,57,53,27,27,52,45,27,24,31,42,53,32,35,76,27,116,105,25,19,48
2024-08-10,63,52,29,23,38,40,41,26,35,29,55,33,11,75,21,123,108,37,26,38
2024-08-11,50,51,28,16,42,37,33,23,33,39,67,34,37,89,17,115,119,28,30,28
2024-08-12,57,55,32,31,45,46,37,34,31,39,64,36,31,83,23,121,149,32,30,31
2024-08-13,59,51,36,18,37,34,33,28,41,35,58,44,47,87,24,148,125,36,27,26
2024-08-14,65,50,26,28,39,51,34,30,35,38,65,37,35,93,20,128,118,31,24,23
2024-08-15,73,55,7,23,34,36,38,35,42,40,58,39,34,91,23,90,122,29,21,5
2024-08-16,58,53,8,19,47,32,30,26,33,17,53,33,36,92,28,72,139,37,18,12
2024-08-17,68,47,53,17,37,44,35,18,31,30,61,35,32,79,18,83,114,37,20,53
2024-08-18,53,52,42,12,45,26,34,23,30,41,58,31,36,74,22,85,107,31,19,43
2024-08-19,56,53,59,25,40,43,38,31,51,53,67,41,35,96,23,126,137,26,23,52
2024-08-20,75,44,51,20,19,40,34,29,32,33,48,30,34,72,17,95,107,34,26,50
2024-08-21,70,62,38,22,43,47,32,31,40,49,51,31,27,72,24,127,119,31,22,44
2024-08-22,61,48,42,28,47,34,29,33,46,41,66,33,35,98,28,129,123,33,22,43
2024-08-23,62,42,36,30,52,40,37,28,30,49,56,32,41,77,15,117,114,34,36,33
2024-08-24,55,66,39,21,44,40,36,27,34,37,62,37,32,83,20,113,104,32,25,26
2024-08-25,52,47,42,20,38,32,36,27,33,36,59,32,41,68,25,122,115,30,32,35
2024-08-26,56,63,39,26,45,49,35,25,40,38,72,43,26,83,20,130,125,15,25,38
2024-08-27,75,52,28,18,41,33,31,21,24,30,58,36,15,83,23,127,117,35,20,31
2024-08-28,65,41,30,22,41,41,35,15,12,30,58,38,37,94,10,125,126,29,16,31
2024-08-29,64,35,24,21,41,42,33,7,2,20,56,35,39,83,5,100,128,35,7,30
2024-08-30,75,63,22,21,42,31,36,6,6,12,71,39,35,81,0,107,109,31,23,26
2024-08-31,70,75,5,21,34,32,38,13,41,10,58,41,31,82,5,126,99,31,40,13
2024-09-01,49,60,8,18,42,37,39,41,42,25,50,30,29,81,22,123,121,37,30,15
2024-09-02,61,54,35,21,47,43,36,56,51,61,61,42,39,80,35,121,151,26,29,35
2024-09-03,62,49,42,22,33,35,30,33,40,66,71,41,28,73,41,102,125,28,27,57
2024-09-04,65,57,48,21,46,27,26,36,44,48,56,29,34,94,32,119,120,30,62,44
2024-09-05,68,47,43,5,40,4,29,32,47,58,67,34,37,87,27,126,131,36,35,50
2024-09-06,57,68,32,1,39,23,32,24,44,52,58,35,42,73,27,135,111,39,25,40
2024-09-07,63,54,30,33,41,56,9,28,27,31,53,32,31,81,25,125,103,39,33,38
2024-09-08,60,52,41,23,48,32,47,38,40,56,57,28,26,82,27,106,106,33,16,42
2024-09-09,63,43,53,29,40,50,45,37,52,45,56,34,28,99,33,122,128,29,33,32
2024-09-10,63,58,40,24,35,41,48,37,55,47,62,32,35,75,20,116,108,29,37,47
2024-09-11,56,49,37,23,38,52,31,26,41,41,70,30,23,92,25,145,117,31,33,37
2024-09-12,75,51,44,21,54,50,38,39,36,50,58,39,37,94,29,116,109,32,29,42
2024-09-13,68,55,30,28,46,44,36,30,35,55,67,35,46,81,28,110,140,31,20,37
2024-09-14,53,59,26,26,47,41,43,31,30,43,3,40,26,69,25,47,120,33,22,39
2024-09-15,66,51,28,17,39,38,39,19,32,30,0,31,27,83,18,0,92,34,19,22
2024-09-16,61,37,45,29,26,46,34,43,37,51,65,41,42,81,35,25,147,27,16,31
2024-09-17,67,36,48,29,28,36,25,31,42,45,75,37,29,88,29,144,109,30,45,49
2024-09-18,65,46,34,14,34,37,33,38,51,43,35,34,37,77,27,138,117,33,44,40
2024-09-19,66,55,40,19,30,30,26,28,39,41,23,38,25,88,20,55,106,32,19,34
2024-09-20,59,42,24,21,24,33,26,36,42,51,75,31,19,86,33,128,131,23,17,47
2024-09-21,50,42,17,18,30,25,16,21,27,31,43,35,0,62,11,137,108,35,6,31
2024-09-22,59,46,23,11,45,22,5,21,38,33,45,35,32,79,27,114,117,19,5,25
2024-09-23,60,59,41,20,39,47,61,35,35,42,83,41,51,90,17,150,140,35,34,42
2024-09-24,72,65,34,24,42,46,44,32,42,38,66,36,33,89,24,158,100,21,42,30
2024-09-25,59,57,26,24,46,39,32,40,34,32,79,35,36,84,21,122,122,23,45,32
2024-09-26,61,56,42,33,42,44,49,31,37,52,70,38,30,77,28,109,107,48,36,37
2024-09-27,53,57,35,31,44,38,30,24,39,51,53,28,45,54,15,120,124,39,31,39
2024-09-28,48,44,33,29,37,40,30,27,29,49,71,32,37,93,21,146,96,35,12,40
2024-09-29,60,56,48,28,33,41,33,28,29,46,61,33,34,70,27,131,115,38,23,38
2024-09-30,67,75,31,26,45,55,7,33,47,33,67,33,35,72,31,149,161,30,35,37
2024-10-01,60,73,39,28,43,43,1,33,39,52,46,35,30,87,27,111,110,26,35,32
2024-10-02,81,49,35,21,35,32,0,29,38,41,39,37,37,82,25,102,141,32,4,38
2024-10-03,67,46,43,21,27,25,0,31,45,46,59,38,38,81,31,122,107,31,5,47
2024-10-04,60,47,35,23,39,30,36,43,30,45,52,39,30,104,28,120,125,29,34,37
2024-10-05,51,66,36,30,38,49,56,23,33,32,62,35,22,72,16,104,121,31,36,32
2024-10-06,56,60,29,30,34,51,58,25,41,40,59,38,34,72,29,124,108,32,23,35
2024-10-07,66,51,49,39,33,63,37,29,47,47,55,42,25,76,26,121,143,25,32,41
2024-10-08,59,58,26,36,43,43,46,20,38,41,66,38,29,88,25,136,122,31,24,38
2024-10-09,61,51,37,25,48,46,46,29,43,34,55,36,40,77,23,128,118,32,26,40
2024-10-10,65,67,41,32,38,36,39,29,43,50,64,29,29,67,28,116,122,32,33,34
2024-10-11,73,61,41,34,37,45,39,29,39,59,58,29,37,93,20,140,126,39,33,33
2024-10-12,60,58,42,25,44,45,29,29,35,40,48,37,35,59,25,123,98,35,26,31
2024-10-13,60,54,28,23,37,35,41,21,26,40,69,33,31,82,22,133,115,39,18,36
2024-10-14,64,52,42,25,42,42,35,45,33,43,61,40,34,87,25,117,147,33,26,42
2024-10-15,69,50,45,33,40,51,35,27,39,40,58,33,35,95,26,114,117,33,19,40
2024-10-16,77,51,36,32,47,46,33,30,31,52,55,38,36,86,24,122,120,29,18,40
2024-10-17,72,64,40,39,40,37,32,29,39,48,48,34,37,83,27,133,132,32,20,55
2024-10-18,70,45,29,34,38,51,37,30,47,57,55,35,12,72,22,132,127,18,18,42
2024-10-19,49,29,33,33,35,41,33,24,39,42,36,43,6,88,22,119,106,29,6,39
2024-10-20,52,39,38,18,22,41,37,22,29,39,69,38,44,59,26,104,121,31,4,21
2024-10-21,69,88,40,40,41,53,26,29,41,31,57,33,31,98,27,119,142,33,40,45
2024-10-22,60,45,29,25,38,32,31,30,31,37,56,37,30,86,20,126,103,28,18,28
2024-10-23,68,63,32,26,34,51,15,28,39,37,57,36,37,81,20,110,113,24,24,34
2024-10-24,84,61,48,37,49,45,10,43,38,62,60,38,30,91,31,104,130,30,17,49
2024-10-25,63,48,44,17,38,34,9,37,41,50,60,34,36,85,32,108,115,36,35,40
2024-10-26,66,49,35,19,33,42,18,24,30,31,51,32,28,79,14,132,115,24,25,35
2024-10-27,56,60,27,15,43,49,29,31,33,44,39,36,33,78,22,91,115,42,16,36
2024-10-28,62,45,40,28,37,57,25,29,47,54,65,41,37,78,35,132,129,31,4,42
2024-10-29,59,62,33,42,41,41,18,26,43,34,75,33,38,93,19,118,111,37,26,45
2024-10-30,62,57,25,35,42,46,3,36,29,46,65,28,35,81,20,114,123,38,18,39
2024-10-31,66,62,39,27,53,33,4,28,37,40,35,31,33,91,26,99,127,41,27,45
2024-11-01,72,41,32,24,34,30,30,33,42,33,0,36,37,82,22,39,138,36,11,44
2024-11-02,54,44,16,17,36,33,26,17,26,25,44,33,39,93,12,139,123,33,6,32
2024-11-03,56,75,24,21,33,50,33,19,15,35,56,42,34,66,15,127,110,38,29,29
2024-11-04,70,59,40,33,33,45,36,28,31,72,64,34,37,81,22,140,134,30,25,34
2024-11-05,62,55,39,34,41,43,21,29,48,48,74,31,47,88,22,115,120,32,21,45
2024-11-06,71,55,37,33,42,46,33,29,42,46,68,30,36,85,26,105,138,35,17,43
2024-11-07,61,61,51,36,40,31,16,23,40,44,51,34,29,80,25,126,118,34,21,37
2024-11-08,75,49,47,34,43,41,10,30,39,60,63,39,38,81,27,119,110,32,23,44
2024-11-09,64,44,29,33,41,40,24,27,29,38,58,37,44,77,24,113,120,29,19,29
2024-11-10,47,60,28,31,29,36,34,23,25,25,58,35,35,82,23,130,138,39,21,27
2024-11-11,71,51,44,28,37,54,43,39,51,27,72,35,31,83,27,147,146,28,19,41
2024-11-12,68,62,44,24,33,48,12,20,45,47,71,30,35,83,19,128,115,39,22,43
2024-11-13,79,44,37,30,43,22,46,37,38,66,61,32,34,92,30,141,116,30,17,42
2024-11-14,63,55,39,23,44,52,24,32,30,39,62,37,34,97,26,116,131,34,22,44
2024-11-15,50,66,49,39,34,59,6,29,50,51,48,39,36,84,17,50,123,23,23,34
2024-11-16,70,57,39,26,48,53,50,26,34,28,53,37,29,66,20,157,112,48,13,36
2024-11-17,62,60,35,27,29,44,50,20,32,43,39,33,34,73,19,76,116,39,10,36
2024-11-18,72,59,37,30,27,49,29,36,45,46,64,41,27,85,30,116,146,34,8,39
2024-11-19,65,51,44,30,34,33,23,24,45,46,65,38,33,85,16,156,145,29,20,41
2024-11-20,55,54,39,26,36,34,30,31,35,40,60,34,38,62,23,117,122,29,21,28
2024-11-21,68,45,41,32,33,49,38,26,35,45,64,41,35,102,25,135,114,29,18,40
2024-11-22,62,52,28,44,41,42,39,27,48,39,61,31,33,75,21,133,101,42,18,38
2024-11-23,60,59,23,27,43,44,32,22,26,30,60,33,39,97,15,114,124,40,11,36
2024-11-24,51,54,47,29,35,43,29,23,31,54,41,36,36,63,25,110,118,36,28,50
2024-11-25,70,46,47,38,42,58,39,38,50,49,36,39,27,73,40,103,128,13,24,37
2024-11-26,61,45,37,33,37,33,31,39,45,34,54,33,30,111,21,106,114,14,16,31
2024-11-27,51,51,15,29,42,48,30,36,33,37,58,37,38,69,30,93,119,19,18,38
2024-11-28,68,52,31,33,30,32,33,24,36,39,56,36,27,93,16,110,120,28,21,41
2024-11-29,57,54,48,30,34,38,22,25,30,28,65,31,30,94,21,135,132,42,24,60
2024-11-30,66,56,35,28,48,41,30,22,26,30,79,27,44,77,13,150,118,23,10,39
2024-12-01,60,52,37,19,38,34,39,31,24,47,59,35,36,82,21,108,110,46,16,36
2024-12-02,65,62,47,33,37,55,25,33,25,42,73,41,35,99,29,117,151,37,11,39
2024-12-03,69,48,32,35,35,46,32,29,36,44,58,31,35,92,27,129,111,37,14,42
2024-12-04,64,42,40,31,39,40,32,30,36,40,59,35,32,89,26,137,122,44,18,54
2024-12-05,54,53,48,29,50,44,41,35,36,44,50,40,37,97,24,136,116,34,27,50
2024-12-06,58,50,32,35,42,45,40,25,32,42,56,32,33,66,30,137,111,41,16,37
2024-12-07,50,62,36,34,45,37,32,17,29,38,48,40,36,84,22,129,130,36,16,35
2024-12-08,44,59,43,28,39,39,31,20,31,51,68,38,40,59,21,137,107,32,22,38
2024-12-09,51,50,49,26,34,47,33,36,37,41,77,40,29,60,27,133,121,32,20,37
2024-12-10,65,56,37,26,42,43,33,24,30,41,52,38,35,74,19,135,130,30,19,39
2024-12-11,65,45,42,34,43,48,24,37,52,32,62,25,35,86,32,114,131,35,9,31
2024-12-12,64,59,40,30,43,43,34,39,46,49,64,36,39,93,32,107,129,21,23,48
2024-12-13,47,45,33,32,41,47,45,39,40,45,45,41,33,94,29,106,129,31,15,38
2024-12-14,60,41,28,34,34,43,30,14,35,35,58,36,30,87,23,118,127,28,18,41
2024-12-15,64,50,52,34,29,37,35,21,28,41,57,33,37,66,19,116,121,38,18,27
2024-12-16,59,53,39,24,40,48,31,26,35,44,68,38,29,89,26,116,136,29,24,42
2024-12-17,68,60,44,38,32,46,33,34,55,41,68,46,31,80,32,120,126,47,28,38
2024-12-18,67,54,32,23,38,48,35,42,37,55,41,32,35,74,37,120,113,35,19,51
2024-12-19,68,50,37,30,43,39,37,30,42,41,73,37,30,89,24,131,128,35,22,46
2024-12-20,64,59,37,30,38,40,32,21,42,34,61,36,29,92,34,121,123,32,26,38
2024-12-21,60,48,25,28,45,47,35,22,51,32,45,38,29,87,14,128,106,35,18,27
2024-12-22,46,46,25,34,27,42,31,30,36,39,69,37,29,63,26,134,111,34,24,42
2024-12-23,32,57,78,34,36,40,28,35,47,43,64,39,32,60,41,131,132,29,28,40
2024-12-24,59,53,31,30,38,54,34,34,38,43,56,31,32,74,25,128,136,24,23,42
2024-12-25,60,55,25,24,35,46,37,43,44,63,58,45,31,53,38,100,127,37,18,41
2024-12-26,61,52,36,39,49,30,34,28,48,39,57,36,28,66,26,105,113,31,29,42
2024-12-27,51,52,30,27,42,49,30,36,40,27,50,34,33,37,18,130,130,33,17,45
2024-12-28,45,50,19,33,38,40,35,32,24,26,52,38,37,86,17,118,121,31,15,38
2024-12-29,40,56,24,25,32,48,31,16,32,39,64,38,29,87,15,99,118,31,24,24
2024-12-30,53,69,17,27,53,36,31,16,20,25,66,38,36,70,16,144,145,45,22,16
2024-12-31,51,44,8,31,25,53,31,4,3,14,55,33,31,71,4,121,108,35,15,2
2025-01-01,33,53,19,33,37,43,44,4,14,7,64,33,29,45,9,121,131,43,14,1
2025-01-02,61,48,15,32,33,52,37,6,27,5,59,33,35,68,9,133,130,27,18,7
2025-01-03,57,54,21,35,37,43,30,5,32,10,60,41,39,71,13,119,118,42,18,9
2025-01-04,55,45,22,27,40,50,40,8,27,13,56,34,35,75,10,125,138,33,15,24
2025-01-05,49,48,33,18,42,40,27,20,25,49,64,38,36,79,22,120,98,29,24,41
2025-01-06,57,58,47,38,38,42,28,28,54,34,56,49,28,58,24,132,157,41,17,39
2025-01-07,46,38,22,41,31,43,32,26,39,28,64,37,34,86,19,133,116,29,15,37
2025-01-08,63,58,16,37,32,46,33,32,31,39,60,32,34,87,30,92,123,31,16,31
2025-01-09,67,48,39,31,29,46,33,20,33,47,36,37,25,94,16,90,123,30,10,35
2025-01-10,71,46,38,28,26,42,42,31,16,36,58,43,32,75,17,125,122,32,27,44
2025-01-11,61,56,33,31,42,41,23,21,29,35,67,36,37,76,16,134,114,29,22,35
2025-01-12,42,59,26,24,40,32,32,20,40,49,62,43,36,80,18,129,89,39,25,30
2025-01-13,53,60,44,28,33,37,43,35,39,53,56,31,41,94,31,114,143,31,26,39
2025-01-14,68,45,37,25,37,46,37,30,37,44,65,33,27,91,29,130,121,31,17,37
2025-01-15,56,55,40,33,40,49,29,30,40,41,51,35,30,86,30,119,118,44,22,39
2025-01-16,60,47,37,24,38,44,34,36,38,48,62,32,25,73,29,139,132,37,23,49
2025-01-17,64,56,31,38,35,38,42,19,44,49,57,40,43,59,25,106,130,33,19,46
2025-01-18,57,57,40,32,51,38,31,18,34,40,62,36,33,76,24,124,121,40,20,32
2025-01-19,63,53,25,23,33,37,40,33,41,43,62,39,31,82,23,117,127,32,20,32
2025-01-20,57,56,48,27,54,42,44,37,43,56,68,33,32,73,39,133,136,30,18,42
2025-01-21,45,57,46,31,31,47,28,29,38,43,59,31,39,78,27,154,128,35,20,32
2025-01-22,60,60,24,25,40,33,31,34,39,36,61,39,32,97,29,123,136,40,23,35
2025-01-23,60,61,30,34,43,38,34,32,46,62,71,41,36,91,35,116,112,31,26,44
2025-01-24,55,52,32,29,41,38,38,32,29,41,53,37,44,83,17,122,126,35,18,39
2025-01-25,55,54,41,28,48,42,34,24,36,26,63,35,35,74,16,119,116,31,9,39
2025-01-26,57,56,38,27,32,34,40,25,36,43,37,31,17,69,30,114,130,21,14,37
2025-01-27,60,52,58,24,33,36,26,37,49,55,39,39,25,86,32,120,122,26,16,41
2025-01-28,60,28,20,23,22,37,14,28,35,40,47,44,34,68,22,83,111,11,19,35
2025-01-29,62,36,30,31,23,26,25,30,28,35,56,23,25,82,18,121,107,35,13,42
2025-01-30,60,41,45,24,37,30,27,23,35,18,61,44,36,75,20,110,131,34,29,33
2025-01-31,73,49,44,30,36,42,27,28,36,59,63,27,32,82,30,99,117,33,23,44
2025-02-01,57,49,29,21,39,47,20,26,31,42,51,35,37,95,23,101,122,25,20,29
2025-02-02,51,53,26,17,41,42,25,28,31,31,63,32,32,79,24,114,110,31,11,40
2025-02-03,62,62,45,24,41,40,35,31,43,35,54,34,24,98,25,109,149,36,28,41
2025-02-04,61,45,39,29,36,45,30,38,30,38,62,36,20,84,19,108,125,19,29,43
2025-02-05,55,38,18,33,42,45,33,21,32,32,59,26,18,73,20,120,105,26,13,29
2025-02-06,52,51,39,27,33,51,29,29,35,38,64,36,17,99,33,103,105,22,21,41
2025-02-07,64,34,25,27,18,47,33,38,29,39,25,39,22,89,16,52,130,28,13,43
2025-02-08,58,53,31,28,46,44,19,18,34,22,42,43,28,86,22,97,115,38,21,33
2025-02-09,77,50,44,20,41,33,23,33,23,44,42,28,24,84,24,104,103,30,22,32
2025-02-10,74,65,43,31,41,47,31,30,44,51,59,40,32,95,31,107,135,23,19,34
2025-02-11,69,56,32,19,39,47,29,26,38,57,44,30,30,93,26,103,128,30,16,43
2025-02-12,59,48,25,20,44,50,34,33,43,38,45,37,26,97,34,97,121,30,21,45
2025-02-13,55,60,22,15,37,28,38,32,30,35,59,39,39,79,22,127,111,30,18,34
2025-02-14,65,37,59,31,43,44,32,25,30,43,55,35,36,102,25,140,132,41,17,48
2025-02-15,70,55,30,30,35,39,27,22,41,31,56,35,36,78,20,103,117,32,18,36
2025-02-16,53,65,32,18,43,43,37,34,31,42,57,38,37,79,25,103,107,38,15,40
2025-02-17,66,64,29,31,39,43,34,33,35,35,57,42,32,86,38,147,135,32,17,41
2025-02-18,65,46,34,33,42,38,33,32,37,50,67,42,30,77,30,138,121,41,28,45
2025-02-19,64,53,46,25,35,46,39,30,24,45,67,37,29,72,33,135,128,39,18,41
2025-02-20,64,54,47,31,38,35,36,28,41,45,59,37,37,92,26,125,108,39,14,59
2025-02-21,51,51,35,25,40,38,33,24,43,59,52,36,38,90,24,108,129,23,23,46
2025-02-22,68,53,23,34,56,44,29,25,37,45,51,33,32,83,23,122,120,32,16,31
2025-02-23,58,52,29,29,29,37,30,18,26,41,59,39,25,81,20,110,100,39,15,34
2025-02-24,62,52,46,32,40,49,35,34,47,53,61,37,25,85,35,126,140,27,21,40
2025-02-25,44,57,39,27,44,44,34,34,42,43,61,36,35,88,33,117,132,29,22,49
2025-02-26,68,55,36,25,42,44,36,41,41,41,62,27,32,89,26,112,136,35,21,44
2025-02-27,61,50,43,29,49,37,33,29,43,55,47,37,13,82,29,93,122,43,19,43
2025-02-28,80,58,33,27,37,52,41,25,35,51,10,32,0,90,31,25,121,41,19,43
2025-03-01,56,47,36,28,39,45,19,28,38,44,63,33,21,91,17,121,121,21,16,28
2025-03-02,58,54,27,19,16,34,30,27,35,46,34,48,11,75,27,138,121,32,9,37
2025-03-03,61,23,45,30,7,36,24,28,41,43,69,41,50,95,36,132,130,43,0,39
2025-03-04,57,30,24,29,28,44,36,21,36,23,41,43,40,90,22,103,138,34,6,25
2025-03-05,59,71,28,38,54,45,39,28,31,43,69,42,35,74,18,139,113,33,16,32
2025-03-06,57,81,38,41,26,37,32,32,28,53,46,29,31,95,27,124,132,27,33,55
2025-03-07,63,54,29,35,35,36,37,29,47,37,66,33,34,84,20,125,124,37,27,38
2025-03-08,59,53,29,25,41,51,28,31,26,50,57,40,38,103,19,116,117,33,17,45
2025-03-09,65,54,37,32,35,40,26,29,38,45,58,27,35,85,21,125,133,33,24,40
2025-03-10,61,54,45,31,29,42,38,31,48,55,53,32,35,87,37,113,108,30,28,28
2025-03-11,60,49,39,29,48,43,35,25,39,45,14,32,17,91,23,5,132,39,42,37
2025-03-12,57,50,32,26,46,43,33,29,39,40,46,37,24,72,23,139,125,35,29,34
2025-03-13,62,56,33,31,33,37,27,36,39,55,81,33,49,107,28,153,125,35,24,52
2025-03-14,61,43,38,31,33,49,33,29,46,41,57,35,38,72,28,123,133,33,22,43
2025-03-15,62,46,31,36,13,42,27,23,37,32,50,43,43,71,11,105,127,35,8,39
2025-03-16,63,52,21,27,36,41,35,22,22,30,40,31,39,75,11,112,102,34,9,25
2025-03-17,55,57,41,27,35,62,32,40,42,40,67,34,32,89,36,131,152,21,17,31
2025-03-18,51,46,25,29,34,35,19,28,46,56,61,37,37,97,27,131,120,33,21,48
2025-03-19,59,69,24,35,36,46,21,36,34,43,73,35,28,102,30,124,112,36,29,38
2025-03-20,63,60,48,28,37,34,36,25,35,49,56,31,36,81,23,126,109,37,34,34
2025-03-21,46,50,48,35,43,51,38,21,48,41,70,31,40,82,31,126,137,22,59,52
2025-03-22,68,50,40,36,34,46,37,27,39,35,59,28,43,83,16,106,126,32,41,39
2025-03-23,75,47,38,32,32,43,46,35,28,55,65,36,34,77,21,117,116,42,30,43
2025-03-24,79,50,52,31,31,54,37,36,62,55,51,32,41,84,41,120,135,36,21,48
2025-03-25,68,52,29,32,36,46,30,32,42,55,20,35,36,82,27,134,125,29,24,42
2025-03-26,55,61,38,29,28,34,35,32,42,47,72,23,27,82,21,87,128,27,33,55
2025-03-27,65,51,35,30,50,42,35,26,36,51,61,36,26,83,32,94,124,47,18,48
2025-03-28,57,51,31,28,48,41,40,26,36,32,60,35,34,87,17,136,112,33,13,38
2025-03-29,57,57,34,38,38,44,30,20,27,34,41,31,34,91,22,137,132,34,33,34
2025-03-30,47,51,26,29,32,49,27,36,34,56,68,41,29,80,17,112,119,34,15,33
2025-03-31,31,62,38,30,39,54,36,37,33,38,64,22,35,85,36,136,127,36,29,49
2025-04-01,63,54,23,30,41,47,30,28,37,35,63,36,32,88,32,139,116,28,19,34
2025-04-02,82,46,28,37,42,32,27,35,42,33,60,31,30,95,21,142,138,32,18,36
2025-04-03,58,56,48,33,38,40,37,26,31,53,65,38,33,95,28,135,123,32,24,46
2025-04-04,71,63,43,28,46,45,34,25,37,48,72,31,39,73,24,123,122,36,21,50
2025-04-05,63,56,33,38,36,44,29,21,32,35,63,34,37,82,20,121,133,33,19,39
2025-04-06,61,51,29,32,28,50,37,31,35,44,51,29,33,95,26,115,114,32,22,36
2025-04-07,66,38,47,38,41,45,31,29,55,54,67,45,37,64,34,118,147,34,24,48
2025-04-08,54,56,37,41,25,44,29,25,37,36,56,37,36,98,26,127,109,31,20,38
2025-04-09,55,52,41,37,39,48,35,31,37,48,18,32,31,90,31,122,116,31,29,36
2025-04-10,64,46,41,29,38,52,40,25,36,46,82,39,34,87,37,106,119,37,44,46
2025-04-11,74,40,34,34,35,42,29,39,37,52,19,29,30,81,22,47,110,21,36,42
2025-04-12,57,43,19,37,24,41,33,22,33,40,30,41,0,80,16,49,116,0,11,35
2025-04-13,59,49,30,26,37,35,36,32,28,37,84,37,0,83,19,130,121,7,10,25
2025-04-14,64,47,33,33,33,41,25,31,42,46,64,37,30,102,22,137,155,40,28,31
2025-04-15,61,61,19,30,38,37,31,25,22,22,65,38,42,80,17,134,140,47,26,29
2025-04-16,62,46,38,34,37,55,32,24,36,54,59,33,40,86,19,139,132,37,23,52
2025-04-17,76,49,29,30,44,31,32,35,38,63,61,30,42,98,29,115,134,46,7,52
2025-04-18,65,55,27,32,42,43,25,33,44,52,19,38,32,95,22,89,133,37,37,40
2025-04-19,73,54,33,30,38,50,36,23,40,40,38,30,38,68,16,141,118,42,23,34
2025-04-20,65,62,35,24,30,36,28,24,28,50,64,28,34,78,36,130,108,40,36,27
2025-04-21,52,50,52,31,37,43,37,39,39,41,62,38,31,73,33,131,132,28,31,46
2025-04-22,66,40,43,35,41,43,36,33,44,51,71,31,37,73,31,127,121,32,11,44
2025-04-23,60,71,23,31,46,40,28,33,33,42,70,36,32,87,20,130,126,38,22,44
2025-04-24,65,55,36,35,38,47,28,27,35,60,70,29,34,86,26,117,119,32,35,58
2025-04-25,59,46,29,36,46,48,36,41,41,52,69,35,32,85,25,134,122,40,25,42
2025-04-26,61,53,23,36,44,38,35,16,28,39,62,39,37,83,24,132,124,36,41,28
2025-04-27,59,57,30,31,33,43,40,32,36,38,57,38,36,87,29,124,117,26,25,29
2025-04-28,45,61,35,37,46,50,37,30,40,45,63,37,42,89,30,137,144,40,26,35
2025-04-29,20,48,34,39,37,51,37,30,33,46,68,38,28,90,30,121,126,39,38,46
2025-04-30,62,56,38,38,33,51,28,41,32,48,68,37,32,94,31,126,133,38,22,35
2025-05-01,83,46,36,32,35,43,39,32,35,37,61,32,35,89,30,127,132,39,20,39
2025-05-02,71,59,14,34,42,33,32,21,27,31,57,34,37,88,11,105,131,31,18,44
2025-05-03,73,49,16,38,43,41,39,13,19,38,53,36,31,78,21,126,123,29,17,18
2025-05-04,49,53,26,23,41,50,36,18,28,27,66,34,35,82,21,119,106,38,25,27
2025-05-05,64,50,36,34,40,47,32,26,26,45,64,36,36,85,23,129,163,28,23,32
2025-05-06,62,49,36,32,38,41,37,28,25,37,65,36,40,84,21,115,136,29,18,37
2025-05-07,68,52,33,25,29,41,30,36,41,43,59,32,27,89,26,122,133,32,29,35
2025-05-08,64,49,29,31,41,43,34,31,37,42,49,26,34,89,34,87,131,42,61,40
2025-05-09,63,47,35,31,23,48,36,32,35,36,69,35,29,101,24,138,112,37,15,54
2025-05-10,53,53,20,30,53,51,30,23,25,25,48,33,42,75,17,154,126,32,10,19
2025-05-11,55,67,29,34,42,52,33,26,22,45,60,29,27,84,21,122,96,24,24,35
2025-05-12,66,58,46,44,38,35,31,35,33,45,71,29,35,92,34,132,146,46,63,49
2025-05-13,57,47,34,37,44,45,32,32,44,56,69,42,36,102,22,125,139,34,35,44
2025-05-14,67,53,34,37,32,44,28,30,44,52,59,37,30,83,22,121,118,35,22,39
2025-05-15,57,55,30,29,33,37,36,33,36,57,39,29,15,92,29,85,120,40,16,35
2025-05-16,64,47,39,28,36,52,43,35,33,51,59,34,16,89,24,168,129,33,21,45
2025-05-17,79,47,16,38,38,43,31,19,33,28,50,31,35,82,14,131,119,27,19,20
2025-05-18,61,52,34,25,45,45,29,29,32,50,56,28,42,80,23,138,127,33,41,36
2025-05-19,45,49,41,36,43,35,32,35,37,50,63,41,40,93,48,108,144,31,41,61
2025-05-20,52,47,34,30,35,42,32,31,38,52,48,38,22,89,30,143,114,38,26,39
2025-05-21,61,59,39,34,38,38,39,40,35,53,69,28,24,93,28,84,139,20,20,39
2025-05-22,67,45,37,33,35,36,28,29,41,45,58,37,43,80,26,125,128,39,54,43
2025-05-23,61,52,28,28,34,53,25,27,33,56,35,38,36,77,34,112,140,35,24,32
2025-05-24,61,50,18,31,42,45,27,24,32,32,64,34,42,84,15,120,126,35,10,42
2025-05-25,63,67,29,27,39,35,39,23,30,45,65,37,43,72,23,128,98,37,41,20
2025-05-26,59,58,44,37,37,40,37,39,40,59,63,35,34,111,37,128,137,36,37,56
2025-05-27,52,42,32,32,33,45,28,35,35,40,67,36,27,84,31,128,121,39,51,37
2025-05-28,57,61,28,35,35,40,33,29,29,46,61,38,32,91,25,143,121,39,43,38
2025-05-29,71,57,35,41,39,56,36,33,45,47,63,38,36,63,29,122,116,37,23,46
2025-05-30,47,52,18,31,43,38,43,25,29,31,65,35,40,85,22,125,126,19,30,38
2025-05-31,59,54,35,29,37,47,28,30,31,37,57,33,35,78,14,119,132,33,43,38
2025-06-01,54,66,38,24,33,46,34,22,36,44,27,27,35,86,29,99,109,32,29,38
2025-06-02,57,57,36,37,43,47,39,41,48,51,53,35,29,77,27,138,159,31,27,34
2025-06-03,71,55,32,34,32,40,30,30,34,37,72,31,33,82,16,127,124,35,23,38
2025-06-04,57,62,26,31,37,44,30,38,29,36,71,32,35,100,23,108,110,34,45,45
2025-06-05,61,37,28,31,34,52,33,28,36,57,55,30,35,103,33,103,130,32,41,51
2025-06-06,71,62,30,39,39,50,37,28,32,47,51,33,45,85,21,130,122,41,42,35
2025-06-07,67,60,41,33,39,48,28,19,33,40,62,40,20,72,24,92,135,31,37,29
2025-06-08,51,57,37,29,40,35,34,33,27,43,35,26,33,82,33,100,143,35,26,42
2025-06-09,53,48,42,34,34,39,41,34,37,44,68,37,44,78,40,131,127,43,26,44
2025-06-10,53,52,29,30,28,44,36,30,32,44,62,34,36,90,18,117,136,39,27,52
2025-06-11,51,63,39,30,39,43,33,31,34,31,60,35,35,86,28,129,131,30,47,47
2025-06-12,64,48,35,40,40,46,17,31,32,57,42,37,43,90,36,119,123,32,35,45
2025-06-13,62,49,44,24,40,34,1,34,31,52,65,31,31,76,15,96,132,43,17,47
2025-06-14,64,51,22,16,39,18,9,20,26,38,60,31,22,82,17,113,145,29,21,27
2025-06-15,50,52,38,34,29,39,68,26,26,43,63,33,33,75,17,129,120,33,19,36
2025-06-16,71,60,42,41,45,54,43,34,48,52,61,34,36,90,25,141,130,31,23,34
2025-06-17,61,46,38,33,42,47,40,34,32,39,61,44,35,86,24,131,117,37,21,35
2025-06-18,53,53,45,34,28,46,37,35,38,49,56,34,34,82,24,127,134,32,66,40
2025-06-19,60,51,27,42,44,49,27,27,41,59,54,28,25,96,26,130,140,27,24,35
2025-06-20,65,54,34,36,35,47,36,35,45,45,74,44,44,85,31,127,118,35,5,40
2025-06-21,62,67,29,31,33,54,32,22,28,37,76,29,39,84,24,109,119,36,19,32
2025-06-22,45,49,22,27,37,49,30,36,43,52,51,37,34,72,24,104,113,41,44,28
2025-06-23,64,56,42,37,37,49,32,36,46,50,53,30,31,87,32,131,151,32,28,47
2025-06-24,57,54,40,34,32,40,27,26,40,45,59,32,39,90,23,134,125,33,26,41
2025-06-25,50,52,30,41,44,39,37,32,34,45,61,35,36,91,30,119,137,40,31,51
2025-06-26,70,48,30,29,50,31,31,30,34,43,57,36,36,94,28,135,112,36,39,37
2025-06-27,68,60,40,38,44,38,37,35,35,48,67,24,32,80,25,132,138,44,32,35
2025-06-28,61,55,36,31,40,50,32,21,33,45,55,42,5,73,22,133,128,27,53,29
2025-06-29,56,52,36,29,40,40,32,32,33,49,61,35,38,82,25,118,115,27,29,48
2025-06-30,66,59,35,36,36,55,33,29,44,39,59,42,36,87,28,139,148,31,25,46
2025-07-01,60,57,35,39,31,36,26,40,43,55,53,36,34,89,23,117,132,31,17,37
2025-07-02,60,46,37,28,37,37,32,30,36,52,61,29,43,78,28,131,120,23,40,40
2025-07-03,67,45,37,30,44,50,40,39,39,46,71,43,38,80,17,132,120,33,34,47
2025-07-04,61,60,40,36,36,36,33,28,43,39,60,34,38,85,22,139,126,31,50,37
2025-07-05,60,55,28,32,40,50,6,25,30,45,57,32,35,61,18,115,133,42,31,33
2025-07-06,56,50,33,29,49,37,1,31,31,46,60,32,19,85,20,118,126,35,22,32
2025-07-07,72,57,38,30,40,50,45,26,37,45,50,39,27,91,31,110,151,35,33,35
2025-07-08,45,49,37,27,34,36,38,38,42,44,49,37,40,82,27,92,131,39,26,48
2025-07-09,59,58,36,28,40,34,21,35,40,41,72,34,34,88,22,145,124,27,21,43
2025-07-10,61,46,34,35,34,43,10,24,31,56,61,33,41,86,25,124,116,35,22,39
2025-07-11,60,51,33,39,38,43,15,18,28,41,55,33,45,77,22,110,139,35,27,42
2025-07-12,60,60,25,36,36,48,12,30,38,44,67,34,43,82,17,123,120,33,33,36
2025-07-13,56,51,30,32,33,36,54,29,26,44,57,41,29,79,26,124,110,29,24,52
2025-07-14,62,60,27,33,39,52,45,48,47,49,68,39,29,86,28,109,162,31,26,33
2025-07-15,63,37,26,42,42,43,38,29,40,29,57,33,33,71,23,111,130,42,27,29
2025-07-16,57,59,24,42,40,40,28,30,39,30,59,30,32,99,26,142,133,25,24,31
2025-07-17,62,41,19,39,36,39,32,28,33,27,62,34,44,98,24,111,124,33,23,38
2025-07-18,67,44,26,39,44,39,34,29,33,54,64,40,40,91,27,123,109,36,14,42
2025-07-19,49,52,33,5,36,12,11,20,34,50,59,29,36,69,23,111,125,38,20,34
2025-07-20,44,53,25,0,41,9,22,26,22,38,54,27,32,86,12,121,120,30,18,20
2025-07-21,61,59,48,43,35,89,15,31,44,59,61,46,28,89,31,95,129,31,20,33
2025-07-22,67,52,47,43,37,51,59,31,41,38,54,38,34,81,28,145,139,37,45,44
2025-07-23,66,56,44,41,32,49,31,38,37,52,63,40,29,87,20,120,123,31,34,47
2025-07-24,61,54,31,36,25,51,25,21,37,53,43,31,28,102,31,123,127,45,17,58
2025-07-25,62,51,31,37,37,50,34,35,39,52,30,27,37,79,30,90,124,45,17,37
2025-07-26,55,47,29,38,35,40,28,21,40,37,62,36,30,62,22,125,119,35,21,23
2025-07-27,48,49,33,26,39,38,35,34,25,47,58,30,34,77,26,105,112,29,15,44
2025-07-28,61,56,45,35,42,61,37,31,47,42,12,36,36,88,21,101,149,35,35,51
2025-07-29,55,54,29,37,34,49,18,32,39,43,0,37,28,79,26,21,106,36,30,42
2025-07-30,60,59,7,42,39,48,0,29,20,16,40,35,28,80,21,1,119,30,30,3
2025-07-31,60,44,47,29,47,35,15,35,42,38,72,35,25,70,21,114,144,32,45,39
2025-08-01,60,47,15,30,43,45,46,24,35,36,72,33,45,84,28,191,100,35,44,23
2025-08-02,57,50,21,28,41,30,41,21,37,32,79,30,31,76,13,141,111,20,30,46
2025-08-03,56,47,36,26,32,33,33,25,37,55,60,29,34,83,22,114,120,23,14,31
2025-08-04,61,42,41,35,48,48,37,37,41,48,73,37,37,88,29,116,153,34,10,51
2025-08-05,64,68,48,33,42,44,37,31,35,47,46,33,34,82,31,129,117,29,31,31
2025-08-06,64,46,27,33,40,45,41,26,41,50,64,38,30,87,21,150,128,31,16,57
2025-08-07,59,60,35,28,34,44,43,31,39,43,58,33,40,98,32,119,124,33,24,43
2025-08-08,51,44,44,36,45,45,25,33,32,40,60,32,36,73,30,122,135,33,22,40
2025-08-09,48,55,43,38,35,55,30,24,40,45,69,35,13,72,25,125,109,36,15,26
2025-08-10,52,50,14,29,33,37,34,21,18,27,41,36,47,85,14,115,119,37,19,27
2025-08-11,57,64,13,31,35,49,32,27,33,33,57,39,38,87,21,134,163,40,23,28
2025-08-12,56,48,37,37,37,41,13,21,27,33,64,28,33,79,22,132,108,32,12,39
2025-08-13,54,46,41,36,41,45,2,29,40,37,57,37,33,80,19,137,116,41,18,44
2025-08-14,69,48,34,32,42,21,53,27,39,43,59,35,34,84,20,146,140,34,23,36
2025-08-15,58,51,33,30,40,41,43,30,35,39,64,41,28,101,23,132,145,29,49,38
2025-08-16,57,49,29,36,34,47,39,9,38,34,61,36,35,66,14,123,120,33,41,30
2025-08-17,58,54,30,22,27,49,35,25,32,43,60,36,33,68,20,117,136,23,45,40
2025-08-18,55,54,45,27,45,43,32,30,38,36,66,40,39,89,30,128,155,42,22,50
2025-08-19,66,50,31,30,31,41,25,26,43,47,64,32,27,88,28,131,124,32,27,37
2025-08-20,55,47,45,32,45,49,38,40,39,40,64,39,31,69,26,129,112,30,27,36
2025-08-21,64,47,28,33,37,47,33,22,46,52,58,32,27,74,30,132,119,29,25,42
2025-08-22,60,55,30,28,34,51,25,38,36,47,68,30,42,97,25,107,126,39,20,32
2025-08-23,44,61,33,53,45,42,27,19,32,38,59,40,29,74,17,134,122,36,60,35
2025-08-24,62,45,36,26,27,32,29,30,33,50,51,37,32,89,29,114,129,31,26,29
2025-08-25,56,48,41,37,45,52,38,37,53,36,51,35,34,88,27,141,139,24,20,36
2025-08-26,54,46,31,35,32,43,27,26,45,41,49,39,31,84,23,111,113,42,28,46
2025-08-27,52,48,39,36,41,52,32,25,36,41,60,33,31,88,26,128,109,33,23,48
2025-08-28,71,60,40,32,38,46,38,26,36,38,59,31,37,98,29,139,126,29,46,52
2025-08-29,48,52,40,31,49,42,36,36,45,33,52,37,38,79,23,119,131,32,38,39
2025-08-30,58,58,26,25,36,36,34,22,29,34,57,38,41,69,16,111,120,23,30,30
2025-08-31,45,57,35,35,39,41,33,30,36,52,58,33,31,70,23,112,116,23,21,37
2025-09-01,73,55,40,28,37,43,35,31,37,41,59,39,24,77,31,132,146,27,18,42
2025-09-02,58,56,32,35,37,42,33,29,43,41,67,43,41,92,25,115,110,32,23,40
2025-09-03,53,51,40,37,36,36,34,29,37,26,61,41,34,95,15,124,136,38,21,46
2025-09-04,50,47,36,38,46,42,25,13,33,34,58,28,37,82,14,130,120,36,25,39
2025-09-05,52,55,22,42,29,48,31,33,36,15,64,30,35,90,26,124,131,45,64,37
2025-09-06,49,40,40,27,40,54,36,26,31,41,59,44,28,73,18,114,135,37,18,38
2025-09-07,56,49,39,1,40,9,33,22,41,41,57,35,29,71,27,110,119,30,18,38
2025-09-08,59,75,51,10,35,39,40,37,44,49,61,40,38,81,34,148,138,38,29,33
2025-09-09,79,50,38,50,34,57,32,32,38,37,54,34,38,80,18,113,121,31,22,38
2025-09-10,60,44,36,44,39,39,31,34,45,42,66,31,34,72,18,105,125,33,21,38
2025-09-11,59,47,45,37,35,52,28,31,46,33,57,39,41,81,22,123,99,47,17,48
2025-09-12,62,53,24,34,40,39,34,31,43,39,58,32,18,86,20,114,131,39,12,35
2025-09-13,60,58,29,38,40,48,34,26,35,27,60,24,36,67,12,137,107,38,21,30
2025-09-14,50,57,26,32,32,35,28,23,36,40,61,31,36,92,15,115,120,33,29,34
2025-09-15,29,59,46,32,34,60,33,35,39,48,70,36,34,56,22,122,131,34,22,44
2025-09-16,49,51,39,28,38,49,28,25,53,37,54,44,18,68,18,116,133,38,19,38
2025-09-17,66,54,27,33,39,45,30,26,35,39,50,40,27,93,19,101,121,24,29,45
2025-09-18,62,55,44,29,40,40,23,29,30,36,65,32,42,92,21,111,132,43,12,39
2025-09-19,64,49,40,1,46,27,35,31,33,38,59,41,34,81,30,140,127,35,20,39
2025-09-20,49,57,30,56,35,48,36,30,40,32,55,37,28,84,22,128,121,40,23,36
2025-09-21,59,47,31,9,36,34,14,27,36,36,60,35,44,60,18,124,126,31,15,37
2025-09-22,47,55,31,2,32,12,1,45,45,55,60,24,36,94,16,143,149,33,21,41
2025-09-23,61,60,24,2,42,0,1,26,31,32,69,35,28,82,26,122,135,37,33,36
2025-09-24,56,39,25,0,45,7,23,36,45,31,55,33,36,87,22,124,109,31,16,35
2025-09-25,60,56,26,47,36,74,46,31,26,42,53,40,33,90,22,116,152,41,27,37
2025-09-26,69,54,40,41,38,55,51,23,40,42,55,37,38,85,25,114,123,39,24,43
2025-09-27,61,58,31,49,37,65,33,18,27,36,58,45,28,73,19,126,120,35,19,28
2025-09-28,58,58,32,32,29,52,40,27,31,47,56,28,35,77,28,119,102,39,15,30
2025-09-29,48,49,54,42,36,54,33,32,32,39,58,43,39,82,24,141,131,31,24,44
2025-09-30,67,51,36,42,37,49,23,30,40,43,57,34,33,82,17,116,120,35,19,45
2025-10-01,46,62,38,34,39,41,38,35,36,57,54,35,36,86,20,113,125,39,23,42
2025-10-02,60,42,33,34,29,51,32,29,42,45,58,36,11,102,31,110,136,35,19,45
2025-10-03,66,52,42,30,46,52,36,35,25,38,56,29,27,80,27,116,130,24,18,37
2025-10-04,28,64,28,31,28,18,26,19,34,34,58,33,35,43,17,98,142,25,16,34
2025-10-05,27,44,38,15,23,38,40,30,29,47,61,36,29,57,22,128,136,23,12,32
2025-10-06,35,35,43,30,35,54,24,38,53,59,71,29,34,79,29,115,159,30,5,51
2025-10-07,41,46,27,41,26,49,29,38,30,21,50,42,34,86,19,119,119,26,13,36
2025-10-08,53,44,17,29,39,47,40,20,40,22,49,39,33,87,27,110,127,8,16,25
2025-10-09,54,43,18,43,29,40,33,24,37,23,63,42,33,67,16,129,125,19,9,16
2025-10-10,42,67,34,33,46,46,24,20,25,47,58,45,34,74,17,110,123,43,38,34
2025-10-11,37,56,31,33,43,48,21,27,36,31,49,36,38,68,21,113,132,23,34,49
2025-10-12,44,35,20,26,34,36,29,18,28,27,57,28,35,68,14,115,138,37,9,27
2025-10-13,30,52,47,38,36,36,36,27,25,38,61,39,29,93,25,126,146,28,21,32
2025-10-14,19,49,37,37,34,40,28,36,35,39,48,34,30,87,30,124,125,32,8,43
2025-10-15,60,66,42,37,48,38,32,34,37,46,54,41,34,88,16,117,130,39,20,52
2025-10-16,51,54,41,40,36,43,37,30,35,47,61,39,38,91,27,108,139,32,22,44
2025-10-17,67,47,32,31,42,39,33,28,45,46,56,44,28,79,27,136,125,37,24,48
2025-10-18,51,58,31,35,40,44,24,24,30,45,38,35,23,82,17,103,119,32,23,31
2025-10-19,59,53,32,17,26,33,26,24,25,42,32,40,27,78,29,72,121,37,13,41
2025-10-20,70,37,37,30,39,31,34,44,40,48,26,36,31,74,22,76,156,34,13,49
2025-10-21,69,50,39,19,25,25,20,39,41,36,28,36,35,81,26,76,137,22,11,30
2025-10-22,53,45,30,15,42,29,19,29,41,34,39,33,31,101,24,76,128,31,7,31
2025-10-23,56,59,34,21,35,32,18,24,24,35,57,36,39,73,30,103,115,38,29,46
2025-10-24,33,53,22,29,37,33,24,30,41,31,36,36,32,67,19,137,138,37,17,39
2025-10-25,44,61,30,26,36,44,30,23,28,30,62,38,31,72,15,121,117,25,32,20
2025-10-26,53,45,15,3,43,45,32,23,30,45,58,39,27,77,20,133,113,33,25,35
2025-10-27,36,57,34,25,44,44,38,41,40,57,67,27,27,73,30,138,146,33,25,49
2025-10-28,60,47,39,31,48,40,31,36,41,44,61,43,32,97,25,133,123,29,19,37
2025-10-29,67,60,41,24,31,42,29,32,36,52,67,33,38,74,27,140,130,43,9,36
2025-10-30,65,56,37,31,36,47,25,30,43,36,56,34,33,85,24,142,124,32,25,45
2025-10-31,59,54,28,38,39,39,38,28,34,28,66,39,39,102,17,105,119,37,22,37
2025-11-01,58,52,17,32,40,56,34,19,28,43,62,39,31,81,22,132,130,29,19,34
2025-11-02,53,62,33,25,33,39,36,23,16,47,55,44,31,85,10,112,115,35,8,38
2025-11-03,65,52,35,33,41,47,32,30,33,56,71,33,33,89,37,126,156,29,11,45
2025-11-04,49,64,46,36,31,38,30,27,42,43,58,34,29,98,23,123,137,35,25,41
2025-11-05,64,58,41,38,29,41,28,38,41,36,63,39,37,62,28,126,138,37,27,42
2025-11-06,57,46,33,37,47,50,30,28,40,36,64,30,38,103,35,124,134,32,16,38
2025-11-07,54,53,27,28,38,35,34,30,43,42,65,33,38,91,26,138,127,38,19,34
2025-11-08,58,55,25,24,32,44,25,26,26,30,59,24,35,81,28,117,110,27,21,30
2025-11-09,62,53,33,25,30,45,19,29,33,27,48,36,29,78,20,118,126,36,21,44
2025-11-10,51,57,40,30,41,54,5,41,38,31,66,31,33,81,37,138,146,41,12,44
2025-11-11,63,53,46,27,32,32,0,36,36,28,65,36,36,92,28,126,135,28,19,39
2025-11-12,72,50,37,25,36,35,8,23,37,38,53,38,30,91,27,92,126,39,21,32
2025-11-13,57,48,39,22,34,39,38,32,39,29,49,35,37,87,27,131,142,32,18,47
2025-11-14,55,51,31,34,43,42,47,21,38,37,56,33,38,89,27,124,118,35,18,41
2025-11-15,54,51,28,25,36,39,29,25,22,41,51,32,39,71,19,107,132,20,20,32
2025-11-16,52,58,43,23,31,50,37,25,34,46,59,31,15,80,25,110,122,9,26,43
2025-11-17,40,50,38,43,49,49,38,31,44,57,27,42,27,80,28,91,139,41,16,46
2025-11-18,74,51,37,30,24,47,24,24,38,40,43,39,41,82,29,131,120,37,21,43
2025-11-19,58,48,44,28,50,42,11,28,34,54,55,29,30,75,25,135,138,37,19,36
2025-11-20,57,49,45,36,35,39,32,32,22,42,75,39,33,88,29,116,124,29,19,49
2025-11-21,63,50,45,21,36,46,31,26,42,50,62,31,36,79,27,107,126,36,12,31
2025-11-22,68,66,23,22,41,33,31,23,30,29,61,36,43,90,17,120,129,31,16,36
2025-11-23,39,49,36,27,39,36,25,26,33,35,47,17,27,63,18,115,123,33,24,29
2025-11-24,33,51,35,37,36,50,41,40,39,61,56,30,12,93,34,115,131,14,18,41
2025-11-25,31,52,34,31,37,48,35,24,45,43,53,35,42,64,27,134,133,43,15,52
2025-11-26,44,45,45,31,36,47,28,36,39,43,68,37,19,84,24,124,122,26,19,44
2025-11-27,73,60,37,33,44,43,21,29,42,49,37,23,26,93,36,127,126,40,12,50
2025-11-28,71,54,44,37,36,45,29,31,40,46,70,34,38,81,25,132,121,38,19,46
2025-11-29,72,48,34,30,28,35,32,31,34,35,63,40,28,77,20,119,123,31,19,33
2025-11-30,46,63,31,22,31,36,24,23,34,45,47,37,33,76,28,98,130,33,25,32
2025-12-01,25,24,16,19,20,23,28,17,21,30,37,23,23,52,15,94,101,12,16,24
2025-12-02,83,75,64,34,43,54,35,55,68,72,69,50,39,118,41,132,197,51,48,56
2025-12-03,64,45,35,23,36,39,33,38,43,35,52,41,36,101,26,112,145,24,23,37
2025-12-04,60,61,49,30,37,39,20,22,33,44,60,36,33,85,31,146,132,52,23,44
2025-12-05,63,47,38,22,46,41,30,28,27,40,63,36,35,78,35,128,149,36,29,39
2025-12-06,53,62,35,25,60,43,35,32,34,29,60,29,33,78,30,139,138,26,47,35
2025-12-07,49,40,33,22,45,42,32,26,39,41,58,35,29,71,25,108,120,31,27,54
2025-12-08,48,57,38,28,35,46,27,32,32,52,56,44,34,76,39,97,137,19,12,32
2025-12-09,61,55,45,31,34,55,30,37,47,51,62,29,29,74,26,113,131,23,23,31
2025-12-10,77,57,38,26,39,43,25,42,42,33,59,43,35,92,25,106,141,31,27,50
2025-12-11,50,48,13,31,36,45,24,36,50,44,56,30,30,80,32,121,136,19,17,41
2025-12-12,60,57,46,25,27,46,39,34,37,39,61,31,35,86,25,120,159,26,12,47
2025-12-13,75,56,47,24,35,36,35,30,37,44,27,34,37,93,24,97,147,22,27,36
2025-12-14,60,44,24,20,37,50,27,23,44,35,59,32,27,80,26,126,129,38,16,45
2025-12-15,55,43,31,24,35,40,28,26,46,48,75,31,37,68,31,115,146,25,24,33
2025-12-16,52,53,40,27,38,40,29,34,47,50,65,36,32,78,27,114,157,40,16,39
2025-12-17,61,57,51,30,27,48,32,41,53,38,56,32,34,76,33,107,126,31,18,48
2025-12-18,53,47,50,28,29,39,36,37,46,48,66,37,31,85,35,124,131,34,31,37
2025-12-19,64,64,43,29,43,40,26,31,42,51,61,34,42,83,35,128,155,36,21,45
2025-12-20,43,54,35,25,39,44,34,30,46,43,47,38,33,69,21,99,131,34,22,33
2025-12-21,57,57,32,33,32,37,31,30,43,48,46,34,35,66,33,129,138,41,19,34
2025-12-22,63,63,41,29,39,37,26,32,41,42,64,36,26,87,28,126,140,31,14,41
2025-12-23,62,51,19,20,19,38,23,35,38,35,57,42,30,71,26,99,127,29,26,29
2025-12-24,44,57,25,16,23,26,28,27,36,34,47,32,30,66,14,80,133,32,18,37
2025-12-25,44,42,27,28,23,49,28,33,50,48,50,43,33,65,21,98,176,32,19,53
2025-12-26,50,54,34,30,49,45,28,23,32,38,67,28,42,64,34,128,135,40,16,41
2025-12-27,59,57,34,27,42,40,26,30,30,48,60,29,25,82,27,115,127,32,31,27
2025-12-28,49,65,36,25,31,44,32,26,32,36,59,34,28,67,22,121,132,31,19,23
2025-12-29,57,61,23,39,37,45,34,29,33,39,57,40,32,81,16,106,135,31,27,39
2025-12-30,66,50,17,31,44,48,34,19,16,32,55,29,30,70,14,108,131,33,32,17
2025-12-31,47,45,14,36,32,54,23,8,4,7,42,34,34,80,6,104,122,40,20,7
2026-01-01,39,49,15,38,36,42,28,11,12,10,37,40,31,75,8,86,130,29,23,15
2026-01-02,27,47,20,24,35,42,24,9,24,17,46,27,35,46,14,125,128,31,14,20
2026-01-03,44,54,19,27,42,39,26,11,32,17,66,37,31,55,11,124,129,26,34,12
2026-01-04,47,53,33,27,29,36,36,14,29,33,50,25,27,65,23,82,113,34,15,30
2026-01-05,55,47,42,37,45,47,32,37,48,38,53,48,35,87,27,119,142,31,20,49
2026-01-06,73,44,33,34,36,43,29,23,40,50,59,34,27,97,28,126,117,40,21,45
2026-01-07,59,52,35,32,28,46,28,34,44,50,64,44,37,88,29,106,131,27,24,47
2026-01-08,46,44,22,41,46,45,20,22,39,44,59,26,34,75,20,125,129,42,19,45
2026-01-09,62,63,49,24,32,43,29,43,32,47,62,39,28,80,31,117,117,21,20,45
2026-01-10,41,28,16,27,34,37,31,21,24,34,44,33,17,68,17,107,106,10,10,28
2026-01-11,48,51,19,18,43,40,25,17,19,14,52,38,41,69,11,105,120,46,21,16
2026-01-12,51,62,33,34,42,54,34,22,46,42,62,34,34,81,35,98,142,29,29,44
2026-01-13,68,65,25,42,32,52,29,32,45,41,55,38,30,86,15,103,138,45,25,41
2026-01-14,57,39,49,34,37,41,20,26,38,32,61,46,31,80,25,106,116,41,16,47
2026-01-15,63,61,35,30,33,37,40,37,41,60,58,31,34,81,24,88,142,23,32,44
2026-01-16,54,52,36,37,34,50,30,33,33,37,49,33,24,89,23,51,116,41,25,47
2026-01-17,50,54,38,28,46,39,25,17,41,39,54,41,42,84,20,124,120,30,24,39
2026-01-18,54,51,29,22,27,32,28,35,31,46,58,33,22,66,27,103,118,33,11,34
2026-01-19,58,51,44,31,46,52,27,28,39,49,37,40,24,98,34,103,136,29,21,45
2026-01-20,61,43,31,36,32,46,31,35,40,43,41,33,41,90,28,90,118,33,10,38
2026-01-21,60,43,53,35,25,42,24,37,33,45,64,40,36,76,20,102,149,38,11,39
2026-01-22,72,43,36,29,31,38,24,27,34,47,62,34,34,85,34,139,124,29,32,43
2026-01-23,59,47,34,23,48,50,33,30,43,38,63,31,37,80,31,100,117,37,26,45
2026-01-24,52,59,28,32,40,39,26,35,40,35,58,24,35,74,17,106,137,33,11,41
2026-01-25,48,62,27,26,31,41,33,33,36,25,59,33,30,64,29,112,114,34,37,37
2026-01-26,58,48,44,38,46,50,34,39,47,60,40,35,31,80,27,114,136,38,31,36
2026-01-27,55,43,47,29,39,38,32,38,47,41,77,35,36,80,16,104,136,35,26,43
2026-01-28,56,49,33,22,35,41,22,24,37,59,55,27,32,75,26,104,114,36,24,41
2026-01-29,58,55,47,30,32,32,28,28,49,44,59,36,32,84,23,85,122,32,24,45
2026-01-30,66,58,29,21,46,38,26,28,39,48,48,32,32,65,31,93,151,42,24,46
2026-01-31,54,62,31,32,51,35,24,26,36,34,50,35,29,59,9,96,126,20,20,29
2026-02-01,45,54,33,26,35,32,31,28,37,45,56,26,34,65,33,102,126,22,26,47
2026-02-02,38,57,40,31,40,51,37,31,44,46,52,40,31,74,36,91,138,39,30,38
2026-02-03,44,48,25,32,24,55,32,20,46,44,57,30,30,93,23,112,130,34,26,31
2026-02-04,59,62,41,32,33,34,38,39,33,54,68,36,32,79,20,115,124,27,18,43
2026-02-05,49,53,38,39,38,38,22,31,37,48,50,37,29,78,31,95,132,28,16,48
2026-02-06,67,49,34,38,41,47,33,31,29,39,48,30,27,74,21,72,125,40,24,38
